[{"pk": 1, "model": "cms.placeholder", "fields": {"slot": "body", "default_width": null}}, {"pk": 2, "model": "cms.placeholder", "fields": {"slot": "body", "default_width": null}}, {"pk": 3, "model": "cms.placeholder", "fields": {"slot": "body", "default_width": null}}, {"pk": 4, "model": "cms.placeholder", "fields": {"slot": "body", "default_width": null}}, {"pk": 5, "model": "cms.placeholder", "fields": {"slot": "simple", "default_width": null}}, {"pk": 6, "model": "cms.placeholder", "fields": {"slot": "simple", "default_width": null}}, {"pk": 7, "model": "cms.placeholder", "fields": {"slot": "body", "default_width": null}}, {"pk": 8, "model": "cms.placeholder", "fields": {"slot": "simple", "default_width": null}}, {"pk": 9, "model": "cms.placeholder", "fields": {"slot": "simple", "default_width": null}}, {"pk": 10, "model": "cms.placeholder", "fields": {"slot": "body", "default_width": null}}, {"pk": 11, "model": "cms.placeholder", "fields": {"slot": "simple", "default_width": null}}, {"pk": 12, "model": "cms.placeholder", "fields": {"slot": "simple", "default_width": null}}, {"pk": 13, "model": "cms.placeholder", "fields": {"slot": "body", "default_width": null}}, {"pk": 14, "model": "cms.placeholder", "fields": {"slot": "simple", "default_width": null}}, {"pk": 15, "model": "cms.placeholder", "fields": {"slot": "simple", "default_width": null}}, {"pk": 16, "model": "cms.placeholder", "fields": {"slot": "body", "default_width": null}}, {"pk": 17, "model": "cms.placeholder", "fields": {"slot": "simple", "default_width": null}}, {"pk": 18, "model": "cms.placeholder", "fields": {"slot": "simple", "default_width": null}}, {"pk": 19, "model": "cms.placeholder", "fields": {"slot": "body", "default_width": null}}, {"pk": 20, "model": "cms.placeholder", "fields": {"slot": "body", "default_width": null}}, {"pk": 21, "model": "cms.placeholder", "fields": {"slot": "body", "default_width": null}}, {"pk": 22, "model": "cms.placeholder", "fields": {"slot": "body", "default_width": null}}, {"pk": 23, "model": "cms.placeholder", "fields": {"slot": "body", "default_width": null}}, {"pk": 24, "model": "cms.placeholder", "fields": {"slot": "body", "default_width": null}}, {"pk": 25, "model": "cms.placeholder", "fields": {"slot": "body", "default_width": null}}, {"pk": 26, "model": "cms.placeholder", "fields": {"slot": "body", "default_width": null}}, {"pk": 27, "model": "cms.placeholder", "fields": {"slot": "body", "default_width": null}}, {"pk": 28, "model": "cms.placeholder", "fields": {"slot": "body", "default_width": null}}, {"pk": 29, "model": "cms.placeholder", "fields": {"slot": "body", "default_width": null}}, {"pk": 30, "model": "cms.placeholder", "fields": {"slot": "body", "default_width": null}}, {"pk": 31, "model": "cms.placeholder", "fields": {"slot": "body", "default_width": null}}, {"pk": 32, "model": "cms.placeholder", "fields": {"slot": "body", "default_width": null}}, {"pk": 33, "model": "cms.placeholder", "fields": {"slot": "body", "default_width": null}}, {"pk": 34, "model": "cms.placeholder", "fields": {"slot": "body", "default_width": null}}, {"pk": 35, "model": "cms.placeholder", "fields": {"slot": "body", "default_width": null}}, {"pk": 36, "model": "cms.placeholder", "fields": {"slot": "body", "default_width": null}}, {"pk": 37, "model": "cms.placeholder", "fields": {"slot": "body", "default_width": null}}, {"pk": 38, "model": "cms.placeholder", "fields": {"slot": "body", "default_width": null}}, {"pk": 39, "model": "cms.placeholder", "fields": {"slot": "body", "default_width": null}}, {"pk": 40, "model": "cms.placeholder", "fields": {"slot": "simple", "default_width": null}}, {"pk": 41, "model": "cms.placeholder", "fields": {"slot": "simple", "default_width": null}}, {"pk": 42, "model": "cms.placeholder", "fields": {"slot": "body", "default_width": null}}, {"pk": 43, "model": "cms.placeholder", "fields": {"slot": "simple", "default_width": null}}, {"pk": 44, "model": "cms.placeholder", "fields": {"slot": "simple", "default_width": null}}, {"pk": 45, "model": "cms.placeholder", "fields": {"slot": "body", "default_width": null}}, {"pk": 46, "model": "cms.placeholder", "fields": {"slot": "body", "default_width": null}}, {"pk": 47, "model": "cms.placeholder", "fields": {"slot": "body", "default_width": null}}, {"pk": 48, "model": "cms.placeholder", "fields": {"slot": "description", "default_width": null}}, {"pk": 49, "model": "cms.placeholder", "fields": {"slot": "description", "default_width": null}}, {"pk": 50, "model": "cms.placeholder", "fields": {"slot": "description", "default_width": null}}, {"pk": 51, "model": "cms.placeholder", "fields": {"slot": "description", "default_width": null}}, {"pk": 52, "model": "cms.placeholder", "fields": {"slot": "description", "default_width": null}}, {"pk": 53, "model": "cms.placeholder", "fields": {"slot": "description", "default_width": null}}, {"pk": 54, "model": "cms.placeholder", "fields": {"slot": "description", "default_width": null}}, {"pk": 55, "model": "cms.placeholder", "fields": {"slot": "description", "default_width": null}}, {"pk": 56, "model": "cms.placeholder", "fields": {"slot": "description", "default_width": null}}, {"pk": 57, "model": "cms.placeholder", "fields": {"slot": "description", "default_width": null}}, {"pk": 58, "model": "cms.placeholder", "fields": {"slot": "description", "default_width": null}}, {"pk": 59, "model": "cms.placeholder", "fields": {"slot": "description", "default_width": null}}, {"pk": 60, "model": "cms.placeholder", "fields": {"slot": "description", "default_width": null}}, {"pk": 61, "model": "cms.placeholder", "fields": {"slot": "body", "default_width": null}}, {"pk": 62, "model": "cms.placeholder", "fields": {"slot": "body", "default_width": null}}, {"pk": 63, "model": "cms.placeholder", "fields": {"slot": "body", "default_width": null}}, {"pk": 64, "model": "cms.placeholder", "fields": {"slot": "body", "default_width": null}}, {"pk": 65, "model": "cms.placeholder", "fields": {"slot": "body", "default_width": null}}, {"pk": 66, "model": "cms.placeholder", "fields": {"slot": "body", "default_width": null}}, {"pk": 67, "model": "cms.placeholder", "fields": {"slot": "body", "default_width": null}}, {"pk": 68, "model": "cms.placeholder", "fields": {"slot": "description", "default_width": null}}, {"pk": 69, "model": "cms.placeholder", "fields": {"slot": "body", "default_width": null}}, {"pk": 70, "model": "cms.placeholder", "fields": {"slot": "body", "default_width": null}}, {"pk": 71, "model": "cms.placeholder", "fields": {"slot": "body", "default_width": null}}, {"pk": 72, "model": "cms.placeholder", "fields": {"slot": "description", "default_width": null}}, {"pk": 73, "model": "cms.placeholder", "fields": {"slot": "body", "default_width": null}}, {"pk": 74, "model": "cms.placeholder", "fields": {"slot": "inserter", "default_width": null}}, {"pk": 75, "model": "cms.placeholder", "fields": {"slot": "inserter", "default_width": null}}, {"pk": 76, "model": "cms.placeholder", "fields": {"slot": "inserter", "default_width": null}}, {"pk": 77, "model": "cms.placeholder", "fields": {"slot": "insert", "default_width": null}}, {"pk": 78, "model": "cms.placeholder", "fields": {"slot": "insert", "default_width": null}}, {"pk": 79, "model": "cms.placeholder", "fields": {"slot": "body", "default_width": null}}, {"pk": 80, "model": "cms.placeholder", "fields": {"slot": "body", "default_width": null}}, {"pk": 81, "model": "cms.placeholder", "fields": {"slot": "body", "default_width": null}}, {"pk": 82, "model": "cms.placeholder", "fields": {"slot": "body", "default_width": null}}, {"pk": 83, "model": "cms.placeholder", "fields": {"slot": "body", "default_width": null}}, {"pk": 84, "model": "cms.placeholder", "fields": {"slot": "body", "default_width": null}}, {"pk": 85, "model": "cms.placeholder", "fields": {"slot": "body", "default_width": null}}, {"pk": 86, "model": "cms.placeholder", "fields": {"slot": "body", "default_width": null}}, {"pk": 87, "model": "cms.placeholder", "fields": {"slot": "body", "default_width": null}}, {"pk": 88, "model": "cms.placeholder", "fields": {"slot": "body", "default_width": null}}, {"pk": 89, "model": "cms.placeholder", "fields": {"slot": "body", "default_width": null}}, {"pk": 90, "model": "cms.placeholder", "fields": {"slot": "body", "default_width": null}}, {"pk": 91, "model": "cms.placeholder", "fields": {"slot": "body", "default_width": null}}, {"pk": 92, "model": "cms.placeholder", "fields": {"slot": "body", "default_width": null}}, {"pk": 93, "model": "cms.placeholder", "fields": {"slot": "body", "default_width": null}}, {"pk": 94, "model": "cms.placeholder", "fields": {"slot": "body", "default_width": null}}, {"pk": 95, "model": "cms.placeholder", "fields": {"slot": "body", "default_width": null}}, {"pk": 96, "model": "cms.placeholder", "fields": {"slot": "body", "default_width": null}}, {"pk": 97, "model": "cms.placeholder", "fields": {"slot": "insert", "default_width": null}}, {"pk": 98, "model": "cms.placeholder", "fields": {"slot": "body", "default_width": null}}, {"pk": 99, "model": "cms.placeholder", "fields": {"slot": "body", "default_width": null}}, {"pk": 100, "model": "cms.placeholder", "fields": {"slot": "body", "default_width": null}}, {"pk": 101, "model": "cms.placeholder", "fields": {"slot": "body", "default_width": null}}, {"pk": 102, "model": "cms.placeholder", "fields": {"slot": "body", "default_width": null}}, {"pk": 103, "model": "cms.placeholder", "fields": {"slot": "body", "default_width": null}}, {"pk": 104, "model": "cms.placeholder", "fields": {"slot": "body", "default_width": null}}, {"pk": 105, "model": "cms.placeholder", "fields": {"slot": "body", "default_width": null}}, {"pk": 106, "model": "cms.placeholder", "fields": {"slot": "body", "default_width": null}}, {"pk": 107, "model": "cms.placeholder", "fields": {"slot": "body", "default_width": null}}, {"pk": 108, "model": "cms.placeholder", "fields": {"slot": "body", "default_width": null}}, {"pk": 109, "model": "cms.placeholder", "fields": {"slot": "body", "default_width": null}}, {"pk": 110, "model": "cms.placeholder", "fields": {"slot": "body", "default_width": null}}, {"pk": 111, "model": "cms.placeholder", "fields": {"slot": "body", "default_width": null}}, {"pk": 112, "model": "cms.placeholder", "fields": {"slot": "body", "default_width": null}}, {"pk": 113, "model": "cms.placeholder", "fields": {"slot": "body", "default_width": null}}, {"pk": 114, "model": "cms.placeholder", "fields": {"slot": "body", "default_width": null}}, {"pk": 115, "model": "cms.placeholder", "fields": {"slot": "body", "default_width": null}}, {"pk": 116, "model": "cms.placeholder", "fields": {"slot": "body", "default_width": null}}, {"pk": 117, "model": "cms.placeholder", "fields": {"slot": "description", "default_width": null}}, {"pk": 118, "model": "cms.placeholder", "fields": {"slot": "body", "default_width": null}}, {"pk": 120, "model": "cms.placeholder", "fields": {"slot": "body", "default_width": null}}, {"pk": 121, "model": "cms.placeholder", "fields": {"slot": "body", "default_width": null}}, {"pk": 122, "model": "cms.placeholder", "fields": {"slot": "body", "default_width": null}}, {"pk": 123, "model": "cms.placeholder", "fields": {"slot": "body", "default_width": null}}, {"pk": 124, "model": "cms.placeholder", "fields": {"slot": "body", "default_width": null}}, {"pk": 125, "model": "cms.placeholder", "fields": {"slot": "body", "default_width": null}}, {"pk": 126, "model": "cms.placeholder", "fields": {"slot": "body", "default_width": null}}, {"pk": 127, "model": "cms.placeholder", "fields": {"slot": "body", "default_width": null}}, {"pk": 128, "model": "cms.placeholder", "fields": {"slot": "body", "default_width": null}}, {"pk": 129, "model": "cms.placeholder", "fields": {"slot": "body", "default_width": null}}, {"pk": 130, "model": "cms.placeholder", "fields": {"slot": "body", "default_width": null}}, {"pk": 131, "model": "cms.placeholder", "fields": {"slot": "body", "default_width": null}}, {"pk": 132, "model": "cms.placeholder", "fields": {"slot": "body", "default_width": null}}, {"pk": 133, "model": "cms.placeholder", "fields": {"slot": "body", "default_width": null}}, {"pk": 134, "model": "cms.placeholder", "fields": {"slot": "body", "default_width": null}}, {"pk": 135, "model": "cms.placeholder", "fields": {"slot": "body", "default_width": null}}, {"pk": 136, "model": "cms.placeholder", "fields": {"slot": "body", "default_width": null}}, {"pk": 137, "model": "cms.placeholder", "fields": {"slot": "body", "default_width": null}}, {"pk": 138, "model": "cms.placeholder", "fields": {"slot": "body", "default_width": null}}, {"pk": 139, "model": "cms.placeholder", "fields": {"slot": "body", "default_width": null}}, {"pk": 140, "model": "cms.placeholder", "fields": {"slot": "body", "default_width": null}}, {"pk": 141, "model": "cms.placeholder", "fields": {"slot": "body", "default_width": null}}, {"pk": 142, "model": "cms.placeholder", "fields": {"slot": "body", "default_width": null}}, {"pk": 143, "model": "cms.placeholder", "fields": {"slot": "body", "default_width": null}}, {"pk": 144, "model": "cms.placeholder", "fields": {"slot": "body", "default_width": null}}, {"pk": 145, "model": "cms.placeholder", "fields": {"slot": "body", "default_width": null}}, {"pk": 146, "model": "cms.placeholder", "fields": {"slot": "body", "default_width": null}}, {"pk": 147, "model": "cms.placeholder", "fields": {"slot": "body", "default_width": null}}, {"pk": 148, "model": "cms.placeholder", "fields": {"slot": "body", "default_width": null}}, {"pk": 149, "model": "cms.placeholder", "fields": {"slot": "body", "default_width": null}}, {"pk": 150, "model": "cms.placeholder", "fields": {"slot": "body", "default_width": null}}, {"pk": 151, "model": "cms.placeholder", "fields": {"slot": "body", "default_width": null}}, {"pk": 152, "model": "cms.placeholder", "fields": {"slot": "body", "default_width": null}}, {"pk": 153, "model": "cms.placeholder", "fields": {"slot": "body", "default_width": null}}, {"pk": 154, "model": "cms.placeholder", "fields": {"slot": "body", "default_width": null}}, {"pk": 155, "model": "cms.placeholder", "fields": {"slot": "body", "default_width": null}}, {"pk": 156, "model": "cms.placeholder", "fields": {"slot": "body", "default_width": null}}, {"pk": 157, "model": "cms.placeholder", "fields": {"slot": "body", "default_width": null}}, {"pk": 158, "model": "cms.placeholder", "fields": {"slot": "body", "default_width": null}}, {"pk": 159, "model": "cms.placeholder", "fields": {"slot": "body", "default_width": null}}, {"pk": 160, "model": "cms.placeholder", "fields": {"slot": "body", "default_width": null}}, {"pk": 161, "model": "cms.placeholder", "fields": {"slot": "body", "default_width": null}}, {"pk": 162, "model": "cms.placeholder", "fields": {"slot": "body", "default_width": null}}, {"pk": 163, "model": "cms.placeholder", "fields": {"slot": "body", "default_width": null}}, {"pk": 164, "model": "cms.placeholder", "fields": {"slot": "body", "default_width": null}}, {"pk": 165, "model": "cms.placeholder", "fields": {"slot": "body", "default_width": null}}, {"pk": 166, "model": "cms.placeholder", "fields": {"slot": "body", "default_width": null}}, {"pk": 167, "model": "cms.placeholder", "fields": {"slot": "body", "default_width": null}}, {"pk": 168, "model": "cms.placeholder", "fields": {"slot": "body", "default_width": null}}, {"pk": 169, "model": "cms.placeholder", "fields": {"slot": "body", "default_width": null}}, {"pk": 170, "model": "cms.placeholder", "fields": {"slot": "body", "default_width": null}}, {"pk": 171, "model": "cms.placeholder", "fields": {"slot": "body", "default_width": null}}, {"pk": 172, "model": "cms.placeholder", "fields": {"slot": "body", "default_width": null}}, {"pk": 173, "model": "cms.placeholder", "fields": {"slot": "body", "default_width": null}}, {"pk": 174, "model": "cms.placeholder", "fields": {"slot": "body", "default_width": null}}, {"pk": 175, "model": "cms.placeholder", "fields": {"slot": "body", "default_width": null}}, {"pk": 176, "model": "cms.placeholder", "fields": {"slot": "body", "default_width": null}}, {"pk": 177, "model": "cms.placeholder", "fields": {"slot": "body", "default_width": null}}, {"pk": 178, "model": "cms.placeholder", "fields": {"slot": "body", "default_width": null}}, {"pk": 179, "model": "cms.placeholder", "fields": {"slot": "body", "default_width": null}}, {"pk": 180, "model": "cms.placeholder", "fields": {"slot": "body", "default_width": null}}, {"pk": 181, "model": "cms.placeholder", "fields": {"slot": "body", "default_width": null}}, {"pk": 182, "model": "cms.placeholder", "fields": {"slot": "body", "default_width": null}}, {"pk": 183, "model": "cms.placeholder", "fields": {"slot": "body", "default_width": null}}, {"pk": 184, "model": "cms.placeholder", "fields": {"slot": "body", "default_width": null}}, {"pk": 185, "model": "cms.placeholder", "fields": {"slot": "body", "default_width": null}}, {"pk": 186, "model": "cms.placeholder", "fields": {"slot": "body", "default_width": null}}, {"pk": 187, "model": "cms.placeholder", "fields": {"slot": "body", "default_width": null}}, {"pk": 188, "model": "cms.placeholder", "fields": {"slot": "body", "default_width": null}}, {"pk": 189, "model": "cms.placeholder", "fields": {"slot": "body", "default_width": null}}, {"pk": 190, "model": "cms.placeholder", "fields": {"slot": "body", "default_width": null}}, {"pk": 191, "model": "cms.placeholder", "fields": {"slot": "body", "default_width": null}}, {"pk": 192, "model": "cms.placeholder", "fields": {"slot": "body", "default_width": null}}, {"pk": 193, "model": "cms.placeholder", "fields": {"slot": "body", "default_width": null}}, {"pk": 194, "model": "cms.placeholder", "fields": {"slot": "body", "default_width": null}}, {"pk": 195, "model": "cms.placeholder", "fields": {"slot": "body", "default_width": null}}, {"pk": 196, "model": "cms.placeholder", "fields": {"slot": "body", "default_width": null}}, {"pk": 197, "model": "cms.placeholder", "fields": {"slot": "body", "default_width": null}}, {"pk": 198, "model": "cms.placeholder", "fields": {"slot": "body", "default_width": null}}, {"pk": 199, "model": "cms.placeholder", "fields": {"slot": "body", "default_width": null}}, {"pk": 200, "model": "cms.placeholder", "fields": {"slot": "body", "default_width": null}}, {"pk": 201, "model": "cms.placeholder", "fields": {"slot": "body", "default_width": null}}, {"pk": 202, "model": "cms.placeholder", "fields": {"slot": "body", "default_width": null}}, {"pk": 203, "model": "cms.placeholder", "fields": {"slot": "body", "default_width": null}}, {"pk": 204, "model": "cms.placeholder", "fields": {"slot": "body", "default_width": null}}, {"pk": 205, "model": "cms.placeholder", "fields": {"slot": "body", "default_width": null}}, {"pk": 206, "model": "cms.placeholder", "fields": {"slot": "body", "default_width": null}}, {"pk": 207, "model": "cms.placeholder", "fields": {"slot": "body", "default_width": null}}, {"pk": 208, "model": "cms.placeholder", "fields": {"slot": "body", "default_width": null}}, {"pk": 209, "model": "cms.placeholder", "fields": {"slot": "body", "default_width": null}}, {"pk": 210, "model": "cms.placeholder", "fields": {"slot": "body", "default_width": null}}, {"pk": 211, "model": "cms.placeholder", "fields": {"slot": "body", "default_width": null}}, {"pk": 212, "model": "cms.placeholder", "fields": {"slot": "body", "default_width": null}}, {"pk": 213, "model": "cms.placeholder", "fields": {"slot": "body", "default_width": null}}, {"pk": 214, "model": "cms.placeholder", "fields": {"slot": "body", "default_width": null}}, {"pk": 215, "model": "cms.placeholder", "fields": {"slot": "body", "default_width": null}}, {"pk": 216, "model": "cms.placeholder", "fields": {"slot": "body", "default_width": null}}, {"pk": 217, "model": "cms.placeholder", "fields": {"slot": "body", "default_width": null}}, {"pk": 218, "model": "cms.placeholder", "fields": {"slot": "body", "default_width": null}}, {"pk": 219, "model": "cms.placeholder", "fields": {"slot": "body", "default_width": null}}, {"pk": 220, "model": "cms.placeholder", "fields": {"slot": "body", "default_width": null}}, {"pk": 221, "model": "cms.placeholder", "fields": {"slot": "body", "default_width": null}}, {"pk": 222, "model": "cms.placeholder", "fields": {"slot": "body", "default_width": null}}, {"pk": 223, "model": "cms.placeholder", "fields": {"slot": "body", "default_width": null}}, {"pk": 224, "model": "cms.placeholder", "fields": {"slot": "body", "default_width": null}}, {"pk": 225, "model": "cms.placeholder", "fields": {"slot": "body", "default_width": null}}, {"pk": 226, "model": "cms.placeholder", "fields": {"slot": "body", "default_width": null}}, {"pk": 227, "model": "cms.placeholder", "fields": {"slot": "body", "default_width": null}}, {"pk": 228, "model": "cms.placeholder", "fields": {"slot": "body", "default_width": null}}, {"pk": 229, "model": "cms.placeholder", "fields": {"slot": "body", "default_width": null}}, {"pk": 230, "model": "cms.placeholder", "fields": {"slot": "body", "default_width": null}}, {"pk": 231, "model": "cms.placeholder", "fields": {"slot": "body", "default_width": null}}, {"pk": 232, "model": "cms.placeholder", "fields": {"slot": "body", "default_width": null}}, {"pk": 233, "model": "cms.placeholder", "fields": {"slot": "body", "default_width": null}}, {"pk": 234, "model": "cms.placeholder", "fields": {"slot": "body", "default_width": null}}, {"pk": 235, "model": "cms.placeholder", "fields": {"slot": "body", "default_width": null}}, {"pk": 236, "model": "cms.placeholder", "fields": {"slot": "body", "default_width": null}}, {"pk": 237, "model": "cms.placeholder", "fields": {"slot": "body", "default_width": null}}, {"pk": 238, "model": "cms.placeholder", "fields": {"slot": "body", "default_width": null}}, {"pk": 239, "model": "cms.placeholder", "fields": {"slot": "body", "default_width": null}}, {"pk": 240, "model": "cms.placeholder", "fields": {"slot": "body", "default_width": null}}, {"pk": 241, "model": "cms.placeholder", "fields": {"slot": "body", "default_width": null}}, {"pk": 1, "model": "cms.cmsplugin", "fields": {"rght": 28, "parent": null, "language": "en", "level": 0, "creation_date": "2011-06-21 16:05:50", "lft": 1, "tree_id": 1, "position": 0, "placeholder": 1, "plugin_type": "SemanticTextPlugin"}}, {"pk": 10, "model": "cms.cmsplugin", "fields": {"rght": 5, "parent": 1, "language": "en", "level": 1, "creation_date": "2011-06-30 17:03:08", "lft": 4, "tree_id": 1, "position": 0, "placeholder": 1, "plugin_type": "CMSNewsAndEventsPlugin"}}, {"pk": 12, "model": "cms.cmsplugin", "fields": {"rght": 7, "parent": 1, "language": "en", "level": 1, "creation_date": "2011-06-30 17:12:54", "lft": 6, "tree_id": 1, "position": 1, "placeholder": 1, "plugin_type": "CMSNewsAndEventsPlugin"}}, {"pk": 13, "model": "cms.cmsplugin", "fields": {"rght": 2, "parent": null, "language": "en", "level": 0, "creation_date": "2011-06-30 17:55:44", "lft": 1, "tree_id": 3, "position": null, "placeholder": 33, "plugin_type": "SemanticTextPlugin"}}, {"pk": 14, "model": "cms.cmsplugin", "fields": {"rght": 10, "parent": null, "language": "en", "level": 0, "creation_date": "2011-06-30 19:21:17", "lft": 1, "tree_id": 4, "position": null, "placeholder": 67, "plugin_type": "SemanticTextPlugin"}}, {"pk": 15, "model": "cms.cmsplugin", "fields": {"rght": 3, "parent": 14, "language": "en", "level": 1, "creation_date": "2011-06-30 19:24:53", "lft": 2, "tree_id": 4, "position": 1, "placeholder": 67, "plugin_type": "LinksPlugin"}}, {"pk": 16, "model": "cms.cmsplugin", "fields": {"rght": 2, "parent": null, "language": "en", "level": 0, "creation_date": "2011-07-01 01:04:30", "lft": 1, "tree_id": 5, "position": null, "placeholder": 69, "plugin_type": "SemanticTextPlugin"}}, {"pk": 20, "model": "cms.cmsplugin", "fields": {"rght": 5, "parent": 14, "language": "en", "level": 1, "creation_date": "2011-07-02 01:09:18", "lft": 4, "tree_id": 4, "position": 1, "placeholder": 67, "plugin_type": "CMSNewsAndEventsPlugin"}}, {"pk": 21, "model": "cms.cmsplugin", "fields": {"rght": 4, "parent": null, "language": "en", "level": 0, "creation_date": "2011-07-02 11:12:23", "lft": 1, "tree_id": 6, "position": null, "placeholder": 74, "plugin_type": "SemanticTextPlugin"}}, {"pk": 22, "model": "cms.cmsplugin", "fields": {"rght": 2, "parent": null, "language": "en", "level": 0, "creation_date": "2011-07-02 11:30:00", "lft": 1, "tree_id": 7, "position": null, "placeholder": 71, "plugin_type": "SemanticTextPlugin"}}, {"pk": 24, "model": "cms.cmsplugin", "fields": {"rght": 3, "parent": 21, "language": "en", "level": 1, "creation_date": "2011-07-02 16:23:25", "lft": 2, "tree_id": 6, "position": null, "placeholder": 74, "plugin_type": "CMSNewsAndEventsPlugin"}}, {"pk": 25, "model": "cms.cmsplugin", "fields": {"rght": 4, "parent": null, "language": "en", "level": 0, "creation_date": "2011-07-02 18:44:38", "lft": 1, "tree_id": 8, "position": null, "placeholder": 78, "plugin_type": "SemanticTextPlugin"}}, {"pk": 26, "model": "cms.cmsplugin", "fields": {"rght": 3, "parent": 25, "language": "en", "level": 1, "creation_date": "2011-07-02 18:47:16", "lft": 2, "tree_id": 8, "position": null, "placeholder": 78, "plugin_type": "CMSNewsAndEventsPlugin"}}, {"pk": 27, "model": "cms.cmsplugin", "fields": {"rght": 23, "parent": 1, "language": "en", "level": 1, "creation_date": "2011-07-05 22:10:34", "lft": 22, "tree_id": 1, "position": null, "placeholder": 1, "plugin_type": "FilerImagePlugin"}}, {"pk": 29, "model": "cms.cmsplugin", "fields": {"rght": 2, "parent": null, "language": "en", "level": 0, "creation_date": "2011-07-05 22:13:23", "lft": 1, "tree_id": 9, "position": 0, "placeholder": 31, "plugin_type": "CMSVacanciesPlugin"}}, {"pk": 35, "model": "cms.cmsplugin", "fields": {"rght": 8, "parent": null, "language": "en", "level": 0, "creation_date": "2011-07-06 21:06:59", "lft": 1, "tree_id": 14, "position": 0, "placeholder": 116, "plugin_type": "SemanticTextPlugin"}}, {"pk": 36, "model": "cms.cmsplugin", "fields": {"rght": 3, "parent": 35, "language": "en", "level": 1, "creation_date": "2011-07-06 21:07:17", "lft": 2, "tree_id": 14, "position": null, "placeholder": 116, "plugin_type": "CMSVacanciesPlugin"}}, {"pk": 37, "model": "cms.cmsplugin", "fields": {"rght": 5, "parent": 35, "language": "en", "level": 1, "creation_date": "2011-07-06 21:07:28", "lft": 4, "tree_id": 14, "position": null, "placeholder": 116, "plugin_type": "CMSVacanciesPlugin"}}, {"pk": 38, "model": "cms.cmsplugin", "fields": {"rght": 7, "parent": 35, "language": "en", "level": 1, "creation_date": "2011-07-06 21:07:54", "lft": 6, "tree_id": 14, "position": null, "placeholder": 116, "plugin_type": "CMSVacanciesPlugin"}}, {"pk": 41, "model": "cms.cmsplugin", "fields": {"rght": 14, "parent": null, "language": "en", "level": 0, "creation_date": "2011-07-10 22:34:29", "lft": 1, "tree_id": 16, "position": 1, "placeholder": 96, "plugin_type": "SemanticTextPlugin"}}, {"pk": 43, "model": "cms.cmsplugin", "fields": {"rght": 3, "parent": 41, "language": "en", "level": 1, "creation_date": "2011-07-10 22:38:17", "lft": 2, "tree_id": 16, "position": 0, "placeholder": 96, "plugin_type": "CMSNewsAndEventsPlugin"}}, {"pk": 44, "model": "cms.cmsplugin", "fields": {"rght": 5, "parent": 41, "language": "en", "level": 1, "creation_date": "2011-07-10 22:40:51", "lft": 4, "tree_id": 16, "position": 1, "placeholder": 96, "plugin_type": "CMSNewsAndEventsPlugin"}}, {"pk": 45, "model": "cms.cmsplugin", "fields": {"rght": 7, "parent": 41, "language": "en", "level": 1, "creation_date": "2011-07-10 22:44:07", "lft": 6, "tree_id": 16, "position": 2, "placeholder": 96, "plugin_type": "CMSNewsAndEventsPlugin"}}, {"pk": 56, "model": "cms.cmsplugin", "fields": {"rght": 9, "parent": 41, "language": "en", "level": 1, "creation_date": "2011-07-14 22:56:40", "lft": 8, "tree_id": 16, "position": 3, "placeholder": 96, "plugin_type": "CMSNewsAndEventsPlugin"}}, {"pk": 57, "model": "cms.cmsplugin", "fields": {"rght": 13, "parent": 41, "language": "en", "level": 1, "creation_date": "2011-07-27 11:49:51", "lft": 12, "tree_id": 16, "position": null, "placeholder": 96, "plugin_type": "LinksPlugin"}}, {"pk": 58, "model": "cms.cmsplugin", "fields": {"rght": 14, "parent": null, "language": "en", "level": 0, "creation_date": "2011-07-28 15:08:12", "lft": 1, "tree_id": 17, "position": 0, "placeholder": 122, "plugin_type": "SemanticTextPlugin"}}, {"pk": 60, "model": "cms.cmsplugin", "fields": {"rght": 3, "parent": 58, "language": "en", "level": 1, "creation_date": "2011-07-28 15:10:34", "lft": 2, "tree_id": 17, "position": null, "placeholder": 122, "plugin_type": "FilerImagePlugin"}}, {"pk": 61, "model": "cms.cmsplugin", "fields": {"rght": 5, "parent": 58, "language": "en", "level": 1, "creation_date": "2011-07-28 15:11:28", "lft": 4, "tree_id": 17, "position": null, "placeholder": 122, "plugin_type": "FilerImagePlugin"}}, {"pk": 62, "model": "cms.cmsplugin", "fields": {"rght": 7, "parent": 58, "language": "en", "level": 1, "creation_date": "2011-07-28 15:12:08", "lft": 6, "tree_id": 17, "position": null, "placeholder": 122, "plugin_type": "FilerImagePlugin"}}, {"pk": 63, "model": "cms.cmsplugin", "fields": {"rght": 9, "parent": 58, "language": "en", "level": 1, "creation_date": "2011-07-28 15:12:36", "lft": 8, "tree_id": 17, "position": null, "placeholder": 122, "plugin_type": "FilerImagePlugin"}}, {"pk": 64, "model": "cms.cmsplugin", "fields": {"rght": 11, "parent": 58, "language": "en", "level": 1, "creation_date": "2011-07-28 15:21:35", "lft": 10, "tree_id": 17, "position": null, "placeholder": 122, "plugin_type": "FilerImagePlugin"}}, {"pk": 65, "model": "cms.cmsplugin", "fields": {"rght": 13, "parent": 58, "language": "en", "level": 1, "creation_date": "2011-07-28 22:59:21", "lft": 12, "tree_id": 17, "position": null, "placeholder": 122, "plugin_type": "LinksPlugin"}}, {"pk": 66, "model": "cms.cmsplugin", "fields": {"rght": 25, "parent": 1, "language": "en", "level": 1, "creation_date": "2011-07-28 23:40:54", "lft": 24, "tree_id": 1, "position": null, "placeholder": 1, "plugin_type": "FilerImagePlugin"}}, {"pk": 67, "model": "cms.cmsplugin", "fields": {"rght": 27, "parent": 1, "language": "en", "level": 1, "creation_date": "2011-07-28 23:41:38", "lft": 26, "tree_id": 1, "position": null, "placeholder": 1, "plugin_type": "FilerImagePlugin"}}, {"pk": 68, "model": "cms.cmsplugin", "fields": {"rght": 2, "parent": null, "language": "en", "level": 0, "creation_date": "2011-07-31 10:06:34", "lft": 1, "tree_id": 18, "position": 0, "placeholder": 152, "plugin_type": "SemanticTextPlugin"}}, {"pk": 69, "model": "cms.cmsplugin", "fields": {"rght": 2, "parent": null, "language": "en", "level": 0, "creation_date": "2011-09-29 11:18:12", "lft": 1, "tree_id": 19, "position": null, "placeholder": 101, "plugin_type": "SemanticTextPlugin"}}, {"pk": 1, "model": "cms.page", "fields": {"rght": 28, "navigation_extenders": "", "site": 1, "creation_date": "2011-06-21 16:04:48", "lft": 1, "in_navigation": true, "reverse_id": null, "login_required": false, "created_by": "sagdp6", "publication_end_date": null, "moderator_state": 0, "template": "institute.html", "tree_id": 1, "placeholders": [1], "changed_date": "2011-10-03 18:04:20", "limit_visibility_in_menu": null, "parent": null, "publisher_state": 1, "soft_root": false, "publication_date": "2011-06-21 16:05:44", "publisher_public": null, "level": 0, "changed_by": "arkestra", "publisher_is_draft": true, "published": true}}, {"pk": 8, "model": "cms.page", "fields": {"rght": 7, "navigation_extenders": "", "site": 1, "creation_date": "2011-07-05 23:17:27", "lft": 2, "in_navigation": true, "reverse_id": null, "login_required": false, "created_by": "arkestra", "publication_end_date": null, "moderator_state": 0, "template": "INHERIT", "tree_id": 1, "placeholders": [86], "changed_date": "2011-07-05 23:17:42", "limit_visibility_in_menu": null, "parent": 1, "publisher_state": 1, "soft_root": false, "publication_date": "2011-07-05 23:17:38", "publisher_public": null, "level": 1, "changed_by": "arkestra", "publisher_is_draft": true, "published": true}}, {"pk": 9, "model": "cms.page", "fields": {"rght": 4, "navigation_extenders": "", "site": 1, "creation_date": "2011-07-05 23:18:00", "lft": 3, "in_navigation": true, "reverse_id": null, "login_required": false, "created_by": "arkestra", "publication_end_date": null, "moderator_state": 0, "template": "INHERIT", "tree_id": 1, "placeholders": [87], "changed_date": "2011-07-05 23:20:28", "limit_visibility_in_menu": null, "parent": 8, "publisher_state": 1, "soft_root": false, "publication_date": "2011-07-05 23:18:23", "publisher_public": null, "level": 2, "changed_by": "arkestra", "publisher_is_draft": true, "published": true}}, {"pk": 5, "model": "cms.page", "fields": {"rght": 6, "navigation_extenders": "", "site": 1, "creation_date": "2011-06-22 08:03:22", "lft": 5, "in_navigation": true, "reverse_id": null, "login_required": false, "created_by": "sagdp6", "publication_end_date": null, "moderator_state": 0, "template": "INHERIT", "tree_id": 1, "placeholders": [31], "changed_date": "2011-07-28 23:18:51", "limit_visibility_in_menu": null, "parent": 8, "publisher_state": 1, "soft_root": false, "publication_date": "2011-06-22 08:03:36", "publisher_public": null, "level": 2, "changed_by": "arkestra", "publisher_is_draft": true, "published": true}}, {"pk": 7, "model": "cms.page", "fields": {"rght": 17, "navigation_extenders": "", "site": 1, "creation_date": "2011-06-30 00:56:18", "lft": 8, "in_navigation": true, "reverse_id": null, "login_required": false, "created_by": "sagdp6", "publication_end_date": null, "moderator_state": 0, "template": "INHERIT", "tree_id": 1, "placeholders": [61], "changed_date": "2011-06-30 18:44:37", "limit_visibility_in_menu": null, "parent": 1, "publisher_state": 1, "soft_root": false, "publication_date": "2011-06-30 00:56:23", "publisher_public": null, "level": 1, "changed_by": "sagdp6", "publisher_is_draft": true, "published": true}}, {"pk": 2, "model": "cms.page", "fields": {"rght": 10, "navigation_extenders": "", "site": 1, "creation_date": "2011-06-21 16:33:32", "lft": 9, "in_navigation": true, "reverse_id": null, "login_required": false, "created_by": "sagdp6", "publication_end_date": null, "moderator_state": 0, "template": "INHERIT", "tree_id": 1, "placeholders": [19], "changed_date": "2011-07-27 15:40:13", "limit_visibility_in_menu": null, "parent": 7, "publisher_state": 1, "soft_root": false, "publication_date": "2011-06-21 16:35:51", "publisher_public": null, "level": 2, "changed_by": "arkestra", "publisher_is_draft": true, "published": true}}, {"pk": 3, "model": "cms.page", "fields": {"rght": 12, "navigation_extenders": "", "site": 1, "creation_date": "2011-06-22 08:02:56", "lft": 11, "in_navigation": true, "reverse_id": null, "login_required": false, "created_by": "sagdp6", "publication_end_date": null, "moderator_state": 0, "template": "INHERIT", "tree_id": 1, "placeholders": [29], "changed_date": "2011-07-27 15:40:18", "limit_visibility_in_menu": null, "parent": 7, "publisher_state": 1, "soft_root": false, "publication_date": "2011-06-22 08:03:34", "publisher_public": null, "level": 2, "changed_by": "arkestra", "publisher_is_draft": true, "published": true}}, {"pk": 4, "model": "cms.page", "fields": {"rght": 14, "navigation_extenders": "", "site": 1, "creation_date": "2011-06-22 08:03:12", "lft": 13, "in_navigation": true, "reverse_id": null, "login_required": false, "created_by": "sagdp6", "publication_end_date": null, "moderator_state": 0, "template": "INHERIT", "tree_id": 1, "placeholders": [30], "changed_date": "2011-07-27 12:56:57", "limit_visibility_in_menu": null, "parent": 7, "publisher_state": 1, "soft_root": false, "publication_date": "2011-06-22 08:03:34", "publisher_public": null, "level": 2, "changed_by": "arkestra", "publisher_is_draft": true, "published": true}}, {"pk": 14, "model": "cms.page", "fields": {"rght": 16, "navigation_extenders": "", "site": 1, "creation_date": "2011-07-28 16:19:00", "lft": 15, "in_navigation": true, "reverse_id": null, "login_required": false, "created_by": "arkestra", "publication_end_date": null, "moderator_state": 0, "template": "INHERIT", "tree_id": 1, "placeholders": [123], "changed_date": "2011-07-28 16:19:36", "limit_visibility_in_menu": null, "parent": 7, "publisher_state": 1, "soft_root": false, "publication_date": "2011-07-28 16:19:36", "publisher_public": null, "level": 2, "changed_by": "arkestra", "publisher_is_draft": true, "published": true}}, {"pk": 6, "model": "cms.page", "fields": {"rght": 27, "navigation_extenders": "", "site": 1, "creation_date": "2011-06-22 08:03:52", "lft": 18, "in_navigation": true, "reverse_id": null, "login_required": false, "created_by": "sagdp6", "publication_end_date": null, "moderator_state": 0, "template": "INHERIT", "tree_id": 1, "placeholders": [32], "changed_date": "2011-10-03 18:11:47", "limit_visibility_in_menu": null, "parent": 1, "publisher_state": 1, "soft_root": false, "publication_date": "2011-06-22 08:03:56", "publisher_public": null, "level": 1, "changed_by": "arkestra", "publisher_is_draft": true, "published": true}}, {"pk": 10, "model": "cms.page", "fields": {"rght": 20, "navigation_extenders": "", "site": 1, "creation_date": "2011-07-06 00:08:44", "lft": 19, "in_navigation": true, "reverse_id": null, "login_required": false, "created_by": "arkestra", "publication_end_date": null, "moderator_state": 0, "template": "INHERIT", "tree_id": 1, "placeholders": [96], "changed_date": "2011-07-28 23:01:01", "limit_visibility_in_menu": null, "parent": 6, "publisher_state": 1, "soft_root": false, "publication_date": "2011-07-06 00:26:59", "publisher_public": null, "level": 2, "changed_by": "arkestra", "publisher_is_draft": true, "published": true}}, {"pk": 11, "model": "cms.page", "fields": {"rght": 22, "navigation_extenders": "", "site": 1, "creation_date": "2011-07-06 21:06:14", "lft": 21, "in_navigation": true, "reverse_id": null, "login_required": false, "created_by": "arkestra", "publication_end_date": null, "moderator_state": 0, "template": "INHERIT", "tree_id": 1, "placeholders": [116], "changed_date": "2011-07-28 23:03:40", "limit_visibility_in_menu": null, "parent": 6, "publisher_state": 1, "soft_root": false, "publication_date": "2011-07-06 21:06:29", "publisher_public": null, "level": 2, "changed_by": "arkestra", "publisher_is_draft": true, "published": true}}, {"pk": 13, "model": "cms.page", "fields": {"rght": 24, "navigation_extenders": "", "site": 1, "creation_date": "2011-07-28 15:07:51", "lft": 23, "in_navigation": true, "reverse_id": null, "login_required": false, "created_by": "arkestra", "publication_end_date": null, "moderator_state": 0, "template": "INHERIT", "tree_id": 1, "placeholders": [122], "changed_date": "2011-07-28 22:59:57", "limit_visibility_in_menu": null, "parent": 6, "publisher_state": 1, "soft_root": false, "publication_date": "2011-07-28 22:59:57", "publisher_public": null, "level": 2, "changed_by": "arkestra", "publisher_is_draft": true, "published": true}}, {"pk": 15, "model": "cms.page", "fields": {"rght": 26, "navigation_extenders": "", "site": 1, "creation_date": "2011-07-31 10:06:12", "lft": 25, "in_navigation": true, "reverse_id": null, "login_required": false, "created_by": "arkestra", "publication_end_date": null, "moderator_state": 0, "template": "INHERIT", "tree_id": 1, "placeholders": [152], "changed_date": "2011-10-03 18:11:20", "limit_visibility_in_menu": null, "parent": 6, "publisher_state": 1, "soft_root": false, "publication_date": "2011-07-31 11:54:19", "publisher_public": null, "level": 2, "changed_by": "arkestra", "publisher_is_draft": true, "published": true}}, {"pk": 1, "model": "cms.title", "fields": {"menu_title": "Home", "redirect": "", "meta_keywords": "", "page_title": "", "language": "en", "title": "Institute of Mediaeval Medicine", "has_url_overwrite": false, "application_urls": "", "creation_date": "2011-06-21 16:04:48", "page": 1, "path": "", "meta_description": "The Institute for the Promotion of Mediaeval Medicine works to reverse the advancements of post-15th Century science, and to restore the theories and practices of mediaeval medicine to the status they enjoyed in the Dark Ages", "slug": "institute"}}, {"pk": 2, "model": "cms.title", "fields": {"menu_title": "Dentistry", "redirect": "", "meta_keywords": "", "page_title": "", "language": "en", "title": "Centre for Research into Mediaeval Dentistry", "has_url_overwrite": false, "application_urls": "", "creation_date": "2011-06-21 16:33:32", "page": 2, "path": "research-centres/mediaeval-dentistry", "meta_description": "", "slug": "mediaeval-dentistry"}}, {"pk": 3, "model": "cms.title", "fields": {"menu_title": "Surgery", "redirect": "", "meta_keywords": "", "page_title": "", "language": "en", "title": "Centre for Research into Mediaeval Surgery", "has_url_overwrite": false, "application_urls": "", "creation_date": "2011-06-22 08:02:56", "page": 3, "path": "research-centres/mediaeval-surgery", "meta_description": "", "slug": "mediaeval-surgery"}}, {"pk": 4, "model": "cms.title", "fields": {"menu_title": "Bad Air", "redirect": "", "meta_keywords": "", "page_title": "", "language": "en", "title": "Bad Air Research Centre", "has_url_overwrite": false, "application_urls": "", "creation_date": "2011-06-22 08:03:12", "page": 4, "path": "research-centres/bad-air", "meta_description": "", "slug": "bad-air"}}, {"pk": 5, "model": "cms.title", "fields": {"menu_title": "Public Information", "redirect": "", "meta_keywords": "", "page_title": "", "language": "en", "title": "Department for Public Information and Education", "has_url_overwrite": false, "application_urls": "", "creation_date": "2011-06-22 08:03:22", "page": 5, "path": "departments/public-education", "meta_description": "", "slug": "public-education"}}, {"pk": 6, "model": "cms.title", "fields": {"menu_title": "", "redirect": "", "meta_keywords": "", "page_title": "", "language": "en", "title": "Technical demonstrations", "has_url_overwrite": false, "application_urls": "", "creation_date": "2011-06-22 08:03:52", "page": 6, "path": "technical-demonstrations", "meta_description": "", "slug": "technical-demonstrations"}}, {"pk": 7, "model": "cms.title", "fields": {"menu_title": "", "redirect": "", "meta_keywords": "", "page_title": "", "language": "en", "title": "Research Centres", "has_url_overwrite": false, "application_urls": "", "creation_date": "2011-06-30 00:56:18", "page": 7, "path": "research-centres", "meta_description": "", "slug": "research-centres"}}, {"pk": 8, "model": "cms.title", "fields": {"menu_title": "", "redirect": "", "meta_keywords": "", "page_title": "", "language": "en", "title": "Departments", "has_url_overwrite": false, "application_urls": "", "creation_date": "2011-07-05 23:17:27", "page": 8, "path": "departments", "meta_description": "", "slug": "departments"}}, {"pk": 9, "model": "cms.title", "fields": {"menu_title": "Witchcraft", "redirect": "", "meta_keywords": "", "page_title": "", "language": "en", "title": "Department of Witchcraft", "has_url_overwrite": false, "application_urls": "", "creation_date": "2011-07-05 23:18:00", "page": 9, "path": "departments/witchcraft", "meta_description": "The Department of Witchcraft has pioneered modern science-based teaching in one of the oldest fields in medicine", "slug": "witchcraft"}}, {"pk": 10, "model": "cms.title", "fields": {"menu_title": "", "redirect": "", "meta_keywords": "", "page_title": "", "language": "en", "title": "News & Events", "has_url_overwrite": false, "application_urls": "", "creation_date": "2011-07-06 00:08:44", "page": 10, "path": "technical-demonstrations/news-events-plugin", "meta_description": "", "slug": "news-events-plugin"}}, {"pk": 11, "model": "cms.title", "fields": {"menu_title": "", "redirect": "", "meta_keywords": "", "page_title": "", "language": "en", "title": "Vacancies & Studentships", "has_url_overwrite": false, "application_urls": "", "creation_date": "2011-07-06 21:06:14", "page": 11, "path": "technical-demonstrations/vacancies-studentships-plugin", "meta_description": "", "slug": "vacancies-studentships-plugin"}}, {"pk": 13, "model": "cms.title", "fields": {"menu_title": "", "redirect": "", "meta_keywords": "", "page_title": "", "language": "en", "title": "Images", "has_url_overwrite": false, "application_urls": "", "creation_date": "2011-07-28 15:07:51", "page": 13, "path": "technical-demonstrations/images", "meta_description": "", "slug": "images"}}, {"pk": 14, "model": "cms.title", "fields": {"menu_title": "", "redirect": "", "meta_keywords": "", "page_title": "", "language": "en", "title": "Evil Eye Research Project", "has_url_overwrite": false, "application_urls": "", "creation_date": "2011-07-28 16:19:00", "page": 14, "path": "research-centres/evil-eye-research-project", "meta_description": "", "slug": "evil-eye-research-project"}}, {"pk": 15, "model": "cms.title", "fields": {"menu_title": "", "redirect": "", "meta_keywords": "", "page_title": "", "language": "en", "title": "Rows & columns", "has_url_overwrite": false, "application_urls": "", "creation_date": "2011-07-31 10:06:12", "page": 15, "path": "technical-demonstrations/rows-columns", "meta_description": "", "slug": "rows-columns"}}, {"pk": 1, "model": "menus.cachekey", "fields": {"key": "cms-menu_nodes_en_1_1_user", "site": 1, "language": "en"}}, {"pk": 1, "model": "text.text", "fields": {"body": "\r\n  \r\n    <p>The Institute for the Promotion of Mediaeval Medicine works to reverse the advancements of post-15th Century science, and to restore the theories and practices of mediaeval medicine to the status they enjoyed in the Dark Ages.</p>\r\n    <p>The Institute is a major research and teaching centre.</p>\r\n    <div class=\"row columns3\">\r\n      <div class=\"column firstcolumn\">\r\n        <div>\r\n          <div class=\"div\">\r\n            <img src=\"/media/filer_thumbnails/2011/06/30/0020n040.jpg__32x32_q85_crop_subject_location-178%2C292_upscale.jpg\" alt=\"Image - Cutaway body\" title=\"Image - Cutaway body\" id=\"plugin_obj_27\" />\r\n          </div>\r\n        </div>\r\n      </div>\r\n      <div class=\"column\">\r\n        <div>\r\n          <h2>News &amp; Events plugins</h2>\r\n          <p>This page features two <em>News &amp; Events</em> plugins.</p>\r\n          <p>News and events items are added to the database; a News &amp; Events plugin in a page will publish the appropriate ones for that page and at the particular moment the page is loaded.</p>\r\n          <p>\r\n            <img src=\"/media/filer_thumbnails/2011/07/28/arrow-right.png__32x32_q85_crop_upscale.png\" alt=\"Image - Arrow right\" title=\"Image - Arrow right\" id=\"plugin_obj_66\" />One, on the right, is configured to publish the <em>top</em>\r\n            <em>three</em>\r\n            <em>events</em> in a <em>vertical format</em>, together with their <em>summaries and metadata<strong>.</strong>\r\n            </em>\r\n          </p>\r\n          <p>\r\n            <img src=\"/media/filer_thumbnails/2011/07/28/arrow-down.png__32x32_q85_crop_upscale.png\" alt=\"Image - Arrow down\" title=\"Image - Arrow down\" id=\"plugin_obj_67\" />The other, below, publishes the <em>top</em>\r\n            <em>three</em>\r\n            <em>news articles</em>, in <em>horizontal format</em>.</p>\r\n        </div>\r\n      </div>\r\n      <div class=\"column lastcolumn\">\r\n        <div>\r\n          <div class=\"div\">\r\n            <img src=\"/static/plugin_icons/news_and_events.png\" alt=\"News &amp; events - 10\" title=\"News &amp; events - 10\" id=\"plugin_obj_10\" />\r\n          </div>\r\n        </div>\r\n      </div>\r\n    </div>\r\n    <div class=\"row\">\r\n      <div>\r\n        <div>\r\n          <div class=\"div\">\r\n            <img src=\"/static/plugin_icons/news_and_events.png\" alt=\"News &amp; events - 12\" title=\"News &amp; events - 12\" id=\"plugin_obj_12\" />\r\n          </div>\r\n        </div>\r\n      </div>\r\n    </div>\r\n  \r\n\r\n"}}, {"pk": 13, "model": "text.text", "fields": {"body": "\r\n  \r\n    <h2>Please contact</h2>\r\n    <p>This person has the \"Please contact\" field set up so that a colleague's contact details will be published instead of his own.</p>\r\n    <p>This is useful when a Person is away on leave, or perhaps is simply lucky enough to have a secretary who will take calls for them (as this one is).</p>\r\n    <h2>Roles</h2>\r\n    <p>The Professor, as well as his roles in the Institute, is also a member of other important organisations in the field, as you can see under <em>Roles &amp; memberships</em>.</p>\r\n    <h2>Events</h2>\r\n    <p>Professor Brooks is also a featured speaker at the 2011 Dark Ages Society Conference, as you can see in <em>Events</em>.</p>\r\n  \r\n\r\n"}}, {"pk": 14, "model": "text.text", "fields": {"body": "\r\n  \r\n    <p>Contrary to the claims of modern science, more and more evidence is accumulating to demonstrate that malaria, far from being a virus transmitted in the saliva of the mosquito, is actually caused by bad air.</p>\r\n    <div class=\"row columns2\">\r\n      <div class=\"column firstcolumn\">\r\n        <div>\r\n          <p>Researchers at the Bad Air Research Centre, led by , have recently completed widely-acclaimed research across the undrained swamps of coastal southern Italy.</p>\r\n        </div>\r\n      </div>\r\n      <div class=\"column lastcolumn\">\r\n        <div>\r\n          <p>The links in the paragraph on the left have been added using the Links plugin. Arkestra is intelligent enough to know how to punctuate an inline list of items correctly: by separating items with commas, no comma after the second last item, and inserting <em>and</em> between the last two items (<em>and</em> is the default, but can be overridden if required - for example, sometimes <em>or</em> might be appropriate).</p>\r\n          <div class=\"div\">\r\n            <img src=\"/static/plugin_icons/news_and_events.png\" alt=\"News &amp; events - 20\" title=\"News &amp; events - 20\" id=\"plugin_obj_20\" />\r\n          </div>\r\n        </div>\r\n      </div>\r\n    </div>\r\n  \r\n\r\n"}}, {"pk": 16, "model": "text.text", "fields": {"body": "\r\n  \r\n    <p>Vacancies and Studentships are very similar.</p>\r\n    <p>Each belongs to a particular Entity - the organisation or part of the organisation that will be responsible for it - but can also be sent to be published at the pages of other entities if required.</p>\r\n    <p>This one belongs to (is <em>hosted by</em>) the Centre for Research into Mediaeval Dentistry, but will also appear elsewhere - in <em>Publish to</em>, the Institute of Mediaeval Medicine has also been chosen.</p>\r\n    <p>Like News and Events items, Vacancies and Studentships have date (a <em>Closing date</em> for applications) and other metadata.</p>\r\n    <p>Again, just like most Arkestra objects, they can be external - if a vacancy appears on some other website, it's very easy to add them to Arkestra if they are of interest.</p>\r\n  \r\n\r\n"}}, {"pk": 21, "model": "text.text", "fields": {"body": "\r\n  \r\n    <div class=\"row columns3\">\r\n      <div class=\"column firstcolumn\">\r\n        <div>\r\n          <h2>InsertionPoints</h2>\r\n          <p>This footer, three columns wide, is defined as an <em>InsertionPoint</em>. It allows content to be defined, using a freestanding Placeholder and all the plugins you allow for it, and then delivered into templates.</p>\r\n          <p>This footer will appear throughout the site, except where a template overrides it (which perhaps could use its own InsertionPoint).</p>\r\n        </div>\r\n      </div>\r\n      <div class=\"column\">\r\n        <div>\r\n          <h2>How to use</h2>\r\n          <ol>\r\n            <li>in your template(s), place a {% insert \"&lt;insertion_point&gt;\" %} (if there wasn't one already, this will create a new InsertionPoint object in the database)</li>\r\n            <li>add the content to the InsertionPoint in the admin as required</li>\r\n            <li>there's no step 3</li>\r\n          </ol>\r\n        </div>\r\n      </div>\r\n      <div class=\"column lastcolumn\">\r\n        <div>\r\n          <div class=\"div\">\r\n            <img src=\"/static/plugin_icons/news_and_events.png\" alt=\"News &amp; events - 24\" title=\"News &amp; events - 24\" id=\"plugin_obj_24\" />\r\n          </div>\r\n        </div>\r\n      </div>\r\n    </div>\r\n  \r\n\r\n"}}, {"pk": 22, "model": "text.text", "fields": {"body": "\r\n  \r\n    <p>The showered him with petals and gifts</p>\r\n  \r\n\r\n"}}, {"pk": 25, "model": "text.text", "fields": {"body": "\r\n  \r\n    <div class=\"row columns3\">\r\n      <div class=\"column firstcolumn\">\r\n        <div>\r\n          <h2>About this footer</h2>\r\n          <p>This footer, and everything in it (including the dynamic content in the final column) is provided by an <em>Insert</em>.</p>\r\n        </div>\r\n      </div>\r\n      <div class=\"column\">\r\n        <div>\r\n          <h2>Using Inserts</h2>\r\n          <ol>\r\n            <li>in your template(s), use {% insert \"my_insertion_point\" %} -this templatetag will then get_or_create() the appropriate Insert object in the database</li>\r\n            <li>find the Insert in the admin, and adds plug-based content to its Placeholder.</li>\r\n            <li>there is no step three</li>\r\n          </ol>\r\n        </div>\r\n      </div>\r\n      <div class=\"column lastcolumn\">\r\n        <div>\r\n          <div class=\"div\">\r\n            <img src=\"/static/plugin_icons/news_and_events.png\" alt=\"News &amp; events - 26\" title=\"News &amp; events - 26\" id=\"plugin_obj_26\" />\r\n          </div>\r\n        </div>\r\n      </div>\r\n    </div>\r\n  \r\n\r\n"}}, {"pk": 35, "model": "text.text", "fields": {"body": "\r\n  \r\n    <h2>Default settings</h2>\r\n    <div class=\"div\">\r\n      <img src=\"/static/plugin_icons/vacancies_and_studentships.png\" alt=\"Vacancies &amp; Studentships - 36\" title=\"Vacancies &amp; Studentships - 36\" id=\"plugin_obj_36\" />\r\n    </div>\r\n    <h2>Titles only, date order</h2>\r\n    <div class=\"div\">\r\n      <img src=\"/static/plugin_icons/vacancies_and_studentships.png\" alt=\"Vacancies &amp; Studentships - 37\" title=\"Vacancies &amp; Studentships - 37\" id=\"plugin_obj_37\" />\r\n    </div>\r\n    <h2>Horizontal</h2>\r\n    <div class=\"div\">\r\n      <img src=\"/static/plugin_icons/vacancies_and_studentships.png\" alt=\"Vacancies &amp; Studentships - 38\" title=\"Vacancies &amp; Studentships - 38\" id=\"plugin_obj_38\" />\r\n    </div>\r\n  \r\n\r\n"}}, {"pk": 41, "model": "text.text", "fields": {"body": "\r\n  \r\n    <p>The News &amp; Events plugin provides a convenient way to place lists of current news and events items into other content.</p>\r\n    <p>The way these lists are displayed is configured in the plugin. This site's <img src=\"/static/plugin_icons/links.png\" alt=\"Link(s) - 57\" title=\"Link(s) - 57\" id=\"plugin_obj_57\" /> contains two examples; some others are show below.</p>\r\n    <h2>The default</h2>\r\n    <p>News &amp; events, side-by-side, listed vertically, showing details, ordered by importance as well as date, and showing date groups:</p>\r\n    <div class=\"div\">\r\n      <img src=\"/static/plugin_icons/news_and_events.png\" alt=\"News &amp; events - 43\" title=\"News &amp; events - 43\" id=\"plugin_obj_43\" />\r\n    </div>\r\n    <div class=\"row\">\r\n      <div>\r\n        <div>\r\n          <h2>A horizontal list</h2>\r\n          <div class=\"div\">\r\n            <img src=\"http://l003.medcn.uwcm.ac.uk:8000/static/plugin_icons/news_and_events.png\" alt=\"News &amp; events - 56\" title=\"News &amp; events - 56\" id=\"plugin_obj_56\" />\r\n          </div>\r\n        </div>\r\n      </div>\r\n    </div>\r\n    <div class=\"row columns3\">\r\n      <div class=\"column firstcolumn doublecolumn\">\r\n        <div>\r\n          <h2>Simpler lists</h2>\r\n          <p>Three items each, titles only:</p>\r\n          <div class=\"div\">\r\n            <img src=\"/static/plugin_icons/news_and_events.png\" alt=\"News &amp; events - 44\" title=\"News &amp; events - 44\" id=\"plugin_obj_44\" />\r\n          </div>\r\n        </div>\r\n      </div>\r\n      <div class=\"column lastcolumn\">\r\n        <div>\r\n          <h2>A stacked view</h2>\r\n          <p>The lists can be stacked as well as placed side-by-side:</p>\r\n          <div class=\"div\">\r\n            <img src=\"/static/plugin_icons/news_and_events.png\" alt=\"News &amp; events - 45\" title=\"News &amp; events - 45\" id=\"plugin_obj_45\" />\r\n          </div>\r\n        </div>\r\n      </div>\r\n    </div>\r\n  \r\n\r\n"}}, {"pk": 58, "model": "text.text", "fields": {"body": "\r\n  \r\n    <p>Arkestra makes <strong>intelligent use</strong> of images.</p>\r\n    <p>Arkestra can associate images with other objects, displaying them automatically as required, resizing them for different purposes.</p>\r\n    <p>Using <img src=\"/static/plugin_icons/links.png\" alt=\"Link(s) - 65\" title=\"Link(s) - 65\" id=\"plugin_obj_65\" /> Arkestra will scale and crop images automatically, preserving important detail.</p>\r\n    <p>Images can also be inserted manually into content using a flexible and sophisticated plugin which also calculates appropriate sizes.</p>\r\n    <p>Arkestra uses image metadata to work out which parts of the image are most significant.</p>\r\n    <p>In these examples, Shane MacGowan's <strong>blessed teeth</strong> have been set as the focus of the image.</p>\r\n    <div class=\"row\">\r\n      <div>\r\n        <div class=\"image-borders\">\r\n          <p>\r\n            <img src=\"/media/filer_thumbnails/2011/07/28/15644525.jpg__32x32_q85_crop_subject_location-457%2C409_upscale.jpg\" alt=\"Image - Shane MacGowan\" title=\"Image - Shane MacGowan\" id=\"plugin_obj_64\" />\r\n            <img src=\"/media/filer_thumbnails/2011/07/28/15644525.jpg__32x32_q85_crop_subject_location-457%2C409_upscale.jpg\" alt=\"Image - Shane MacGowan\" title=\"Image - Shane MacGowan\" id=\"plugin_obj_61\" />\r\n            <img src=\"/media/filer_thumbnails/2011/07/28/15644525.jpg__32x32_q85_crop_subject_location-457%2C409_upscale.jpg\" alt=\"Image - Shane MacGowan\" title=\"Image - Shane MacGowan\" id=\"plugin_obj_60\" />\r\n            <img src=\"/media/filer_thumbnails/2011/07/28/15644525.jpg__32x32_q85_crop_subject_location-457%2C409_upscale.jpg\" alt=\"Image - Shane MacGowan\" title=\"Image - Shane MacGowan\" id=\"plugin_obj_63\" />\r\n            <img src=\"/media/filer_thumbnails/2011/07/28/15644525.jpg__32x32_q85_crop_subject_location-457%2C409_upscale.jpg\" alt=\"Image - Shane MacGowan\" title=\"Image - Shane MacGowan\" id=\"plugin_obj_62\" />How neatly all these lines line up, thanks to the magic of Arkestra!</p>\r\n        </div>\r\n      </div>\r\n    </div>\r\n  \r\n\r\n"}}, {"pk": 68, "model": "text.text", "fields": {"body": "\r\n  \r\n    <div class=\"row\">\r\n      <div>\r\n        <div class=\"has-background-green\">\r\n          <p>one column</p>\r\n        </div>\r\n      </div>\r\n    </div>\r\n    <div class=\"row columns2\">\r\n      <div class=\"column column-1 firstcolumn\">\r\n        <div class=\"has-background-green\">\r\n          <p>column one</p>\r\n        </div>\r\n      </div>\r\n      <div class=\"column column-2 lastcolumn\">\r\n        <div class=\"has-background-green\">\r\n          <p>column two</p>\r\n        </div>\r\n      </div>\r\n    </div>\r\n    <div class=\"row columns4\">\r\n      <div class=\"column column-1 firstcolumn\">\r\n        <div class=\"has-background-green\">\r\n          <p>column one</p>\r\n        </div>\r\n      </div>\r\n      <div class=\"column column-2\">\r\n        <div class=\"has-background-green\">\r\n          <p>column two</p>\r\n        </div>\r\n      </div>\r\n      <div class=\"column column-3\">\r\n        <div class=\"has-background-green\">\r\n          <p>column three</p>\r\n        </div>\r\n      </div>\r\n      <div class=\"column column-4 lastcolumn\">\r\n        <div class=\"has-background-green\">\r\n          <p>column four</p>\r\n        </div>\r\n      </div>\r\n    </div>\r\n    <div class=\"row columns4\">\r\n      <div class=\"column column-1 firstcolumn doublecolumn\">\r\n        <div class=\"has-background-green\">\r\n          <p>column one - double width</p>\r\n        </div>\r\n      </div>\r\n      <div class=\"column column-2\">\r\n        <div class=\"has-background-green\">\r\n          <p>column two</p>\r\n        </div>\r\n      </div>\r\n      <div class=\"column column-3 lastcolumn\">\r\n        <div class=\"has-background-green\">\r\n          <p>column three</p>\r\n        </div>\r\n      </div>\r\n    </div>\r\n    <div class=\"row columns4\">\r\n      <div class=\"column column-1 firstcolumn triplecolumn\">\r\n        <div class=\"has-background-green\">\r\n          <p>column one - triple width</p>\r\n        </div>\r\n      </div>\r\n      <div class=\"column column-2 lastcolumn\">\r\n        <div class=\"has-background-green\">\r\n          <p>column two</p>\r\n        </div>\r\n      </div>\r\n    </div>\r\n    <div class=\"row columns3\">\r\n      <div class=\"column column-1 firstcolumn\">\r\n        <div class=\"has-background-green\">\r\n          <p>column one</p>\r\n        </div>\r\n      </div>\r\n      <div class=\"column column-2\">\r\n        <div class=\"has-background-green\">\r\n          <p>column two</p>\r\n        </div>\r\n      </div>\r\n      <div class=\"column column-3 lastcolumn\">\r\n        <div class=\"has-background-green\">\r\n          <p>column three</p>\r\n        </div>\r\n      </div>\r\n    </div>\r\n    <div class=\"row columns3\">\r\n      <div class=\"column column-1 firstcolumn doublecolumn\">\r\n        <div class=\"has-background-green\">\r\n          <p>column one</p>\r\n        </div>\r\n      </div>\r\n      <div class=\"column column-2 lastcolumn\">\r\n        <div class=\"has-background-green\">\r\n          <p>column two</p>\r\n        </div>\r\n      </div>\r\n    </div>\r\n    <div class=\"row columns6\">\r\n      <div class=\"column column-1 firstcolumn\">\r\n        <div class=\"has-background-green\">\r\n          <p>column one</p>\r\n        </div>\r\n      </div>\r\n      <div class=\"column column-2\">\r\n        <div class=\"has-background-green\">\r\n          <p>column two</p>\r\n        </div>\r\n      </div>\r\n      <div class=\"column column-3\">\r\n        <div class=\"has-background-green\">\r\n          <p>column three</p>\r\n        </div>\r\n      </div>\r\n      <div class=\"column column-4\">\r\n        <div class=\"has-background-green\">\r\n          <p>column four</p>\r\n        </div>\r\n      </div>\r\n      <div class=\"column column-5\">\r\n        <div class=\"has-background-green\">\r\n          <p>column five</p>\r\n        </div>\r\n      </div>\r\n      <div class=\"column column-6 lastcolumn\">\r\n        <div class=\"has-background-green\">\r\n          <p>column six</p>\r\n        </div>\r\n      </div>\r\n    </div>\r\n    <div class=\"row columns6\">\r\n      <div class=\"column column-1 firstcolumn triplecolumn\">\r\n        <div class=\"has-background-green\">\r\n          <p>column one - triple column</p>\r\n        </div>\r\n      </div>\r\n      <div class=\"column column-2 doublecolumn\">\r\n        <div class=\"has-background-green\">\r\n          <p>column two - double column</p>\r\n        </div>\r\n      </div>\r\n      <div class=\"column column-3 lastcolumn\">\r\n        <div class=\"has-background-green\">\r\n          <p>column three</p>\r\n        </div>\r\n      </div>\r\n    </div>\r\n    <div class=\"row columns5\">\r\n      <div class=\"column column-1 firstcolumn\">\r\n        <div class=\"has-background-green\">\r\n          <p>column one</p>\r\n        </div>\r\n      </div>\r\n      <div class=\"column column-2\">\r\n        <div class=\"has-background-green\">\r\n          <p>column two</p>\r\n        </div>\r\n      </div>\r\n      <div class=\"column column-3\">\r\n        <div class=\"has-background-green\">\r\n          <p>column three</p>\r\n        </div>\r\n      </div>\r\n      <div class=\"column column-4\">\r\n        <div class=\"has-background-green\">\r\n          <p>column four</p>\r\n        </div>\r\n      </div>\r\n      <div class=\"column column-5 lastcolumn\">\r\n        <div class=\"has-background-green\">\r\n          <p>column five</p>\r\n        </div>\r\n      </div>\r\n    </div>\r\n    <div class=\"row columns5\">\r\n      <div class=\"column column-1 firstcolumn triplecolumn\">\r\n        <div class=\"has-background-green\">\r\n          <p>column one</p>\r\n        </div>\r\n      </div>\r\n      <div class=\"column column-2\">\r\n        <div class=\"has-background-green\">\r\n          <p>column two </p>\r\n        </div>\r\n      </div>\r\n      <div class=\"column column-3 lastcolumn\">\r\n        <div class=\"has-background-green\">\r\n          <p>column three</p>\r\n        </div>\r\n      </div>\r\n    </div>\r\n    <div class=\"row columns5\">\r\n      <div class=\"column column-1 firstcolumn triplecolumn\">\r\n        <div class=\"has-background-green\">\r\n          <p>column one</p>\r\n        </div>\r\n      </div>\r\n      <div class=\"column column-2 lastcolumn doublecolumn\">\r\n        <div class=\"has-background-green\">\r\n          <p>column two</p>\r\n        </div>\r\n      </div>\r\n    </div>\r\n  \r\n\r\n"}}, {"pk": 69, "model": "text.text", "fields": {"body": "<p>A great deal of nonsense has been written about witchcraft in recent years.</p>\n    <p>In this lecture, Professor Sterling Morrison looks at the science behind witchcraft.</p>\n  \n\n"}}, {"pk": 1, "model": "vacancies_and_studentships.vacancy", "fields": {"body": 69, "salary": "by negotiation", "hosted_by": 2, "description": null, "title": "Tooth puller", "importance": 0, "date": "2012-06-15", "image": 7, "publish_to": [1], "short_title": "Tooth puller", "summary": "A qualified tooth puller is required to assist both in a clinical capacity and for research purposes", "url": null, "job_number": "1342", "please_contact": [7], "slug": "tooth-puller", "external_url": null}}, {"pk": 2, "model": "vacancies_and_studentships.vacancy", "fields": {"body": 118, "salary": "a few groats", "hosted_by": 2, "description": null, "title": "Trainee tooth puller", "importance": 0, "date": "2012-09-11", "image": 7, "publish_to": [], "short_title": "Trainee tooth puller", "summary": "A trainee tooth puller is required to work alongside qualified staff. No experience necessary", "url": null, "job_number": "1342", "please_contact": [], "slug": "trainee-tooth-puller", "external_url": null}}, {"pk": 1, "model": "vacancies_and_studentships.studentship", "fields": {"body": 73, "hosted_by": 13, "description": null, "title": "Evil Eye - identifying signs", "importance": 0, "date": "2011-09-14", "image": 6, "publish_to": [], "short_title": "Evil Eye - identifying signs", "summary": "A three-year doctoral opportunity working as part of the Evil Eye special research project", "url": null, "supervisors": [12], "please_contact": [4], "slug": "evil-eye-identifying-signs", "external_url": null}}, {"pk": 29, "model": "vacancies_and_studentships.vacanciesplugin", "fields": {"order_by": "importance/date", "format": "featured vertical", "group_dates": true, "studentships_heading_text": "Studentships", "display": "vacancies studentships", "vacancies_heading_text": "Vacancies", "limit_to": 5, "layout": "sidebyside", "entity": 1, "heading_level": 2, "list_format": "vertical"}}, {"pk": 36, "model": "vacancies_and_studentships.vacanciesplugin", "fields": {"order_by": "importance/date", "format": "details image", "group_dates": true, "studentships_heading_text": "Studentships", "display": "vacancies & studentships", "vacancies_heading_text": "Vacancies", "limit_to": 5, "layout": "sidebyside", "entity": null, "heading_level": 3, "list_format": "vertical"}}, {"pk": 37, "model": "vacancies_and_studentships.vacanciesplugin", "fields": {"order_by": "date", "format": "title", "group_dates": true, "studentships_heading_text": "Studentships", "display": "vacancies & studentships", "vacancies_heading_text": "Vacancies", "limit_to": 5, "layout": "sidebyside", "entity": null, "heading_level": 3, "list_format": "vertical"}}, {"pk": 38, "model": "vacancies_and_studentships.vacanciesplugin", "fields": {"order_by": "importance/date", "format": "details image", "group_dates": false, "studentships_heading_text": "Studentships", "display": "vacancies & studentships", "vacancies_heading_text": "Vacancies", "limit_to": 3, "layout": "stacked", "entity": null, "heading_level": 3, "list_format": "horizontal"}}, {"pk": 8, "model": "news_and_events.newsarticle", "fields": {"body": 121, "hosted_by": 2, "external_news_source": null, "title": "The teeth of the future", "importance": 0, "sticky_until": null, "image": 9, "publish_to": [], "display_indefinitely": false, "short_title": "The teeth of the future", "summary": "Will the people of the future enjoy mouths full of rotting teeth? Prognostical research probes the evidence", "content": null, "url": null, "is_sticky_everywhere": false, "date": "2011-07-28 13:09:10", "please_contact": [], "slug": "teeth-future", "external_url": null}}, {"pk": 4, "model": "news_and_events.newsarticle", "fields": {"body": 89, "hosted_by": 15, "external_news_source": null, "title": "Witchcraft MSc an enormous success for Institute", "importance": 0, "sticky_until": null, "image": null, "publish_to": [1], "display_indefinitely": false, "short_title": "Witchcraft MSc success", "summary": "The Institute's MSc in Witchcraft, launched last year, has become one of the most popular in Europe", "content": null, "url": null, "is_sticky_everywhere": false, "date": "2011-07-03 23:15:39", "please_contact": [], "slug": "witchcraft-msc-enormous-success-institute", "external_url": null}}, {"pk": 6, "model": "news_and_events.newsarticle", "fields": {"body": 93, "hosted_by": 1, "external_news_source": null, "title": "Institute academic dismisses so-called \"germ theory\"", "importance": 0, "sticky_until": null, "image": null, "publish_to": [], "display_indefinitely": false, "short_title": "Institute academic dismisses \"germ theory\"", "summary": "A leading researcher at the Institute has shown the new and fashionable \"germ theory\" to have no scientific basis and to be contrary to the laws of nature", "content": null, "url": null, "is_sticky_everywhere": false, "date": "2011-07-01 23:21:34", "please_contact": [], "slug": "institute-academic-dismisses-germ-theory", "external_url": null}}, {"pk": 1, "model": "news_and_events.newsarticle", "fields": {"body": 47, "hosted_by": 1, "external_news_source": null, "title": "Mediaeval techniques 'help smokers quit'", "importance": 0, "sticky_until": null, "image": null, "publish_to": [], "display_indefinitely": false, "short_title": "Mediaeval techniques 'help smokers quit'", "summary": "Mediaeval techniques can double the chance of someone successfully quitting smoking, according to UK researchers.\r\n", "content": null, "url": null, "is_sticky_everywhere": false, "date": "2011-06-22 22:05:18", "please_contact": [], "slug": "", "external_url": 15}}, {"pk": 3, "model": "news_and_events.newsarticle", "fields": {"body": 71, "hosted_by": 1, "external_news_source": null, "title": "Prof Ernie Brooks awarded Nobel prize for Medicine", "importance": 10, "sticky_until": "2012-01-10", "image": 2, "publish_to": [], "display_indefinitely": false, "short_title": "Nobel Committee honour", "summary": "Prof Ernie Brooks, Dean of Research at the Institute, has been awarded the 2011 Nobel prize for Medicine", "content": null, "url": null, "is_sticky_everywhere": false, "date": "2011-06-06 01:07:01", "please_contact": [], "slug": "prof-ernie-brooks-awarded-nobel-prize", "external_url": null}}, {"pk": 5, "model": "news_and_events.newsarticle", "fields": {"body": 91, "hosted_by": 1, "external_news_source": null, "title": "Plague \"not a threat\"", "importance": 0, "sticky_until": null, "image": null, "publish_to": [], "display_indefinitely": false, "short_title": "Plague \"not a threat\"", "summary": "The recent plague sweeping the country will not affect the Institute's work", "content": null, "url": null, "is_sticky_everywhere": false, "date": "2011-05-07 10:20:52", "please_contact": [], "slug": "plague-not-threat", "external_url": null}}, {"pk": 2, "model": "news_and_events.newsarticle", "fields": {"body": 67, "hosted_by": 9, "external_news_source": null, "title": "Advances in malaria research", "importance": 0, "sticky_until": null, "image": null, "publish_to": [1], "display_indefinitely": false, "short_title": "Advances in malaria research", "summary": "The Institute's work into malaria is helping lift the veil on a terrible disease", "content": null, "url": null, "is_sticky_everywhere": false, "date": "2011-04-30 19:18:55", "please_contact": [], "slug": "advances-malaria-research", "external_url": null}}, {"pk": 7, "model": "news_and_events.newsarticle", "fields": {"body": 95, "hosted_by": 1, "external_news_source": null, "title": "Evil spirits prompt Egyptian seed ban", "importance": 0, "sticky_until": null, "image": null, "publish_to": [], "display_indefinitely": false, "short_title": "Evil spirits prompt seed ban", "summary": "Evil spirits have infested recent supplies of Egyptian seeds; research by the Institute leads to a ban on imports", "content": null, "url": null, "is_sticky_everywhere": false, "date": "2010-07-04 23:27:19", "please_contact": [], "slug": "evil-spirits-prompt-egyptian-seed-ban", "external_url": 2}}, {"pk": 1, "model": "news_and_events.event", "fields": {"rght": 4, "single_day_event": false, "series": true, "image": null, "lft": 1, "parent": null, "access_note": "", "title": "Annual Conference of the Dark Ages Society", "content": null, "display_series_summary": false, "tree_id": 1, "featuring": [], "type": 1, "date": null, "body": 63, "hosted_by": 12, "end_date": null, "registration_enquiries": [], "importance": 0, "start_time": null, "jumps_queue_everywhere": false, "slug": "annual-conference-dark-ages-society", "building": null, "precise_location": "", "url": null, "level": 0, "show_titles": "series children", "publish_to": [], "short_title": "Annual Dark Ages Society Conference", "summary": "The Annual Conference is a key multidisciplinary meeting for scholars in the field", "end_time": null, "please_contact": [], "jumps_queue_on": null, "child_list_heading": "Annual conferences", "external_url": null}}, {"pk": 2, "model": "news_and_events.event", "fields": {"rght": 3, "single_day_event": false, "series": false, "image": null, "lft": 2, "parent": 1, "access_note": "", "title": "2011 Conference of the Dark Ages Society", "content": null, "display_series_summary": false, "tree_id": 1, "featuring": [10], "type": 1, "date": "2011-12-05", "body": 65, "hosted_by": 12, "end_date": "2011-12-08", "registration_enquiries": [], "importance": 0, "start_time": null, "jumps_queue_everywhere": false, "slug": "2011-dark-ages-society-conference", "building": null, "precise_location": "", "url": null, "level": 1, "show_titles": "children", "publish_to": [1], "short_title": "2011 Dark Ages Society Conference", "summary": "The Annual Conference is a key multidisciplinary meeting for scholars in the field", "end_time": null, "please_contact": [], "jumps_queue_on": null, "child_list_heading": "", "external_url": null}}, {"pk": 4, "model": "news_and_events.event", "fields": {"rght": 2, "single_day_event": true, "series": false, "image": 3, "lft": 1, "parent": null, "access_note": "", "title": "Why Witchcraft Works", "content": null, "display_series_summary": false, "tree_id": 3, "featuring": [6], "type": 3, "date": "2011-09-30", "body": 101, "hosted_by": 15, "end_date": "2011-09-30", "registration_enquiries": [], "importance": 0, "start_time": "12:00:00", "jumps_queue_everywhere": false, "slug": "why-witchcraft-works", "building": null, "precise_location": "", "url": null, "level": 0, "show_titles": "children", "publish_to": [1], "short_title": "Why Witchcraft Works", "summary": "A lecture by Sterling Morrison, Director of our MSc in Witchcraft programme", "end_time": "13:00:00", "please_contact": [], "jumps_queue_on": null, "child_list_heading": "", "external_url": null}}, {"pk": 9, "model": "news_and_events.event", "fields": {"rght": 2, "single_day_event": true, "series": false, "image": 5, "lft": 1, "parent": null, "access_note": "", "title": "Mediaeval medical forensic science", "content": null, "display_series_summary": false, "tree_id": 5, "featuring": [5], "type": 3, "date": "2012-01-20", "body": 113, "hosted_by": 1, "end_date": "2012-01-20", "registration_enquiries": [], "importance": 0, "start_time": "12:00:00", "jumps_queue_everywhere": false, "slug": "mediaeval-medical-forensic-science", "building": 3, "precise_location": "", "url": null, "level": 0, "show_titles": "children", "publish_to": [1], "short_title": "Mediaeval medical forensic science", "summary": "Medical science at the forefront of the fight against crime", "end_time": "13:00:00", "please_contact": [], "jumps_queue_on": null, "child_list_heading": "", "external_url": null}}, {"pk": 5, "model": "news_and_events.event", "fields": {"rght": 10, "single_day_event": false, "series": true, "image": 6, "lft": 1, "parent": null, "access_note": "", "title": "Malocchio seminar series", "content": null, "display_series_summary": false, "tree_id": 4, "featuring": [12], "type": 4, "date": null, "body": 103, "hosted_by": 13, "end_date": null, "registration_enquiries": [], "importance": 0, "start_time": null, "jumps_queue_everywhere": false, "slug": "malocchio-seminar-series", "building": 3, "precise_location": "", "url": null, "level": 0, "show_titles": "children", "publish_to": [1], "short_title": "Malocchio seminar series", "summary": "The Malocchio seminar is a monthly interdisciplinary meeting held under the auspices of the Evil Eye Research Project", "end_time": null, "please_contact": [], "jumps_queue_on": null, "child_list_heading": "", "external_url": null}}, {"pk": 10, "model": "news_and_events.event", "fields": {"rght": 9, "single_day_event": true, "series": false, "image": null, "lft": 8, "parent": 5, "access_note": "", "title": "Theoretical approaches to the evil eye", "content": null, "display_series_summary": false, "tree_id": 4, "featuring": [], "type": 4, "date": "2011-06-08", "body": 115, "hosted_by": 13, "end_date": "2011-06-08", "registration_enquiries": [], "importance": 0, "start_time": "16:00:00", "jumps_queue_everywhere": false, "slug": "theoretical-approaches-to-the-evil-eye", "building": 3, "precise_location": "", "url": null, "level": 1, "show_titles": "children", "publish_to": [1], "short_title": "Theoretical approaches to the evil eye", "summary": "Dr Elvis Presley (Vanderbilt School of Medical Studies) introduces his latest work in the field", "end_time": null, "please_contact": [], "jumps_queue_on": null, "child_list_heading": "", "external_url": null}}, {"pk": 7, "model": "news_and_events.event", "fields": {"rght": 5, "single_day_event": true, "series": false, "image": null, "lft": 4, "parent": 5, "access_note": "", "title": "\"Giving me the eye\" - new perspectives in Malocchio research", "content": null, "display_series_summary": false, "tree_id": 4, "featuring": [], "type": 4, "date": "2011-07-06", "body": 109, "hosted_by": 13, "end_date": "2011-07-06", "registration_enquiries": [], "importance": 0, "start_time": "16:00:00", "jumps_queue_everywhere": false, "slug": "new-perspectives-in-malocchio-research", "building": 3, "precise_location": "", "url": null, "level": 1, "show_titles": "children", "publish_to": [1], "short_title": "New perspectives in Malocchio research", "summary": "Prof Orr reviews the latest international evil eye research papers", "end_time": null, "please_contact": [], "jumps_queue_on": null, "child_list_heading": "", "external_url": null}}, {"pk": 6, "model": "news_and_events.event", "fields": {"rght": 3, "single_day_event": true, "series": false, "image": 14, "lft": 2, "parent": 5, "access_note": "", "title": "\"An eye for an eye\" - fighting the curse", "content": null, "display_series_summary": false, "tree_id": 4, "featuring": [], "type": 4, "date": "2011-08-10", "body": 107, "hosted_by": 13, "end_date": "2011-08-10", "registration_enquiries": [], "importance": 0, "start_time": "16:00:00", "jumps_queue_everywhere": false, "slug": "giving-me-eye-new-perspectives-malocchio-research", "building": 3, "precise_location": "", "url": null, "level": 1, "show_titles": "children", "publish_to": [1], "short_title": "An eye for an eye", "summary": "Prof Carl Perkins (New York Institute of Mediaeval Research) on tackling the evil eye", "end_time": null, "please_contact": [], "jumps_queue_on": null, "child_list_heading": "", "external_url": null}}, {"pk": 8, "model": "news_and_events.event", "fields": {"rght": 7, "single_day_event": true, "series": false, "image": 8, "lft": 6, "parent": 5, "access_note": "", "title": "\"Eye eye captain\" - the curse of the evil eye at sea", "content": null, "display_series_summary": false, "tree_id": 4, "featuring": [], "type": 4, "date": "2011-09-07", "body": 111, "hosted_by": 13, "end_date": "2011-09-07", "registration_enquiries": [], "importance": 0, "start_time": "16:00:00", "jumps_queue_everywhere": false, "slug": "the-evil-eye-at-sea", "building": 3, "precise_location": "", "url": null, "level": 1, "show_titles": "children", "publish_to": [1], "short_title": "The evil eye at sea", "summary": "Captain Haddock provides a maritime perspective on the malocchio", "end_time": null, "please_contact": [], "jumps_queue_on": null, "child_list_heading": "", "external_url": null}}, {"pk": 3, "model": "news_and_events.event", "fields": {"rght": 2, "single_day_event": true, "series": false, "image": null, "lft": 1, "parent": null, "access_note": "", "title": "Prime Ministerial visit", "content": null, "display_series_summary": false, "tree_id": 2, "featuring": [], "type": 2, "date": "2011-11-17", "body": 99, "hosted_by": 1, "end_date": "2011-11-17", "registration_enquiries": [], "importance": 1, "start_time": null, "jumps_queue_everywhere": false, "slug": "prime-ministerial-visit", "building": null, "precise_location": "", "url": null, "level": 0, "show_titles": "children", "publish_to": [], "short_title": "Prime Ministerial visit", "summary": "The Prime Minister visits the Institute to learn more about our research", "end_time": null, "please_contact": [], "jumps_queue_on": "2011-07-06", "child_list_heading": "", "external_url": null}}, {"pk": 1, "model": "news_and_events.eventtype", "fields": {"event_type": "Conference"}}, {"pk": 3, "model": "news_and_events.eventtype", "fields": {"event_type": "Public lecture"}}, {"pk": 4, "model": "news_and_events.eventtype", "fields": {"event_type": "Seminar"}}, {"pk": 2, "model": "news_and_events.eventtype", "fields": {"event_type": "Visit"}}, {"pk": 10, "model": "news_and_events.newsandeventsplugin", "fields": {"order_by": "importance/date", "format": "details image", "group_dates": false, "show_previous_events": false, "display": "events", "news_heading_text": "News", "limit_to": 3, "layout": "sidebyside", "entity": null, "heading_level": 2, "list_format": "vertical", "events_heading_text": "Events"}}, {"pk": 12, "model": "news_and_events.newsandeventsplugin", "fields": {"order_by": "importance/date", "format": "details image", "group_dates": false, "show_previous_events": false, "display": "news", "news_heading_text": "News", "limit_to": 3, "layout": "stacked", "entity": null, "heading_level": 2, "list_format": "horizontal", "events_heading_text": "Events"}}, {"pk": 20, "model": "news_and_events.newsandeventsplugin", "fields": {"order_by": "date", "format": "title", "group_dates": true, "show_previous_events": false, "display": "news_and_events", "news_heading_text": "News", "limit_to": 5, "layout": "sidebyside", "entity": null, "heading_level": 2, "list_format": "vertical", "events_heading_text": "Events"}}, {"pk": 24, "model": "news_and_events.newsandeventsplugin", "fields": {"order_by": "date", "format": "title", "group_dates": true, "show_previous_events": false, "display": "news", "news_heading_text": "News", "limit_to": 3, "layout": "sidebyside", "entity": null, "heading_level": 2, "list_format": "vertical", "events_heading_text": "Events"}}, {"pk": 26, "model": "news_and_events.newsandeventsplugin", "fields": {"order_by": "date", "format": "title", "group_dates": true, "show_previous_events": false, "display": "news", "news_heading_text": "Latest news item", "limit_to": 1, "layout": "sidebyside", "entity": null, "heading_level": 2, "list_format": "vertical", "events_heading_text": "Events"}}, {"pk": 43, "model": "news_and_events.newsandeventsplugin", "fields": {"order_by": "importance/date", "format": "details image", "group_dates": true, "show_previous_events": false, "display": "news & events", "news_heading_text": "News", "limit_to": 5, "layout": "sidebyside", "entity": null, "heading_level": 3, "list_format": "vertical", "events_heading_text": "Events"}}, {"pk": 44, "model": "news_and_events.newsandeventsplugin", "fields": {"order_by": "date", "format": "title", "group_dates": false, "show_previous_events": false, "display": "news & events", "news_heading_text": "News", "limit_to": 3, "layout": "sidebyside", "entity": null, "heading_level": 3, "list_format": "vertical", "events_heading_text": "Events"}}, {"pk": 45, "model": "news_and_events.newsandeventsplugin", "fields": {"order_by": "importance/date", "format": "title", "group_dates": true, "show_previous_events": false, "display": "news & events", "news_heading_text": "News", "limit_to": 3, "layout": "stacked", "entity": null, "heading_level": 3, "list_format": "vertical", "events_heading_text": "Events"}}, {"pk": 56, "model": "news_and_events.newsandeventsplugin", "fields": {"order_by": "importance/date", "format": "details image", "group_dates": false, "show_previous_events": false, "display": "news & events", "news_heading_text": "News", "limit_to": 3, "layout": "stacked", "entity": null, "heading_level": 3, "list_format": "horizontal", "events_heading_text": "Events"}}, {"pk": 1, "model": "links.externallink", "fields": {"url": "http://bbc.co.uk/", "kind": 2, "external_site": 3, "description": "", "title": "BBC"}}, {"pk": 3, "model": "links.externallink", "fields": {"url": "https://github.com/SmileyChris/easy-thumbnails", "kind": 1, "external_site": 16, "description": "", "title": "Easy Thumbnails by SmileyChris"}}, {"pk": 2, "model": "links.externallink", "fields": {"url": "http://www.bbc.co.uk/news/world-europe-14035120", "kind": 2, "external_site": 15, "description": "", "title": "Evil spirits prompt Egyptian seed ban"}}, {"pk": 4, "model": "links.externallink", "fields": {"url": "http://docs.djangoproject.com/en/dev/ref/contrib/messages/", "kind": 2, "external_site": 11, "description": "For the purposes of this demo, a link to an external item", "title": "Generic external page"}}, {"pk": 15, "model": "links.externallink", "fields": {"url": "http://www.bbc.co.uk/news/health-13956252", "kind": 2, "external_site": 15, "description": "Mediaeval techniques can double the chance of someone successfully quitting smoking, according to UK researchers.\r\n", "title": "Mediaeval techniques 'help smokers quit'"}}, {"pk": 7, "model": "links.externallink", "fields": {"url": "http://news.bbc.co.uk/abcdef", "kind": 2, "external_site": 8, "description": "from arkestra_settings import *", "title": "New York-Boston East Coast axis of music"}}, {"pk": 8, "model": "links.externallink", "fields": {"url": "http://news.bbc.co.uk/bogu/", "kind": 2, "external_site": 8, "description": "from arkestra_settings import *", "title": "New York-Boston East Coast axis of music"}}, {"pk": 10, "model": "links.externallink", "fields": {"url": "http://news.bbc.co.uk/shjshjhs", "kind": 2, "external_site": 8, "description": "from arkestra_settings import *", "title": "New York-Boston East Coast axis of music"}}, {"pk": 11, "model": "links.externallink", "fields": {"url": "http://news.bbc.co.uk/a", "kind": 2, "external_site": 8, "description": "from arkestra_settings import *", "title": "New York-Boston East Coast axis of music"}}, {"pk": 12, "model": "links.externallink", "fields": {"url": "http://aikidocardiff.com", "kind": 2, "external_site": 13, "description": "from arkestra_settings import *", "title": "New York-Boston East Coast axis of music"}}, {"pk": 13, "model": "links.externallink", "fields": {"url": "http://www.aikidocardiff.com", "kind": 2, "external_site": 14, "description": "from arkestra_settings import *", "title": "New York-Boston East Coast axis of music"}}, {"pk": 14, "model": "links.externallink", "fields": {"url": "http://www.aikidocardiff.com/aghagh", "kind": 2, "external_site": 14, "description": "from arkestra_settings import *", "title": "New York-Boston East Coast axis of music"}}, {"pk": 1, "model": "links.linktype", "fields": {"scheme": "https", "name": "Secure hypertext"}}, {"pk": 2, "model": "links.linktype", "fields": {"scheme": "http", "name": "Hypertext"}}, {"pk": 3, "model": "links.linktype", "fields": {"scheme": "mailto", "name": "Email address"}}, {"pk": 4, "model": "links.linktype", "fields": {"scheme": "ftp", "name": "File Transfer Protocol"}}, {"pk": 3, "model": "links.externalsite", "fields": {"rght": 8, "domain": "bbc.co.uk", "parent": 2, "level": 2, "site": "BBC", "lft": 3, "tree_id": 1}}, {"pk": 4, "model": "links.externalsite", "fields": {"rght": 17, "domain": "ac.uk", "parent": 1, "level": 1, "site": "ac.uk", "lft": 10, "tree_id": 1}}, {"pk": 13, "model": "links.externalsite", "fields": {"rght": 9, "domain": "aikidocardiff.com", "parent": 9, "level": 1, "site": "aikidocardiff.com", "lft": 6, "tree_id": 2}}, {"pk": 5, "model": "links.externalsite", "fields": {"rght": 16, "domain": "cf.ac.uk", "parent": 4, "level": 2, "site": "cf.ac.uk", "lft": 11, "tree_id": 1}}, {"pk": 2, "model": "links.externalsite", "fields": {"rght": 9, "domain": "co.uk", "parent": 1, "level": 1, "site": "co.uk", "lft": 2, "tree_id": 1}}, {"pk": 9, "model": "links.externalsite", "fields": {"rght": 12, "domain": "com", "parent": null, "level": 0, "site": "com", "lft": 1, "tree_id": 2}}, {"pk": 6, "model": "links.externalsite", "fields": {"rght": 15, "domain": "cs.cf.ac.uk", "parent": 5, "level": 3, "site": "cs.cf.ac.uk", "lft": 12, "tree_id": 1}}, {"pk": 10, "model": "links.externalsite", "fields": {"rght": 5, "domain": "djangoproject.com", "parent": 9, "level": 1, "site": "djangoproject.com", "lft": 2, "tree_id": 2}}, {"pk": 11, "model": "links.externalsite", "fields": {"rght": 4, "domain": "docs.djangoproject.com", "parent": 10, "level": 2, "site": "docs.djangoproject.com", "lft": 3, "tree_id": 2}}, {"pk": 16, "model": "links.externalsite", "fields": {"rght": 11, "domain": "github.com", "parent": 9, "level": 1, "site": "github.com", "lft": 10, "tree_id": 2}}, {"pk": 8, "model": "links.externalsite", "fields": {"rght": 5, "domain": "news.bbc.co.uk", "parent": 3, "level": 3, "site": "news.bbc.co.uk", "lft": 4, "tree_id": 1}}, {"pk": 1, "model": "links.externalsite", "fields": {"rght": 18, "domain": "uk", "parent": null, "level": 0, "site": "uk", "lft": 1, "tree_id": 1}}, {"pk": 14, "model": "links.externalsite", "fields": {"rght": 8, "domain": "www.aikidocardiff.com", "parent": 13, "level": 2, "site": "www.aikidocardiff.com", "lft": 7, "tree_id": 2}}, {"pk": 15, "model": "links.externalsite", "fields": {"rght": 7, "domain": "www.bbc.co.uk", "parent": 3, "level": 3, "site": "www.bbc.co.uk", "lft": 6, "tree_id": 1}}, {"pk": 7, "model": "links.externalsite", "fields": {"rght": 14, "domain": "www.cs.cf.ac.uk", "parent": 6, "level": 4, "site": "www.cs.cf.ac.uk", "lft": 13, "tree_id": 1}}, {"pk": 15, "model": "links.genericlinklistplugin", "fields": {"use_link_icons": false, "final_separator": " and ", "separator": ", ", "insert_as": 0}}, {"pk": 57, "model": "links.genericlinklistplugin", "fields": {"use_link_icons": false, "final_separator": " and ", "separator": ", ", "insert_as": 0}}, {"pk": 65, "model": "links.genericlinklistplugin", "fields": {"use_link_icons": false, "final_separator": " and ", "separator": ", ", "insert_as": 0}}, {"pk": 1, "model": "arkestra_utilities.insert", "fields": {"content": 77, "description": "Add a plugin, if you dare", "insertion_point": "newsflash"}}, {"pk": 2, "model": "arkestra_utilities.insert", "fields": {"content": 78, "description": "A site-wide footer", "insertion_point": "footer-disabled"}}, {"pk": 3, "model": "arkestra_utilities.insert", "fields": {"content": 97, "description": null, "insertion_point": "footer"}}, {"pk": 27, "model": "arkestra_image_plugin.filerimage", "fields": {"alt_text": "", "image": 1, "float": null, "use_description_as_caption": false, "height": null, "width": 1000.0, "use_autoscale": false, "aspect_ratio": 0.0, "caption": "This image has been placed in the text and told to size itself automatically."}}, {"pk": 60, "model": "arkestra_image_plugin.filerimage", "fields": {"alt_text": "", "image": 9, "float": "right", "use_description_as_caption": false, "height": null, "width": 25.0, "use_autoscale": false, "aspect_ratio": 0.29999999999999999, "caption": ""}}, {"pk": 61, "model": "arkestra_image_plugin.filerimage", "fields": {"alt_text": "", "image": 9, "float": "left", "use_description_as_caption": false, "height": null, "width": 75.0, "use_autoscale": false, "aspect_ratio": 3.0, "caption": ""}}, {"pk": 62, "model": "arkestra_image_plugin.filerimage", "fields": {"alt_text": "", "image": 9, "float": "left", "use_description_as_caption": false, "height": null, "width": 25.0, "use_autoscale": false, "aspect_ratio": 0.75, "caption": ""}}, {"pk": 63, "model": "arkestra_image_plugin.filerimage", "fields": {"alt_text": "", "image": 9, "float": "left", "use_description_as_caption": false, "height": null, "width": 50.0, "use_autoscale": false, "aspect_ratio": 1.0, "caption": ""}}, {"pk": 64, "model": "arkestra_image_plugin.filerimage", "fields": {"alt_text": "", "image": 9, "float": null, "use_description_as_caption": false, "height": null, "width": 1000.0, "use_autoscale": false, "aspect_ratio": 3.0, "caption": ""}}, {"pk": 66, "model": "arkestra_image_plugin.filerimage", "fields": {"alt_text": "", "image": 12, "float": "right", "use_description_as_caption": false, "height": null, "width": -50.0, "use_autoscale": false, "aspect_ratio": 0.0, "caption": ""}}, {"pk": 67, "model": "arkestra_image_plugin.filerimage", "fields": {"alt_text": "", "image": 10, "float": "right", "use_description_as_caption": false, "height": null, "width": -50.0, "use_autoscale": false, "aspect_ratio": 0.0, "caption": ""}}, {"pk": 3, "model": "semanticeditor.cssclasscategory", "fields": {"name": "Background"}}, {"pk": 2, "model": "semanticeditor.cssclasscategory", "fields": {"name": "Images"}}, {"pk": 1, "model": "semanticeditor.cssclasscategory", "fields": {"name": "Width"}}, {"pk": 1, "model": "semanticeditor.cssclass", "fields": {"category": 1, "templates": "[u'[u\\'[u\\\\\\'[u\"[u\\\\\\\\\\\\\\'arkestra.html\\\\\\\\\\\\\\']\"]\\\\\\']\\']']", "name": "doublecolumn", "allowed_elements": "newcol innercol", "column_equiv": 2, "verbose_name": "double", "description": ""}}, {"pk": 4, "model": "semanticeditor.cssclass", "fields": {"category": 3, "templates": "[u'[u\\'[u\\\\\\'[u\"[u\\\\\\\\\\\\\\'arkestra.html\\\\\\\\\\\\\\']\"]\\\\\\']\\']']", "name": "background green", "allowed_elements": "p blockquote ul ol li newrow newcol innerrow innercol", "column_equiv": null, "verbose_name": "green", "description": ""}}, {"pk": 3, "model": "semanticeditor.cssclass", "fields": {"category": 2, "templates": "[u'[u\\'[u\\\\\\'[u\"[u\\\\\\\\\\\\\\'arkestra.html\\\\\\\\\\\\\\']\"]\\\\\\']\\']']", "name": "image-borders", "allowed_elements": "p newrow newcol innerrow innercol", "column_equiv": null, "verbose_name": "have borders", "description": "Images in this element will have a border"}}, {"pk": 2, "model": "semanticeditor.cssclass", "fields": {"category": 1, "templates": "[u'[u\\'[u\\\\\\'[u\"[u\\\\\\\\\\\\\\'arkestra.html\\\\\\\\\\\\\\']\"]\\\\\\']\\']']", "name": "triplecolumn", "allowed_elements": "newcol innercol", "column_equiv": 3, "verbose_name": "triple", "description": ""}}, {"pk": 1, "model": "easy_thumbnails.source", "fields": {"name": "2011/06/30/0020n040.jpg", "storage_hash": "52617e6399d6f38ea9cbf527bf430616", "modified": "2011-07-04 13:23:36"}}, {"pk": 2, "model": "easy_thumbnails.source", "fields": {"name": "2011/07/06/07.jpg", "storage_hash": "52617e6399d6f38ea9cbf527bf430616", "modified": "2011-09-15 16:44:52"}}, {"pk": 3, "model": "easy_thumbnails.source", "fields": {"name": "2011/07/06/335.jpg", "storage_hash": "52617e6399d6f38ea9cbf527bf430616", "modified": "2011-07-06 17:42:44"}}, {"pk": 4, "model": "easy_thumbnails.source", "fields": {"name": "2011/07/06/johncale.jpg", "storage_hash": "52617e6399d6f38ea9cbf527bf430616", "modified": "2011-07-06 17:42:45"}}, {"pk": 5, "model": "easy_thumbnails.source", "fields": {"name": "2011/07/06/jonathan-richman-101.jpg", "storage_hash": "52617e6399d6f38ea9cbf527bf430616", "modified": "2011-07-06 17:42:46"}}, {"pk": 6, "model": "easy_thumbnails.source", "fields": {"name": "2011/07/06/84_evil-eye.gif", "storage_hash": "52617e6399d6f38ea9cbf527bf430616", "modified": "2011-07-06 19:43:13"}}, {"pk": 7, "model": "easy_thumbnails.source", "fields": {"name": "2011/07/06/tooth.jpg", "storage_hash": "52617e6399d6f38ea9cbf527bf430616", "modified": "2011-07-06 21:42:13"}}, {"pk": 8, "model": "easy_thumbnails.source", "fields": {"name": "2011/07/14/haddock.jpg", "storage_hash": "52617e6399d6f38ea9cbf527bf430616", "modified": "2011-07-14 23:08:41"}}, {"pk": 9, "model": "easy_thumbnails.source", "fields": {"name": "2011/07/28/110.jpg", "storage_hash": "52617e6399d6f38ea9cbf527bf430616", "modified": "2011-07-28 13:46:36"}}, {"pk": 10, "model": "easy_thumbnails.source", "fields": {"name": "2011/07/28/15644525.jpg", "storage_hash": "52617e6399d6f38ea9cbf527bf430616", "modified": "2011-09-18 15:35:24"}}, {"pk": 11, "model": "easy_thumbnails.source", "fields": {"name": "2011/07/28/arrow-down.png", "storage_hash": "52617e6399d6f38ea9cbf527bf430616", "modified": "2011-07-28 23:39:31"}}, {"pk": 12, "model": "easy_thumbnails.source", "fields": {"name": "2011/07/28/arrow-left.png", "storage_hash": "52617e6399d6f38ea9cbf527bf430616", "modified": "2011-07-28 23:39:32"}}, {"pk": 13, "model": "easy_thumbnails.source", "fields": {"name": "2011/07/28/arrow-right.png", "storage_hash": "52617e6399d6f38ea9cbf527bf430616", "modified": "2011-07-28 23:39:33"}}, {"pk": 14, "model": "easy_thumbnails.source", "fields": {"name": "2011/07/28/arrow-up.png", "storage_hash": "52617e6399d6f38ea9cbf527bf430616", "modified": "2011-07-28 23:39:33"}}, {"pk": 15, "model": "easy_thumbnails.source", "fields": {"name": "2011/07/28/arrow-down_1.png", "storage_hash": "52617e6399d6f38ea9cbf527bf430616", "modified": "2011-09-14 23:20:44"}}, {"pk": 16, "model": "easy_thumbnails.source", "fields": {"name": "2011/07/28/arrow-left_1.png", "storage_hash": "52617e6399d6f38ea9cbf527bf430616", "modified": "2011-07-28 23:55:37"}}, {"pk": 17, "model": "easy_thumbnails.source", "fields": {"name": "2011/07/28/arrow-right_1.png", "storage_hash": "52617e6399d6f38ea9cbf527bf430616", "modified": "2011-09-14 23:20:44"}}, {"pk": 18, "model": "easy_thumbnails.source", "fields": {"name": "2011/07/28/arrow-up_1.png", "storage_hash": "52617e6399d6f38ea9cbf527bf430616", "modified": "2011-07-28 23:55:58"}}, {"pk": 19, "model": "easy_thumbnails.source", "fields": {"name": "2011/07/29/normal_carl_perkins.jpg", "storage_hash": "52617e6399d6f38ea9cbf527bf430616", "modified": "2011-07-29 00:10:00"}}, {"pk": 1, "model": "easy_thumbnails.thumbnail", "fields": {"source": 1, "name": "2011/06/30/0020n040.jpg__16x16_q85_crop_upscale.jpg", "storage_hash": "52617e6399d6f38ea9cbf527bf430616", "modified": "2011-06-30 21:24:02"}}, {"pk": 2, "model": "easy_thumbnails.thumbnail", "fields": {"source": 1, "name": "2011/06/30/0020n040.jpg__32x32_q85_crop_upscale.jpg", "storage_hash": "52617e6399d6f38ea9cbf527bf430616", "modified": "2011-06-30 21:24:03"}}, {"pk": 3, "model": "easy_thumbnails.thumbnail", "fields": {"source": 1, "name": "2011/06/30/0020n040.jpg__48x48_q85_crop_upscale.jpg", "storage_hash": "52617e6399d6f38ea9cbf527bf430616", "modified": "2011-06-30 21:24:03"}}, {"pk": 4, "model": "easy_thumbnails.thumbnail", "fields": {"source": 1, "name": "2011/06/30/0020n040.jpg__64x64_q85_crop_upscale.jpg", "storage_hash": "52617e6399d6f38ea9cbf527bf430616", "modified": "2011-06-30 21:24:03"}}, {"pk": 5, "model": "easy_thumbnails.thumbnail", "fields": {"source": 1, "name": "2011/06/30/0020n040.jpg__210x10000_q85.jpg", "storage_hash": "52617e6399d6f38ea9cbf527bf430616", "modified": "2011-06-30 21:26:58"}}, {"pk": 6, "model": "easy_thumbnails.thumbnail", "fields": {"source": 1, "name": "2011/06/30/0020n040.jpg__16x16_q85_crop_subject_location-178,292_upscale.jpg", "storage_hash": "52617e6399d6f38ea9cbf527bf430616", "modified": "2011-07-10 13:48:29"}}, {"pk": 7, "model": "easy_thumbnails.thumbnail", "fields": {"source": 1, "name": "2011/06/30/0020n040.jpg__32x32_q85_crop_subject_location-178,292_upscale.jpg", "storage_hash": "52617e6399d6f38ea9cbf527bf430616", "modified": "2011-07-10 13:48:29"}}, {"pk": 8, "model": "easy_thumbnails.thumbnail", "fields": {"source": 1, "name": "2011/06/30/0020n040.jpg__48x48_q85_crop_subject_location-178,292_upscale.jpg", "storage_hash": "52617e6399d6f38ea9cbf527bf430616", "modified": "2011-07-10 13:48:29"}}, {"pk": 9, "model": "easy_thumbnails.thumbnail", "fields": {"source": 1, "name": "2011/06/30/0020n040.jpg__64x64_q85_crop_subject_location-178,292_upscale.jpg", "storage_hash": "52617e6399d6f38ea9cbf527bf430616", "modified": "2011-07-10 13:48:29"}}, {"pk": 10, "model": "easy_thumbnails.thumbnail", "fields": {"source": 1, "name": "2011/06/30/0020n040.jpg__363x475_q85_crop_subject_location-178,292.jpg", "storage_hash": "52617e6399d6f38ea9cbf527bf430616", "modified": "2011-07-05 22:10:54"}}, {"pk": 11, "model": "easy_thumbnails.thumbnail", "fields": {"source": 1, "name": "2011/06/30/0020n040.jpg__235x307_q85_crop_subject_location-178,292.jpg", "storage_hash": "52617e6399d6f38ea9cbf527bf430616", "modified": "2011-07-10 11:34:21"}}, {"pk": 12, "model": "easy_thumbnails.thumbnail", "fields": {"source": 2, "name": "2011/07/06/07.jpg__16x16_q85_crop_upscale.jpg", "storage_hash": "52617e6399d6f38ea9cbf527bf430616", "modified": "2011-07-06 17:42:42"}}, {"pk": 13, "model": "easy_thumbnails.thumbnail", "fields": {"source": 2, "name": "2011/07/06/07.jpg__32x32_q85_crop_upscale.jpg", "storage_hash": "52617e6399d6f38ea9cbf527bf430616", "modified": "2011-07-06 17:42:42"}}, {"pk": 14, "model": "easy_thumbnails.thumbnail", "fields": {"source": 2, "name": "2011/07/06/07.jpg__48x48_q85_crop_upscale.jpg", "storage_hash": "52617e6399d6f38ea9cbf527bf430616", "modified": "2011-09-29 12:50:03"}}, {"pk": 15, "model": "easy_thumbnails.thumbnail", "fields": {"source": 2, "name": "2011/07/06/07.jpg__64x64_q85_crop_upscale.jpg", "storage_hash": "52617e6399d6f38ea9cbf527bf430616", "modified": "2011-07-06 17:42:42"}}, {"pk": 16, "model": "easy_thumbnails.thumbnail", "fields": {"source": 3, "name": "2011/07/06/335.jpg__16x16_q85_crop_upscale.jpg", "storage_hash": "52617e6399d6f38ea9cbf527bf430616", "modified": "2011-07-06 17:42:44"}}, {"pk": 17, "model": "easy_thumbnails.thumbnail", "fields": {"source": 3, "name": "2011/07/06/335.jpg__32x32_q85_crop_upscale.jpg", "storage_hash": "52617e6399d6f38ea9cbf527bf430616", "modified": "2011-07-06 17:42:44"}}, {"pk": 18, "model": "easy_thumbnails.thumbnail", "fields": {"source": 3, "name": "2011/07/06/335.jpg__48x48_q85_crop_upscale.jpg", "storage_hash": "52617e6399d6f38ea9cbf527bf430616", "modified": "2011-07-06 17:42:44"}}, {"pk": 19, "model": "easy_thumbnails.thumbnail", "fields": {"source": 3, "name": "2011/07/06/335.jpg__64x64_q85_crop_upscale.jpg", "storage_hash": "52617e6399d6f38ea9cbf527bf430616", "modified": "2011-07-06 17:42:44"}}, {"pk": 20, "model": "easy_thumbnails.thumbnail", "fields": {"source": 4, "name": "2011/07/06/johncale.jpg__16x16_q85_crop_upscale.jpg", "storage_hash": "52617e6399d6f38ea9cbf527bf430616", "modified": "2011-07-06 17:42:45"}}, {"pk": 21, "model": "easy_thumbnails.thumbnail", "fields": {"source": 4, "name": "2011/07/06/johncale.jpg__32x32_q85_crop_upscale.jpg", "storage_hash": "52617e6399d6f38ea9cbf527bf430616", "modified": "2011-07-06 17:42:45"}}, {"pk": 22, "model": "easy_thumbnails.thumbnail", "fields": {"source": 4, "name": "2011/07/06/johncale.jpg__48x48_q85_crop_upscale.jpg", "storage_hash": "52617e6399d6f38ea9cbf527bf430616", "modified": "2011-07-06 17:42:45"}}, {"pk": 23, "model": "easy_thumbnails.thumbnail", "fields": {"source": 4, "name": "2011/07/06/johncale.jpg__64x64_q85_crop_upscale.jpg", "storage_hash": "52617e6399d6f38ea9cbf527bf430616", "modified": "2011-07-06 17:42:45"}}, {"pk": 24, "model": "easy_thumbnails.thumbnail", "fields": {"source": 5, "name": "2011/07/06/jonathan-richman-101.jpg__16x16_q85_crop_upscale.jpg", "storage_hash": "52617e6399d6f38ea9cbf527bf430616", "modified": "2011-07-06 17:42:46"}}, {"pk": 25, "model": "easy_thumbnails.thumbnail", "fields": {"source": 5, "name": "2011/07/06/jonathan-richman-101.jpg__32x32_q85_crop_upscale.jpg", "storage_hash": "52617e6399d6f38ea9cbf527bf430616", "modified": "2011-07-06 17:42:46"}}, {"pk": 26, "model": "easy_thumbnails.thumbnail", "fields": {"source": 5, "name": "2011/07/06/jonathan-richman-101.jpg__48x48_q85_crop_upscale.jpg", "storage_hash": "52617e6399d6f38ea9cbf527bf430616", "modified": "2011-07-06 17:42:46"}}, {"pk": 27, "model": "easy_thumbnails.thumbnail", "fields": {"source": 5, "name": "2011/07/06/jonathan-richman-101.jpg__64x64_q85_crop_upscale.jpg", "storage_hash": "52617e6399d6f38ea9cbf527bf430616", "modified": "2011-07-06 17:42:46"}}, {"pk": 28, "model": "easy_thumbnails.thumbnail", "fields": {"source": 2, "name": "2011/07/06/07.jpg__210x10000_q85.jpg", "storage_hash": "52617e6399d6f38ea9cbf527bf430616", "modified": "2011-07-06 17:42:56"}}, {"pk": 29, "model": "easy_thumbnails.thumbnail", "fields": {"source": 2, "name": "2011/07/06/07.jpg__16x16_q85_crop_subject_location-257,117_upscale.jpg", "storage_hash": "52617e6399d6f38ea9cbf527bf430616", "modified": "2011-07-13 15:23:43"}}, {"pk": 30, "model": "easy_thumbnails.thumbnail", "fields": {"source": 2, "name": "2011/07/06/07.jpg__32x32_q85_crop_subject_location-257,117_upscale.jpg", "storage_hash": "52617e6399d6f38ea9cbf527bf430616", "modified": "2011-07-13 15:23:43"}}, {"pk": 31, "model": "easy_thumbnails.thumbnail", "fields": {"source": 2, "name": "2011/07/06/07.jpg__48x48_q85_crop_subject_location-257,117_upscale.jpg", "storage_hash": "52617e6399d6f38ea9cbf527bf430616", "modified": "2011-07-13 15:23:43"}}, {"pk": 32, "model": "easy_thumbnails.thumbnail", "fields": {"source": 2, "name": "2011/07/06/07.jpg__64x64_q85_crop_subject_location-257,117_upscale.jpg", "storage_hash": "52617e6399d6f38ea9cbf527bf430616", "modified": "2011-07-13 15:23:43"}}, {"pk": 33, "model": "easy_thumbnails.thumbnail", "fields": {"source": 3, "name": "2011/07/06/335.jpg__210x10000_q85.jpg", "storage_hash": "52617e6399d6f38ea9cbf527bf430616", "modified": "2011-07-06 17:43:08"}}, {"pk": 34, "model": "easy_thumbnails.thumbnail", "fields": {"source": 3, "name": "2011/07/06/335.jpg__16x16_q85_crop_subject_location-249,172_upscale.jpg", "storage_hash": "52617e6399d6f38ea9cbf527bf430616", "modified": "2011-07-13 15:23:47"}}, {"pk": 35, "model": "easy_thumbnails.thumbnail", "fields": {"source": 3, "name": "2011/07/06/335.jpg__32x32_q85_crop_subject_location-249,172_upscale.jpg", "storage_hash": "52617e6399d6f38ea9cbf527bf430616", "modified": "2011-07-13 15:23:47"}}, {"pk": 36, "model": "easy_thumbnails.thumbnail", "fields": {"source": 3, "name": "2011/07/06/335.jpg__48x48_q85_crop_subject_location-249,172_upscale.jpg", "storage_hash": "52617e6399d6f38ea9cbf527bf430616", "modified": "2011-07-13 15:23:47"}}, {"pk": 37, "model": "easy_thumbnails.thumbnail", "fields": {"source": 3, "name": "2011/07/06/335.jpg__64x64_q85_crop_subject_location-249,172_upscale.jpg", "storage_hash": "52617e6399d6f38ea9cbf527bf430616", "modified": "2011-07-13 15:23:47"}}, {"pk": 38, "model": "easy_thumbnails.thumbnail", "fields": {"source": 4, "name": "2011/07/06/johncale.jpg__210x10000_q85.jpg", "storage_hash": "52617e6399d6f38ea9cbf527bf430616", "modified": "2011-07-06 17:43:22"}}, {"pk": 39, "model": "easy_thumbnails.thumbnail", "fields": {"source": 4, "name": "2011/07/06/johncale.jpg__16x16_q85_crop_subject_location-233,86_upscale.jpg", "storage_hash": "52617e6399d6f38ea9cbf527bf430616", "modified": "2011-07-13 15:23:46"}}, {"pk": 40, "model": "easy_thumbnails.thumbnail", "fields": {"source": 4, "name": "2011/07/06/johncale.jpg__32x32_q85_crop_subject_location-233,86_upscale.jpg", "storage_hash": "52617e6399d6f38ea9cbf527bf430616", "modified": "2011-07-13 15:23:46"}}, {"pk": 41, "model": "easy_thumbnails.thumbnail", "fields": {"source": 4, "name": "2011/07/06/johncale.jpg__48x48_q85_crop_subject_location-233,86_upscale.jpg", "storage_hash": "52617e6399d6f38ea9cbf527bf430616", "modified": "2011-07-13 15:23:47"}}, {"pk": 42, "model": "easy_thumbnails.thumbnail", "fields": {"source": 4, "name": "2011/07/06/johncale.jpg__64x64_q85_crop_subject_location-233,86_upscale.jpg", "storage_hash": "52617e6399d6f38ea9cbf527bf430616", "modified": "2011-07-13 15:23:47"}}, {"pk": 43, "model": "easy_thumbnails.thumbnail", "fields": {"source": 5, "name": "2011/07/06/jonathan-richman-101.jpg__210x10000_q85.jpg", "storage_hash": "52617e6399d6f38ea9cbf527bf430616", "modified": "2011-07-06 17:43:32"}}, {"pk": 44, "model": "easy_thumbnails.thumbnail", "fields": {"source": 5, "name": "2011/07/06/jonathan-richman-101.jpg__16x16_q85_crop_subject_location-189,101_upscale.jpg", "storage_hash": "52617e6399d6f38ea9cbf527bf430616", "modified": "2011-07-13 15:23:47"}}, {"pk": 45, "model": "easy_thumbnails.thumbnail", "fields": {"source": 5, "name": "2011/07/06/jonathan-richman-101.jpg__32x32_q85_crop_subject_location-189,101_upscale.jpg", "storage_hash": "52617e6399d6f38ea9cbf527bf430616", "modified": "2011-07-13 15:23:47"}}, {"pk": 46, "model": "easy_thumbnails.thumbnail", "fields": {"source": 5, "name": "2011/07/06/jonathan-richman-101.jpg__48x48_q85_crop_subject_location-189,101_upscale.jpg", "storage_hash": "52617e6399d6f38ea9cbf527bf430616", "modified": "2011-07-13 15:23:47"}}, {"pk": 47, "model": "easy_thumbnails.thumbnail", "fields": {"source": 5, "name": "2011/07/06/jonathan-richman-101.jpg__64x64_q85_crop_subject_location-189,101_upscale.jpg", "storage_hash": "52617e6399d6f38ea9cbf527bf430616", "modified": "2011-07-13 15:23:47"}}, {"pk": 48, "model": "easy_thumbnails.thumbnail", "fields": {"source": 3, "name": "2011/07/06/335.jpg__75x75_q85_crop_subject_location-249,172.jpg", "storage_hash": "52617e6399d6f38ea9cbf527bf430616", "modified": "2011-07-10 14:55:13"}}, {"pk": 49, "model": "easy_thumbnails.thumbnail", "fields": {"source": 2, "name": "2011/07/06/07.jpg__75x75_q85_crop_subject_location-257,117.jpg", "storage_hash": "52617e6399d6f38ea9cbf527bf430616", "modified": "2011-07-10 11:34:22"}}, {"pk": 50, "model": "easy_thumbnails.thumbnail", "fields": {"source": 5, "name": "2011/07/06/jonathan-richman-101.jpg__75x75_q85_crop_subject_location-189,101.jpg", "storage_hash": "52617e6399d6f38ea9cbf527bf430616", "modified": "2011-07-10 14:55:13"}}, {"pk": 51, "model": "easy_thumbnails.thumbnail", "fields": {"source": 6, "name": "2011/07/06/84_evil-eye.gif__16x16_q85_crop_upscale.jpg", "storage_hash": "52617e6399d6f38ea9cbf527bf430616", "modified": "2011-07-06 19:43:13"}}, {"pk": 52, "model": "easy_thumbnails.thumbnail", "fields": {"source": 6, "name": "2011/07/06/84_evil-eye.gif__32x32_q85_crop_upscale.jpg", "storage_hash": "52617e6399d6f38ea9cbf527bf430616", "modified": "2011-07-06 19:43:13"}}, {"pk": 53, "model": "easy_thumbnails.thumbnail", "fields": {"source": 6, "name": "2011/07/06/84_evil-eye.gif__48x48_q85_crop_upscale.jpg", "storage_hash": "52617e6399d6f38ea9cbf527bf430616", "modified": "2011-07-06 19:43:13"}}, {"pk": 54, "model": "easy_thumbnails.thumbnail", "fields": {"source": 6, "name": "2011/07/06/84_evil-eye.gif__64x64_q85_crop_upscale.jpg", "storage_hash": "52617e6399d6f38ea9cbf527bf430616", "modified": "2011-07-06 19:43:13"}}, {"pk": 55, "model": "easy_thumbnails.thumbnail", "fields": {"source": 6, "name": "2011/07/06/84_evil-eye.gif__210x10000_q85.jpg", "storage_hash": "52617e6399d6f38ea9cbf527bf430616", "modified": "2011-07-06 19:43:21"}}, {"pk": 56, "model": "easy_thumbnails.thumbnail", "fields": {"source": 6, "name": "2011/07/06/84_evil-eye.gif__16x16_q85_crop_subject_location-215,161_upscale.jpg", "storage_hash": "52617e6399d6f38ea9cbf527bf430616", "modified": "2011-07-14 23:07:47"}}, {"pk": 57, "model": "easy_thumbnails.thumbnail", "fields": {"source": 6, "name": "2011/07/06/84_evil-eye.gif__32x32_q85_crop_subject_location-215,161_upscale.jpg", "storage_hash": "52617e6399d6f38ea9cbf527bf430616", "modified": "2011-07-14 23:07:47"}}, {"pk": 58, "model": "easy_thumbnails.thumbnail", "fields": {"source": 6, "name": "2011/07/06/84_evil-eye.gif__48x48_q85_crop_subject_location-215,161_upscale.jpg", "storage_hash": "52617e6399d6f38ea9cbf527bf430616", "modified": "2011-07-14 23:07:47"}}, {"pk": 59, "model": "easy_thumbnails.thumbnail", "fields": {"source": 6, "name": "2011/07/06/84_evil-eye.gif__64x64_q85_crop_subject_location-215,161_upscale.jpg", "storage_hash": "52617e6399d6f38ea9cbf527bf430616", "modified": "2011-07-14 23:07:47"}}, {"pk": 60, "model": "easy_thumbnails.thumbnail", "fields": {"source": 6, "name": "2011/07/06/84_evil-eye.gif__75x75_q85_crop.jpg", "storage_hash": "52617e6399d6f38ea9cbf527bf430616", "modified": "2011-07-06 20:17:26"}}, {"pk": 61, "model": "easy_thumbnails.thumbnail", "fields": {"source": 7, "name": "2011/07/06/tooth.jpg__16x16_q85_crop_upscale.jpg", "storage_hash": "52617e6399d6f38ea9cbf527bf430616", "modified": "2011-07-14 23:07:47"}}, {"pk": 62, "model": "easy_thumbnails.thumbnail", "fields": {"source": 7, "name": "2011/07/06/tooth.jpg__32x32_q85_crop_upscale.jpg", "storage_hash": "52617e6399d6f38ea9cbf527bf430616", "modified": "2011-07-14 23:07:47"}}, {"pk": 63, "model": "easy_thumbnails.thumbnail", "fields": {"source": 7, "name": "2011/07/06/tooth.jpg__48x48_q85_crop_upscale.jpg", "storage_hash": "52617e6399d6f38ea9cbf527bf430616", "modified": "2011-07-14 23:07:48"}}, {"pk": 64, "model": "easy_thumbnails.thumbnail", "fields": {"source": 7, "name": "2011/07/06/tooth.jpg__64x64_q85_crop_upscale.jpg", "storage_hash": "52617e6399d6f38ea9cbf527bf430616", "modified": "2011-07-14 23:07:48"}}, {"pk": 65, "model": "easy_thumbnails.thumbnail", "fields": {"source": 7, "name": "2011/07/06/tooth.jpg__210x10000_q85.jpg", "storage_hash": "52617e6399d6f38ea9cbf527bf430616", "modified": "2011-07-06 21:42:20"}}, {"pk": 66, "model": "easy_thumbnails.thumbnail", "fields": {"source": 7, "name": "2011/07/06/tooth.jpg__75x75_q85_crop.jpg", "storage_hash": "52617e6399d6f38ea9cbf527bf430616", "modified": "2011-07-10 11:34:13"}}, {"pk": 67, "model": "easy_thumbnails.thumbnail", "fields": {"source": 7, "name": "2011/07/06/tooth.jpg__227x0_q85.jpg", "storage_hash": "52617e6399d6f38ea9cbf527bf430616", "modified": "2011-09-05 13:45:18"}}, {"pk": 68, "model": "easy_thumbnails.thumbnail", "fields": {"source": 6, "name": "2011/07/06/84_evil-eye.gif__75x75_q85_crop_subject_location-215,161.jpg", "storage_hash": "52617e6399d6f38ea9cbf527bf430616", "modified": "2011-07-10 11:34:13"}}, {"pk": 69, "model": "easy_thumbnails.thumbnail", "fields": {"source": 6, "name": "2011/07/06/84_evil-eye.gif__227x0_q85_subject_location-215,161.jpg", "storage_hash": "52617e6399d6f38ea9cbf527bf430616", "modified": "2011-07-07 01:53:12"}}, {"pk": 70, "model": "easy_thumbnails.thumbnail", "fields": {"source": 1, "name": "2011/06/30/0020n040.jpg__210x10000_q85_subject_location-178,292.jpg", "storage_hash": "52617e6399d6f38ea9cbf527bf430616", "modified": "2011-07-10 13:48:49"}}, {"pk": 71, "model": "easy_thumbnails.thumbnail", "fields": {"source": 1, "name": "2011/06/30/0020n040.jpg__171x224_q85_crop_subject_location-178,292.jpg", "storage_hash": "52617e6399d6f38ea9cbf527bf430616", "modified": "2011-07-10 14:47:52"}}, {"pk": 72, "model": "easy_thumbnails.thumbnail", "fields": {"source": 8, "name": "2011/07/14/haddock.jpg__16x16_q85_crop_upscale.jpg", "storage_hash": "52617e6399d6f38ea9cbf527bf430616", "modified": "2011-07-14 23:08:41"}}, {"pk": 73, "model": "easy_thumbnails.thumbnail", "fields": {"source": 8, "name": "2011/07/14/haddock.jpg__32x32_q85_crop_upscale.jpg", "storage_hash": "52617e6399d6f38ea9cbf527bf430616", "modified": "2011-07-14 23:08:41"}}, {"pk": 74, "model": "easy_thumbnails.thumbnail", "fields": {"source": 8, "name": "2011/07/14/haddock.jpg__48x48_q85_crop_upscale.jpg", "storage_hash": "52617e6399d6f38ea9cbf527bf430616", "modified": "2011-07-14 23:08:41"}}, {"pk": 75, "model": "easy_thumbnails.thumbnail", "fields": {"source": 8, "name": "2011/07/14/haddock.jpg__64x64_q85_crop_upscale.jpg", "storage_hash": "52617e6399d6f38ea9cbf527bf430616", "modified": "2011-07-14 23:08:41"}}, {"pk": 76, "model": "easy_thumbnails.thumbnail", "fields": {"source": 8, "name": "2011/07/14/haddock.jpg__210x10000_q85.jpg", "storage_hash": "52617e6399d6f38ea9cbf527bf430616", "modified": "2011-07-14 23:08:45"}}, {"pk": 77, "model": "easy_thumbnails.thumbnail", "fields": {"source": 8, "name": "2011/07/14/haddock.jpg__16x16_q85_crop_subject_location-161,98_upscale.jpg", "storage_hash": "52617e6399d6f38ea9cbf527bf430616", "modified": "2011-07-14 23:08:53"}}, {"pk": 78, "model": "easy_thumbnails.thumbnail", "fields": {"source": 8, "name": "2011/07/14/haddock.jpg__32x32_q85_crop_subject_location-161,98_upscale.jpg", "storage_hash": "52617e6399d6f38ea9cbf527bf430616", "modified": "2011-07-14 23:08:53"}}, {"pk": 79, "model": "easy_thumbnails.thumbnail", "fields": {"source": 8, "name": "2011/07/14/haddock.jpg__48x48_q85_crop_subject_location-161,98_upscale.jpg", "storage_hash": "52617e6399d6f38ea9cbf527bf430616", "modified": "2011-07-14 23:08:53"}}, {"pk": 80, "model": "easy_thumbnails.thumbnail", "fields": {"source": 8, "name": "2011/07/14/haddock.jpg__64x64_q85_crop_subject_location-161,98_upscale.jpg", "storage_hash": "52617e6399d6f38ea9cbf527bf430616", "modified": "2011-07-14 23:08:53"}}, {"pk": 81, "model": "easy_thumbnails.thumbnail", "fields": {"source": 8, "name": "2011/07/14/haddock.jpg__75x75_q85_crop_subject_location-161,98.jpg", "storage_hash": "52617e6399d6f38ea9cbf527bf430616", "modified": "2011-07-14 23:09:10"}}, {"pk": 82, "model": "easy_thumbnails.thumbnail", "fields": {"source": 8, "name": "2011/07/14/haddock.jpg__210x10000_q85_subject_location-161,98.jpg", "storage_hash": "52617e6399d6f38ea9cbf527bf430616", "modified": "2011-07-15 08:27:05"}}, {"pk": 83, "model": "easy_thumbnails.thumbnail", "fields": {"source": 1, "name": "2011/06/30/0020n040.jpg__132x173_q85_crop_subject_location-178,292.jpg", "storage_hash": "52617e6399d6f38ea9cbf527bf430616", "modified": "2011-07-27 18:16:04"}}, {"pk": 84, "model": "easy_thumbnails.thumbnail", "fields": {"source": 9, "name": "2011/07/28/110.jpg__16x16_q85_crop_upscale.jpg", "storage_hash": "52617e6399d6f38ea9cbf527bf430616", "modified": "2011-07-28 13:46:36"}}, {"pk": 85, "model": "easy_thumbnails.thumbnail", "fields": {"source": 9, "name": "2011/07/28/110.jpg__32x32_q85_crop_upscale.jpg", "storage_hash": "52617e6399d6f38ea9cbf527bf430616", "modified": "2011-07-28 13:46:36"}}, {"pk": 86, "model": "easy_thumbnails.thumbnail", "fields": {"source": 9, "name": "2011/07/28/110.jpg__48x48_q85_crop_upscale.jpg", "storage_hash": "52617e6399d6f38ea9cbf527bf430616", "modified": "2011-07-28 13:46:36"}}, {"pk": 87, "model": "easy_thumbnails.thumbnail", "fields": {"source": 9, "name": "2011/07/28/110.jpg__64x64_q85_crop_upscale.jpg", "storage_hash": "52617e6399d6f38ea9cbf527bf430616", "modified": "2011-07-28 13:46:36"}}, {"pk": 88, "model": "easy_thumbnails.thumbnail", "fields": {"source": 9, "name": "2011/07/28/110.jpg__210x10000_q85.jpg", "storage_hash": "52617e6399d6f38ea9cbf527bf430616", "modified": "2011-07-28 13:46:39"}}, {"pk": 89, "model": "easy_thumbnails.thumbnail", "fields": {"source": 9, "name": "2011/07/28/110.jpg__16x16_q85_crop_subject_location-288,235_upscale.jpg", "storage_hash": "52617e6399d6f38ea9cbf527bf430616", "modified": "2011-07-28 13:46:50"}}, {"pk": 90, "model": "easy_thumbnails.thumbnail", "fields": {"source": 9, "name": "2011/07/28/110.jpg__32x32_q85_crop_subject_location-288,235_upscale.jpg", "storage_hash": "52617e6399d6f38ea9cbf527bf430616", "modified": "2011-07-28 13:46:50"}}, {"pk": 91, "model": "easy_thumbnails.thumbnail", "fields": {"source": 9, "name": "2011/07/28/110.jpg__48x48_q85_crop_subject_location-288,235_upscale.jpg", "storage_hash": "52617e6399d6f38ea9cbf527bf430616", "modified": "2011-07-28 13:46:50"}}, {"pk": 92, "model": "easy_thumbnails.thumbnail", "fields": {"source": 9, "name": "2011/07/28/110.jpg__64x64_q85_crop_subject_location-288,235_upscale.jpg", "storage_hash": "52617e6399d6f38ea9cbf527bf430616", "modified": "2011-07-28 13:46:50"}}, {"pk": 93, "model": "easy_thumbnails.thumbnail", "fields": {"source": 9, "name": "2011/07/28/110.jpg__75x75_q85_crop_subject_location-288,235.jpg", "storage_hash": "52617e6399d6f38ea9cbf527bf430616", "modified": "2011-07-28 13:47:06"}}, {"pk": 94, "model": "easy_thumbnails.thumbnail", "fields": {"source": 9, "name": "2011/07/28/110.jpg__210x10000_q85_subject_location-288,235.jpg", "storage_hash": "52617e6399d6f38ea9cbf527bf430616", "modified": "2011-07-28 15:11:24"}}, {"pk": 95, "model": "easy_thumbnails.thumbnail", "fields": {"source": 9, "name": "2011/07/28/110.jpg__182x607_q85_crop_subject_location-288,235.jpg", "storage_hash": "52617e6399d6f38ea9cbf527bf430616", "modified": "2011-07-28 15:12:55"}}, {"pk": 96, "model": "easy_thumbnails.thumbnail", "fields": {"source": 9, "name": "2011/07/28/110.jpg__556x185_q85_crop_subject_location-288,235.jpg", "storage_hash": "52617e6399d6f38ea9cbf527bf430616", "modified": "2011-07-28 15:12:55"}}, {"pk": 97, "model": "easy_thumbnails.thumbnail", "fields": {"source": 9, "name": "2011/07/28/110.jpg__182x180_q85_crop_subject_location-288,235.jpg", "storage_hash": "52617e6399d6f38ea9cbf527bf430616", "modified": "2011-07-28 15:12:55"}}, {"pk": 98, "model": "easy_thumbnails.thumbnail", "fields": {"source": 9, "name": "2011/07/28/110.jpg__369x369_q85_crop_subject_location-288,235.jpg", "storage_hash": "52617e6399d6f38ea9cbf527bf430616", "modified": "2011-07-28 15:12:55"}}, {"pk": 99, "model": "easy_thumbnails.thumbnail", "fields": {"source": 9, "name": "2011/07/28/110.jpg__244x244_q85_crop_subject_location-288,235.jpg", "storage_hash": "52617e6399d6f38ea9cbf527bf430616", "modified": "2011-07-28 15:17:33"}}, {"pk": 100, "model": "easy_thumbnails.thumbnail", "fields": {"source": 9, "name": "2011/07/28/110.jpg__215x716_q85_crop_subject_location-288,235.jpg", "storage_hash": "52617e6399d6f38ea9cbf527bf430616", "modified": "2011-07-28 15:18:36"}}, {"pk": 101, "model": "easy_thumbnails.thumbnail", "fields": {"source": 9, "name": "2011/07/28/110.jpg__655x218_q85_crop_subject_location-288,235.jpg", "storage_hash": "52617e6399d6f38ea9cbf527bf430616", "modified": "2011-07-28 15:18:37"}}, {"pk": 102, "model": "easy_thumbnails.thumbnail", "fields": {"source": 9, "name": "2011/07/28/110.jpg__215x212_q85_crop_subject_location-288,235.jpg", "storage_hash": "52617e6399d6f38ea9cbf527bf430616", "modified": "2011-07-28 15:18:37"}}, {"pk": 103, "model": "easy_thumbnails.thumbnail", "fields": {"source": 9, "name": "2011/07/28/110.jpg__288x288_q85_crop_subject_location-288,235.jpg", "storage_hash": "52617e6399d6f38ea9cbf527bf430616", "modified": "2011-07-28 15:18:37"}}, {"pk": 104, "model": "easy_thumbnails.thumbnail", "fields": {"source": 9, "name": "2011/07/28/110.jpg__214x714_q85_crop_subject_location-288,235.jpg", "storage_hash": "52617e6399d6f38ea9cbf527bf430616", "modified": "2011-07-28 15:19:03"}}, {"pk": 105, "model": "easy_thumbnails.thumbnail", "fields": {"source": 9, "name": "2011/07/28/110.jpg__653x217_q85_crop_subject_location-288,235.jpg", "storage_hash": "52617e6399d6f38ea9cbf527bf430616", "modified": "2011-07-28 15:19:03"}}, {"pk": 106, "model": "easy_thumbnails.thumbnail", "fields": {"source": 9, "name": "2011/07/28/110.jpg__214x212_q85_crop_subject_location-288,235.jpg", "storage_hash": "52617e6399d6f38ea9cbf527bf430616", "modified": "2011-07-28 15:19:03"}}, {"pk": 107, "model": "easy_thumbnails.thumbnail", "fields": {"source": 9, "name": "2011/07/28/110.jpg__287x287_q85_crop_subject_location-288,235.jpg", "storage_hash": "52617e6399d6f38ea9cbf527bf430616", "modified": "2011-07-28 15:19:03"}}, {"pk": 108, "model": "easy_thumbnails.thumbnail", "fields": {"source": 9, "name": "2011/07/28/110.jpg__195x650_q85_crop_subject_location-288,235.jpg", "storage_hash": "52617e6399d6f38ea9cbf527bf430616", "modified": "2011-07-28 15:19:10"}}, {"pk": 109, "model": "easy_thumbnails.thumbnail", "fields": {"source": 9, "name": "2011/07/28/110.jpg__595x198_q85_crop_subject_location-288,235.jpg", "storage_hash": "52617e6399d6f38ea9cbf527bf430616", "modified": "2011-07-28 15:19:10"}}, {"pk": 110, "model": "easy_thumbnails.thumbnail", "fields": {"source": 9, "name": "2011/07/28/110.jpg__195x193_q85_crop_subject_location-288,235.jpg", "storage_hash": "52617e6399d6f38ea9cbf527bf430616", "modified": "2011-07-28 15:19:10"}}, {"pk": 111, "model": "easy_thumbnails.thumbnail", "fields": {"source": 9, "name": "2011/07/28/110.jpg__261x261_q85_crop_subject_location-288,235.jpg", "storage_hash": "52617e6399d6f38ea9cbf527bf430616", "modified": "2011-07-28 15:19:10"}}, {"pk": 112, "model": "easy_thumbnails.thumbnail", "fields": {"source": 9, "name": "2011/07/28/110.jpg__214x713_q85_crop_subject_location-288,235.jpg", "storage_hash": "52617e6399d6f38ea9cbf527bf430616", "modified": "2011-07-28 15:19:18"}}, {"pk": 113, "model": "easy_thumbnails.thumbnail", "fields": {"source": 9, "name": "2011/07/28/110.jpg__652x217_q85_crop_subject_location-288,235.jpg", "storage_hash": "52617e6399d6f38ea9cbf527bf430616", "modified": "2011-07-28 15:19:18"}}, {"pk": 114, "model": "easy_thumbnails.thumbnail", "fields": {"source": 9, "name": "2011/07/28/110.jpg__214x211_q85_crop_subject_location-288,235.jpg", "storage_hash": "52617e6399d6f38ea9cbf527bf430616", "modified": "2011-07-28 15:19:18"}}, {"pk": 115, "model": "easy_thumbnails.thumbnail", "fields": {"source": 9, "name": "2011/07/28/110.jpg__286x286_q85_crop_subject_location-288,235.jpg", "storage_hash": "52617e6399d6f38ea9cbf527bf430616", "modified": "2011-07-28 15:19:18"}}, {"pk": 116, "model": "easy_thumbnails.thumbnail", "fields": {"source": 9, "name": "2011/07/28/110.jpg__207x691_q85_crop_subject_location-288,235.jpg", "storage_hash": "52617e6399d6f38ea9cbf527bf430616", "modified": "2011-07-28 15:19:28"}}, {"pk": 117, "model": "easy_thumbnails.thumbnail", "fields": {"source": 9, "name": "2011/07/28/110.jpg__632x210_q85_crop_subject_location-288,235.jpg", "storage_hash": "52617e6399d6f38ea9cbf527bf430616", "modified": "2011-07-28 15:19:28"}}, {"pk": 118, "model": "easy_thumbnails.thumbnail", "fields": {"source": 9, "name": "2011/07/28/110.jpg__207x205_q85_crop_subject_location-288,235.jpg", "storage_hash": "52617e6399d6f38ea9cbf527bf430616", "modified": "2011-07-28 15:19:29"}}, {"pk": 119, "model": "easy_thumbnails.thumbnail", "fields": {"source": 9, "name": "2011/07/28/110.jpg__278x278_q85_crop_subject_location-288,235.jpg", "storage_hash": "52617e6399d6f38ea9cbf527bf430616", "modified": "2011-07-28 15:19:29"}}, {"pk": 120, "model": "easy_thumbnails.thumbnail", "fields": {"source": 9, "name": "2011/07/28/110.jpg__205x683_q85_crop_subject_location-288,235.jpg", "storage_hash": "52617e6399d6f38ea9cbf527bf430616", "modified": "2011-07-28 15:19:37"}}, {"pk": 121, "model": "easy_thumbnails.thumbnail", "fields": {"source": 9, "name": "2011/07/28/110.jpg__625x208_q85_crop_subject_location-288,235.jpg", "storage_hash": "52617e6399d6f38ea9cbf527bf430616", "modified": "2011-07-28 15:19:37"}}, {"pk": 122, "model": "easy_thumbnails.thumbnail", "fields": {"source": 9, "name": "2011/07/28/110.jpg__205x202_q85_crop_subject_location-288,235.jpg", "storage_hash": "52617e6399d6f38ea9cbf527bf430616", "modified": "2011-07-28 15:19:37"}}, {"pk": 123, "model": "easy_thumbnails.thumbnail", "fields": {"source": 9, "name": "2011/07/28/110.jpg__274x274_q85_crop_subject_location-288,235.jpg", "storage_hash": "52617e6399d6f38ea9cbf527bf430616", "modified": "2011-07-28 15:19:37"}}, {"pk": 124, "model": "easy_thumbnails.thumbnail", "fields": {"source": 9, "name": "2011/07/28/110.jpg__199x666_q85_crop_subject_location-288,235.jpg", "storage_hash": "52617e6399d6f38ea9cbf527bf430616", "modified": "2011-07-28 15:20:04"}}, {"pk": 125, "model": "easy_thumbnails.thumbnail", "fields": {"source": 9, "name": "2011/07/28/110.jpg__610x203_q85_crop_subject_location-288,235.jpg", "storage_hash": "52617e6399d6f38ea9cbf527bf430616", "modified": "2011-07-28 15:20:04"}}, {"pk": 126, "model": "easy_thumbnails.thumbnail", "fields": {"source": 9, "name": "2011/07/28/110.jpg__199x197_q85_crop_subject_location-288,235.jpg", "storage_hash": "52617e6399d6f38ea9cbf527bf430616", "modified": "2011-07-28 15:20:04"}}, {"pk": 127, "model": "easy_thumbnails.thumbnail", "fields": {"source": 9, "name": "2011/07/28/110.jpg__268x268_q85_crop_subject_location-288,235.jpg", "storage_hash": "52617e6399d6f38ea9cbf527bf430616", "modified": "2011-07-28 15:20:04"}}, {"pk": 128, "model": "easy_thumbnails.thumbnail", "fields": {"source": 1, "name": "2011/06/30/0020n040.jpg__263x345_q85_crop_subject_location-178,292.jpg", "storage_hash": "52617e6399d6f38ea9cbf527bf430616", "modified": "2011-07-28 15:21:51"}}, {"pk": 129, "model": "easy_thumbnails.thumbnail", "fields": {"source": 9, "name": "2011/07/28/110.jpg__840x280_q85_crop_subject_location-288,235.jpg", "storage_hash": "52617e6399d6f38ea9cbf527bf430616", "modified": "2011-07-28 15:21:53"}}, {"pk": 130, "model": "easy_thumbnails.thumbnail", "fields": {"source": 9, "name": "2011/07/28/110.jpg__80x26_q85_crop_subject_location-288,235.jpg", "storage_hash": "52617e6399d6f38ea9cbf527bf430616", "modified": "2011-07-28 15:29:39"}}, {"pk": 131, "model": "easy_thumbnails.thumbnail", "fields": {"source": 9, "name": "2011/07/28/110.jpg__15x50_q85_crop_subject_location-288,235.jpg", "storage_hash": "52617e6399d6f38ea9cbf527bf430616", "modified": "2011-07-28 15:29:39"}}, {"pk": 132, "model": "easy_thumbnails.thumbnail", "fields": {"source": 9, "name": "2011/07/28/110.jpg__55x18_q85_crop_subject_location-288,235.jpg", "storage_hash": "52617e6399d6f38ea9cbf527bf430616", "modified": "2011-07-28 15:29:40"}}, {"pk": 133, "model": "easy_thumbnails.thumbnail", "fields": {"source": 9, "name": "2011/07/28/110.jpg__15x14_q85_crop_subject_location-288,235.jpg", "storage_hash": "52617e6399d6f38ea9cbf527bf430616", "modified": "2011-07-28 15:29:40"}}, {"pk": 134, "model": "easy_thumbnails.thumbnail", "fields": {"source": 9, "name": "2011/07/28/110.jpg__21x21_q85_crop_subject_location-288,235.jpg", "storage_hash": "52617e6399d6f38ea9cbf527bf430616", "modified": "2011-07-28 15:29:40"}}, {"pk": 135, "model": "easy_thumbnails.thumbnail", "fields": {"source": 9, "name": "2011/07/28/110.jpg__860x286_q85_crop_subject_location-288,235.jpg", "storage_hash": "52617e6399d6f38ea9cbf527bf430616", "modified": "2011-07-28 15:33:36"}}, {"pk": 136, "model": "easy_thumbnails.thumbnail", "fields": {"source": 9, "name": "2011/07/28/110.jpg__210x700_q85_crop_subject_location-288,235.jpg", "storage_hash": "52617e6399d6f38ea9cbf527bf430616", "modified": "2011-07-28 15:33:36"}}, {"pk": 137, "model": "easy_thumbnails.thumbnail", "fields": {"source": 9, "name": "2011/07/28/110.jpg__640x213_q85_crop_subject_location-288,235.jpg", "storage_hash": "52617e6399d6f38ea9cbf527bf430616", "modified": "2011-07-28 15:33:37"}}, {"pk": 138, "model": "easy_thumbnails.thumbnail", "fields": {"source": 9, "name": "2011/07/28/110.jpg__210x207_q85_crop_subject_location-288,235.jpg", "storage_hash": "52617e6399d6f38ea9cbf527bf430616", "modified": "2011-07-28 15:33:37"}}, {"pk": 139, "model": "easy_thumbnails.thumbnail", "fields": {"source": 9, "name": "2011/07/28/110.jpg__281x281_q85_crop_subject_location-288,235.jpg", "storage_hash": "52617e6399d6f38ea9cbf527bf430616", "modified": "2011-07-28 15:33:37"}}, {"pk": 140, "model": "easy_thumbnails.thumbnail", "fields": {"source": 10, "name": "2011/07/28/15644525.jpg__16x16_q85_crop_subject_location-288,235_upscale.jpg", "storage_hash": "52617e6399d6f38ea9cbf527bf430616", "modified": "2011-07-28 15:38:13"}}, {"pk": 141, "model": "easy_thumbnails.thumbnail", "fields": {"source": 10, "name": "2011/07/28/15644525.jpg__32x32_q85_crop_subject_location-288,235_upscale.jpg", "storage_hash": "52617e6399d6f38ea9cbf527bf430616", "modified": "2011-07-28 15:38:13"}}, {"pk": 142, "model": "easy_thumbnails.thumbnail", "fields": {"source": 10, "name": "2011/07/28/15644525.jpg__48x48_q85_crop_subject_location-288,235_upscale.jpg", "storage_hash": "52617e6399d6f38ea9cbf527bf430616", "modified": "2011-07-28 15:38:13"}}, {"pk": 143, "model": "easy_thumbnails.thumbnail", "fields": {"source": 10, "name": "2011/07/28/15644525.jpg__64x64_q85_crop_subject_location-288,235_upscale.jpg", "storage_hash": "52617e6399d6f38ea9cbf527bf430616", "modified": "2011-07-28 15:38:13"}}, {"pk": 144, "model": "easy_thumbnails.thumbnail", "fields": {"source": 10, "name": "2011/07/28/15644525.jpg__210x10000_q85_subject_location-288,235.jpg", "storage_hash": "52617e6399d6f38ea9cbf527bf430616", "modified": "2011-07-28 15:38:21"}}, {"pk": 145, "model": "easy_thumbnails.thumbnail", "fields": {"source": 10, "name": "2011/07/28/15644525.jpg__16x16_q85_crop_subject_location-457,409_upscale.jpg", "storage_hash": "52617e6399d6f38ea9cbf527bf430616", "modified": "2011-09-29 12:06:22"}}, {"pk": 146, "model": "easy_thumbnails.thumbnail", "fields": {"source": 10, "name": "2011/07/28/15644525.jpg__32x32_q85_crop_subject_location-457,409_upscale.jpg", "storage_hash": "52617e6399d6f38ea9cbf527bf430616", "modified": "2011-09-29 12:06:22"}}, {"pk": 147, "model": "easy_thumbnails.thumbnail", "fields": {"source": 10, "name": "2011/07/28/15644525.jpg__48x48_q85_crop_subject_location-457,409_upscale.jpg", "storage_hash": "52617e6399d6f38ea9cbf527bf430616", "modified": "2011-09-29 12:06:22"}}, {"pk": 148, "model": "easy_thumbnails.thumbnail", "fields": {"source": 10, "name": "2011/07/28/15644525.jpg__64x64_q85_crop_subject_location-457,409_upscale.jpg", "storage_hash": "52617e6399d6f38ea9cbf527bf430616", "modified": "2011-09-29 12:06:22"}}, {"pk": 149, "model": "easy_thumbnails.thumbnail", "fields": {"source": 10, "name": "2011/07/28/15644525.jpg__860x286_q85_crop_subject_location-457,409.jpg", "storage_hash": "52617e6399d6f38ea9cbf527bf430616", "modified": "2011-07-28 15:38:26"}}, {"pk": 150, "model": "easy_thumbnails.thumbnail", "fields": {"source": 10, "name": "2011/07/28/15644525.jpg__210x700_q85_crop_subject_location-457,409.jpg", "storage_hash": "52617e6399d6f38ea9cbf527bf430616", "modified": "2011-07-28 15:38:26"}}, {"pk": 151, "model": "easy_thumbnails.thumbnail", "fields": {"source": 10, "name": "2011/07/28/15644525.jpg__640x213_q85_crop_subject_location-457,409.jpg", "storage_hash": "52617e6399d6f38ea9cbf527bf430616", "modified": "2011-07-28 15:38:26"}}, {"pk": 152, "model": "easy_thumbnails.thumbnail", "fields": {"source": 10, "name": "2011/07/28/15644525.jpg__210x180_q85_crop_subject_location-457,409.jpg", "storage_hash": "52617e6399d6f38ea9cbf527bf430616", "modified": "2011-07-28 15:38:27"}}, {"pk": 153, "model": "easy_thumbnails.thumbnail", "fields": {"source": 10, "name": "2011/07/28/15644525.jpg__281x281_q85_crop_subject_location-457,409.jpg", "storage_hash": "52617e6399d6f38ea9cbf527bf430616", "modified": "2011-07-28 15:38:27"}}, {"pk": 154, "model": "easy_thumbnails.thumbnail", "fields": {"source": 10, "name": "2011/07/28/15644525.jpg__878x292_q85_crop_subject_location-457,409.jpg", "storage_hash": "52617e6399d6f38ea9cbf527bf430616", "modified": "2011-07-28 15:38:39"}}, {"pk": 155, "model": "easy_thumbnails.thumbnail", "fields": {"source": 10, "name": "2011/07/28/15644525.jpg__214x714_q85_crop_subject_location-457,409.jpg", "storage_hash": "52617e6399d6f38ea9cbf527bf430616", "modified": "2011-07-28 15:38:39"}}, {"pk": 156, "model": "easy_thumbnails.thumbnail", "fields": {"source": 10, "name": "2011/07/28/15644525.jpg__653x217_q85_crop_subject_location-457,409.jpg", "storage_hash": "52617e6399d6f38ea9cbf527bf430616", "modified": "2011-07-28 15:38:39"}}, {"pk": 157, "model": "easy_thumbnails.thumbnail", "fields": {"source": 10, "name": "2011/07/28/15644525.jpg__214x184_q85_crop_subject_location-457,409.jpg", "storage_hash": "52617e6399d6f38ea9cbf527bf430616", "modified": "2011-07-28 15:38:39"}}, {"pk": 158, "model": "easy_thumbnails.thumbnail", "fields": {"source": 10, "name": "2011/07/28/15644525.jpg__287x287_q85_crop_subject_location-457,409.jpg", "storage_hash": "52617e6399d6f38ea9cbf527bf430616", "modified": "2011-07-28 15:38:39"}}, {"pk": 159, "model": "easy_thumbnails.thumbnail", "fields": {"source": 10, "name": "2011/07/28/15644525.jpg__880x293_q85_crop_subject_location-457,409.jpg", "storage_hash": "52617e6399d6f38ea9cbf527bf430616", "modified": "2011-07-28 15:39:09"}}, {"pk": 160, "model": "easy_thumbnails.thumbnail", "fields": {"source": 10, "name": "2011/07/28/15644525.jpg__215x716_q85_crop_subject_location-457,409.jpg", "storage_hash": "52617e6399d6f38ea9cbf527bf430616", "modified": "2011-07-28 15:39:09"}}, {"pk": 161, "model": "easy_thumbnails.thumbnail", "fields": {"source": 10, "name": "2011/07/28/15644525.jpg__655x218_q85_crop_subject_location-457,409.jpg", "storage_hash": "52617e6399d6f38ea9cbf527bf430616", "modified": "2011-07-28 15:39:09"}}, {"pk": 162, "model": "easy_thumbnails.thumbnail", "fields": {"source": 10, "name": "2011/07/28/15644525.jpg__215x184_q85_crop_subject_location-457,409.jpg", "storage_hash": "52617e6399d6f38ea9cbf527bf430616", "modified": "2011-07-28 15:39:09"}}, {"pk": 163, "model": "easy_thumbnails.thumbnail", "fields": {"source": 10, "name": "2011/07/28/15644525.jpg__288x288_q85_crop_subject_location-457,409.jpg", "storage_hash": "52617e6399d6f38ea9cbf527bf430616", "modified": "2011-07-28 15:39:09"}}, {"pk": 164, "model": "easy_thumbnails.thumbnail", "fields": {"source": 10, "name": "2011/07/28/15644525.jpg__210x10000_q85_subject_location-457,409.jpg", "storage_hash": "52617e6399d6f38ea9cbf527bf430616", "modified": "2011-07-28 15:50:34"}}, {"pk": 165, "model": "easy_thumbnails.thumbnail", "fields": {"source": 10, "name": "2011/07/28/15644525.jpg__435x435_q85_crop_subject_location-457,409.jpg", "storage_hash": "52617e6399d6f38ea9cbf527bf430616", "modified": "2011-07-28 15:51:20"}}, {"pk": 166, "model": "easy_thumbnails.thumbnail", "fields": {"source": 10, "name": "2011/07/28/15644525.jpg__215x161_q85_crop_subject_location-457,409.jpg", "storage_hash": "52617e6399d6f38ea9cbf527bf430616", "modified": "2011-07-28 16:06:56"}}, {"pk": 167, "model": "easy_thumbnails.thumbnail", "fields": {"source": 10, "name": "2011/07/28/15644525.jpg__215x286_q85_crop_subject_location-457,409.jpg", "storage_hash": "52617e6399d6f38ea9cbf527bf430616", "modified": "2011-07-28 16:07:15"}}, {"pk": 168, "model": "easy_thumbnails.thumbnail", "fields": {"source": 10, "name": "2011/07/28/15644525.jpg__660x220_q85_crop_subject_location-457,409.jpg", "storage_hash": "52617e6399d6f38ea9cbf527bf430616", "modified": "2011-07-28 16:09:26"}}, {"pk": 169, "model": "easy_thumbnails.thumbnail", "fields": {"source": 1, "name": "2011/06/30/0020n040.jpg__276x361_q85_crop_subject_location-178,292.jpg", "storage_hash": "52617e6399d6f38ea9cbf527bf430616", "modified": "2011-07-28 16:19:39"}}, {"pk": 170, "model": "easy_thumbnails.thumbnail", "fields": {"source": 11, "name": "2011/07/28/arrow-down.png__16x16_q85_crop_upscale.png", "storage_hash": "52617e6399d6f38ea9cbf527bf430616", "modified": "2011-07-28 23:39:31"}}, {"pk": 171, "model": "easy_thumbnails.thumbnail", "fields": {"source": 11, "name": "2011/07/28/arrow-down.png__32x32_q85_crop_upscale.png", "storage_hash": "52617e6399d6f38ea9cbf527bf430616", "modified": "2011-07-28 23:39:31"}}, {"pk": 172, "model": "easy_thumbnails.thumbnail", "fields": {"source": 11, "name": "2011/07/28/arrow-down.png__48x48_q85_crop_upscale.png", "storage_hash": "52617e6399d6f38ea9cbf527bf430616", "modified": "2011-07-28 23:39:31"}}, {"pk": 173, "model": "easy_thumbnails.thumbnail", "fields": {"source": 11, "name": "2011/07/28/arrow-down.png__64x64_q85_crop_upscale.png", "storage_hash": "52617e6399d6f38ea9cbf527bf430616", "modified": "2011-07-28 23:39:31"}}, {"pk": 174, "model": "easy_thumbnails.thumbnail", "fields": {"source": 12, "name": "2011/07/28/arrow-left.png__16x16_q85_crop_upscale.png", "storage_hash": "52617e6399d6f38ea9cbf527bf430616", "modified": "2011-07-28 23:39:32"}}, {"pk": 175, "model": "easy_thumbnails.thumbnail", "fields": {"source": 12, "name": "2011/07/28/arrow-left.png__32x32_q85_crop_upscale.png", "storage_hash": "52617e6399d6f38ea9cbf527bf430616", "modified": "2011-07-28 23:39:32"}}, {"pk": 176, "model": "easy_thumbnails.thumbnail", "fields": {"source": 12, "name": "2011/07/28/arrow-left.png__48x48_q85_crop_upscale.png", "storage_hash": "52617e6399d6f38ea9cbf527bf430616", "modified": "2011-07-28 23:39:32"}}, {"pk": 177, "model": "easy_thumbnails.thumbnail", "fields": {"source": 12, "name": "2011/07/28/arrow-left.png__64x64_q85_crop_upscale.png", "storage_hash": "52617e6399d6f38ea9cbf527bf430616", "modified": "2011-07-28 23:39:32"}}, {"pk": 178, "model": "easy_thumbnails.thumbnail", "fields": {"source": 13, "name": "2011/07/28/arrow-right.png__16x16_q85_crop_upscale.png", "storage_hash": "52617e6399d6f38ea9cbf527bf430616", "modified": "2011-07-28 23:39:33"}}, {"pk": 179, "model": "easy_thumbnails.thumbnail", "fields": {"source": 13, "name": "2011/07/28/arrow-right.png__32x32_q85_crop_upscale.png", "storage_hash": "52617e6399d6f38ea9cbf527bf430616", "modified": "2011-07-28 23:39:33"}}, {"pk": 180, "model": "easy_thumbnails.thumbnail", "fields": {"source": 13, "name": "2011/07/28/arrow-right.png__48x48_q85_crop_upscale.png", "storage_hash": "52617e6399d6f38ea9cbf527bf430616", "modified": "2011-07-28 23:39:33"}}, {"pk": 181, "model": "easy_thumbnails.thumbnail", "fields": {"source": 13, "name": "2011/07/28/arrow-right.png__64x64_q85_crop_upscale.png", "storage_hash": "52617e6399d6f38ea9cbf527bf430616", "modified": "2011-07-28 23:39:33"}}, {"pk": 182, "model": "easy_thumbnails.thumbnail", "fields": {"source": 14, "name": "2011/07/28/arrow-up.png__16x16_q85_crop_upscale.png", "storage_hash": "52617e6399d6f38ea9cbf527bf430616", "modified": "2011-07-28 23:39:34"}}, {"pk": 183, "model": "easy_thumbnails.thumbnail", "fields": {"source": 14, "name": "2011/07/28/arrow-up.png__32x32_q85_crop_upscale.png", "storage_hash": "52617e6399d6f38ea9cbf527bf430616", "modified": "2011-07-28 23:39:34"}}, {"pk": 184, "model": "easy_thumbnails.thumbnail", "fields": {"source": 14, "name": "2011/07/28/arrow-up.png__48x48_q85_crop_upscale.png", "storage_hash": "52617e6399d6f38ea9cbf527bf430616", "modified": "2011-07-28 23:39:34"}}, {"pk": 185, "model": "easy_thumbnails.thumbnail", "fields": {"source": 14, "name": "2011/07/28/arrow-up.png__64x64_q85_crop_upscale.png", "storage_hash": "52617e6399d6f38ea9cbf527bf430616", "modified": "2011-07-28 23:39:34"}}, {"pk": 186, "model": "easy_thumbnails.thumbnail", "fields": {"source": 11, "name": "2011/07/28/arrow-down.png__210x10000_q85.png", "storage_hash": "52617e6399d6f38ea9cbf527bf430616", "modified": "2011-07-28 23:39:42"}}, {"pk": 187, "model": "easy_thumbnails.thumbnail", "fields": {"source": 12, "name": "2011/07/28/arrow-left.png__210x10000_q85.png", "storage_hash": "52617e6399d6f38ea9cbf527bf430616", "modified": "2011-07-28 23:39:53"}}, {"pk": 188, "model": "easy_thumbnails.thumbnail", "fields": {"source": 13, "name": "2011/07/28/arrow-right.png__210x10000_q85.png", "storage_hash": "52617e6399d6f38ea9cbf527bf430616", "modified": "2011-07-28 23:40:02"}}, {"pk": 189, "model": "easy_thumbnails.thumbnail", "fields": {"source": 14, "name": "2011/07/28/arrow-up.png__210x10000_q85.png", "storage_hash": "52617e6399d6f38ea9cbf527bf430616", "modified": "2011-07-28 23:40:10"}}, {"pk": 190, "model": "easy_thumbnails.thumbnail", "fields": {"source": 13, "name": "2011/07/28/arrow-right.png__50x50_q85_crop.png", "storage_hash": "52617e6399d6f38ea9cbf527bf430616", "modified": "2011-07-28 23:41:59"}}, {"pk": 191, "model": "easy_thumbnails.thumbnail", "fields": {"source": 11, "name": "2011/07/28/arrow-down.png__50x50_q85_crop.png", "storage_hash": "52617e6399d6f38ea9cbf527bf430616", "modified": "2011-07-28 23:41:59"}}, {"pk": 192, "model": "easy_thumbnails.thumbnail", "fields": {"source": 15, "name": "2011/07/28/arrow-down_1.png__16x16_q85_crop_upscale.png", "storage_hash": "52617e6399d6f38ea9cbf527bf430616", "modified": "2011-07-28 23:54:57"}}, {"pk": 193, "model": "easy_thumbnails.thumbnail", "fields": {"source": 15, "name": "2011/07/28/arrow-down_1.png__32x32_q85_crop_upscale.png", "storage_hash": "52617e6399d6f38ea9cbf527bf430616", "modified": "2011-07-28 23:54:57"}}, {"pk": 194, "model": "easy_thumbnails.thumbnail", "fields": {"source": 15, "name": "2011/07/28/arrow-down_1.png__48x48_q85_crop_upscale.png", "storage_hash": "52617e6399d6f38ea9cbf527bf430616", "modified": "2011-07-28 23:54:57"}}, {"pk": 195, "model": "easy_thumbnails.thumbnail", "fields": {"source": 15, "name": "2011/07/28/arrow-down_1.png__64x64_q85_crop_upscale.png", "storage_hash": "52617e6399d6f38ea9cbf527bf430616", "modified": "2011-07-28 23:54:57"}}, {"pk": 196, "model": "easy_thumbnails.thumbnail", "fields": {"source": 16, "name": "2011/07/28/arrow-left_1.png__16x16_q85_crop_upscale.png", "storage_hash": "52617e6399d6f38ea9cbf527bf430616", "modified": "2011-07-28 23:55:38"}}, {"pk": 197, "model": "easy_thumbnails.thumbnail", "fields": {"source": 16, "name": "2011/07/28/arrow-left_1.png__32x32_q85_crop_upscale.png", "storage_hash": "52617e6399d6f38ea9cbf527bf430616", "modified": "2011-07-28 23:55:38"}}, {"pk": 198, "model": "easy_thumbnails.thumbnail", "fields": {"source": 16, "name": "2011/07/28/arrow-left_1.png__48x48_q85_crop_upscale.png", "storage_hash": "52617e6399d6f38ea9cbf527bf430616", "modified": "2011-07-28 23:55:38"}}, {"pk": 199, "model": "easy_thumbnails.thumbnail", "fields": {"source": 16, "name": "2011/07/28/arrow-left_1.png__64x64_q85_crop_upscale.png", "storage_hash": "52617e6399d6f38ea9cbf527bf430616", "modified": "2011-07-28 23:55:38"}}, {"pk": 200, "model": "easy_thumbnails.thumbnail", "fields": {"source": 17, "name": "2011/07/28/arrow-right_1.png__16x16_q85_crop_upscale.png", "storage_hash": "52617e6399d6f38ea9cbf527bf430616", "modified": "2011-07-28 23:55:49"}}, {"pk": 201, "model": "easy_thumbnails.thumbnail", "fields": {"source": 17, "name": "2011/07/28/arrow-right_1.png__32x32_q85_crop_upscale.png", "storage_hash": "52617e6399d6f38ea9cbf527bf430616", "modified": "2011-07-28 23:55:49"}}, {"pk": 202, "model": "easy_thumbnails.thumbnail", "fields": {"source": 17, "name": "2011/07/28/arrow-right_1.png__48x48_q85_crop_upscale.png", "storage_hash": "52617e6399d6f38ea9cbf527bf430616", "modified": "2011-07-28 23:55:49"}}, {"pk": 203, "model": "easy_thumbnails.thumbnail", "fields": {"source": 17, "name": "2011/07/28/arrow-right_1.png__64x64_q85_crop_upscale.png", "storage_hash": "52617e6399d6f38ea9cbf527bf430616", "modified": "2011-07-28 23:55:49"}}, {"pk": 204, "model": "easy_thumbnails.thumbnail", "fields": {"source": 18, "name": "2011/07/28/arrow-up_1.png__16x16_q85_crop_upscale.png", "storage_hash": "52617e6399d6f38ea9cbf527bf430616", "modified": "2011-07-28 23:55:59"}}, {"pk": 205, "model": "easy_thumbnails.thumbnail", "fields": {"source": 18, "name": "2011/07/28/arrow-up_1.png__32x32_q85_crop_upscale.png", "storage_hash": "52617e6399d6f38ea9cbf527bf430616", "modified": "2011-07-28 23:55:59"}}, {"pk": 206, "model": "easy_thumbnails.thumbnail", "fields": {"source": 18, "name": "2011/07/28/arrow-up_1.png__48x48_q85_crop_upscale.png", "storage_hash": "52617e6399d6f38ea9cbf527bf430616", "modified": "2011-07-28 23:55:59"}}, {"pk": 207, "model": "easy_thumbnails.thumbnail", "fields": {"source": 18, "name": "2011/07/28/arrow-up_1.png__64x64_q85_crop_upscale.png", "storage_hash": "52617e6399d6f38ea9cbf527bf430616", "modified": "2011-07-28 23:55:59"}}, {"pk": 208, "model": "easy_thumbnails.thumbnail", "fields": {"source": 17, "name": "2011/07/28/arrow-right_1.png__50x50_q85_crop.png", "storage_hash": "52617e6399d6f38ea9cbf527bf430616", "modified": "2011-09-14 23:49:49"}}, {"pk": 209, "model": "easy_thumbnails.thumbnail", "fields": {"source": 15, "name": "2011/07/28/arrow-down_1.png__50x50_q85_crop.png", "storage_hash": "52617e6399d6f38ea9cbf527bf430616", "modified": "2011-09-14 23:49:49"}}, {"pk": 210, "model": "easy_thumbnails.thumbnail", "fields": {"source": 17, "name": "2011/07/28/arrow-right_1.png__210x10000_q85.png", "storage_hash": "52617e6399d6f38ea9cbf527bf430616", "modified": "2011-07-28 23:57:09"}}, {"pk": 211, "model": "easy_thumbnails.thumbnail", "fields": {"source": 15, "name": "2011/07/28/arrow-down_1.png__210x10000_q85.png", "storage_hash": "52617e6399d6f38ea9cbf527bf430616", "modified": "2011-07-28 23:57:19"}}, {"pk": 212, "model": "easy_thumbnails.thumbnail", "fields": {"source": 17, "name": "2011/07/28/arrow-right_1.png__64x141_q85_crop.png", "storage_hash": "52617e6399d6f38ea9cbf527bf430616", "modified": "2011-07-28 23:57:23"}}, {"pk": 213, "model": "easy_thumbnails.thumbnail", "fields": {"source": 15, "name": "2011/07/28/arrow-down_1.png__64x29_q85_crop.png", "storage_hash": "52617e6399d6f38ea9cbf527bf430616", "modified": "2011-07-28 23:57:23"}}, {"pk": 214, "model": "easy_thumbnails.thumbnail", "fields": {"source": 19, "name": "2011/07/29/normal_carl_perkins.jpg__16x16_q85_crop_upscale.jpg", "storage_hash": "52617e6399d6f38ea9cbf527bf430616", "modified": "2011-07-29 00:10:00"}}, {"pk": 215, "model": "easy_thumbnails.thumbnail", "fields": {"source": 19, "name": "2011/07/29/normal_carl_perkins.jpg__32x32_q85_crop_upscale.jpg", "storage_hash": "52617e6399d6f38ea9cbf527bf430616", "modified": "2011-07-29 00:10:00"}}, {"pk": 216, "model": "easy_thumbnails.thumbnail", "fields": {"source": 19, "name": "2011/07/29/normal_carl_perkins.jpg__48x48_q85_crop_upscale.jpg", "storage_hash": "52617e6399d6f38ea9cbf527bf430616", "modified": "2011-07-29 00:10:00"}}, {"pk": 217, "model": "easy_thumbnails.thumbnail", "fields": {"source": 19, "name": "2011/07/29/normal_carl_perkins.jpg__64x64_q85_crop_upscale.jpg", "storage_hash": "52617e6399d6f38ea9cbf527bf430616", "modified": "2011-07-29 00:10:01"}}, {"pk": 218, "model": "easy_thumbnails.thumbnail", "fields": {"source": 19, "name": "2011/07/29/normal_carl_perkins.jpg__210x10000_q85.jpg", "storage_hash": "52617e6399d6f38ea9cbf527bf430616", "modified": "2011-07-29 00:10:06"}}, {"pk": 219, "model": "easy_thumbnails.thumbnail", "fields": {"source": 19, "name": "2011/07/29/normal_carl_perkins.jpg__75x75_q85_crop.jpg", "storage_hash": "52617e6399d6f38ea9cbf527bf430616", "modified": "2011-07-29 00:11:13"}}, {"pk": 220, "model": "easy_thumbnails.thumbnail", "fields": {"source": 2, "name": "2011/07/06/07.jpg__340x340_q85_crop_subject_location-257,117.jpg", "storage_hash": "52617e6399d6f38ea9cbf527bf430616", "modified": "2011-07-29 10:02:51"}}, {"pk": 221, "model": "easy_thumbnails.thumbnail", "fields": {"source": 2, "name": "2011/07/06/07.jpg__426x426_q85_crop_subject_location-257,117.jpg", "storage_hash": "52617e6399d6f38ea9cbf527bf430616", "modified": "2011-07-29 10:05:30"}}, {"pk": 222, "model": "easy_thumbnails.thumbnail", "fields": {"source": 1, "name": "2011/06/30/0020n040.jpg__269x353_q85_crop_subject_location-178,292.jpg", "storage_hash": "52617e6399d6f38ea9cbf527bf430616", "modified": "2011-08-09 09:56:13"}}, {"pk": 223, "model": "easy_thumbnails.thumbnail", "fields": {"source": 10, "name": "2011/07/28/15644525.jpg__1000x333_q85_crop_subject_location-457,409.jpg", "storage_hash": "52617e6399d6f38ea9cbf527bf430616", "modified": "2011-08-14 15:17:52"}}, {"pk": 224, "model": "easy_thumbnails.thumbnail", "fields": {"source": 10, "name": "2011/07/28/15644525.jpg__745x248_q85_crop_subject_location-457,409.jpg", "storage_hash": "52617e6399d6f38ea9cbf527bf430616", "modified": "2011-08-14 15:17:53"}}, {"pk": 225, "model": "easy_thumbnails.thumbnail", "fields": {"source": 10, "name": "2011/07/28/15644525.jpg__245x816_q85_crop_subject_location-457,409.jpg", "storage_hash": "52617e6399d6f38ea9cbf527bf430616", "modified": "2011-08-14 15:17:53"}}, {"pk": 226, "model": "easy_thumbnails.thumbnail", "fields": {"source": 10, "name": "2011/07/28/15644525.jpg__495x495_q85_crop_subject_location-457,409.jpg", "storage_hash": "52617e6399d6f38ea9cbf527bf430616", "modified": "2011-08-14 15:17:53"}}, {"pk": 227, "model": "easy_thumbnails.thumbnail", "fields": {"source": 10, "name": "2011/07/28/15644525.jpg__245x326_q85_crop_subject_location-457,409.jpg", "storage_hash": "52617e6399d6f38ea9cbf527bf430616", "modified": "2011-08-14 15:17:53"}}, {"pk": 228, "model": "easy_thumbnails.thumbnail", "fields": {"source": 10, "name": "2011/07/28/15644525.jpg__960x320_q85_crop_subject_location-457,409.jpg", "storage_hash": "52617e6399d6f38ea9cbf527bf430616", "modified": "2011-08-14 15:21:16"}}, {"pk": 229, "model": "easy_thumbnails.thumbnail", "fields": {"source": 10, "name": "2011/07/28/15644525.jpg__715x238_q85_crop_subject_location-457,409.jpg", "storage_hash": "52617e6399d6f38ea9cbf527bf430616", "modified": "2011-08-14 15:21:16"}}, {"pk": 230, "model": "easy_thumbnails.thumbnail", "fields": {"source": 10, "name": "2011/07/28/15644525.jpg__235x783_q85_crop_subject_location-457,409.jpg", "storage_hash": "52617e6399d6f38ea9cbf527bf430616", "modified": "2011-08-14 15:21:16"}}, {"pk": 231, "model": "easy_thumbnails.thumbnail", "fields": {"source": 10, "name": "2011/07/28/15644525.jpg__475x475_q85_crop_subject_location-457,409.jpg", "storage_hash": "52617e6399d6f38ea9cbf527bf430616", "modified": "2011-08-14 15:21:16"}}, {"pk": 232, "model": "easy_thumbnails.thumbnail", "fields": {"source": 10, "name": "2011/07/28/15644525.jpg__235x313_q85_crop_subject_location-457,409.jpg", "storage_hash": "52617e6399d6f38ea9cbf527bf430616", "modified": "2011-08-14 15:21:16"}}, {"pk": 233, "model": "easy_thumbnails.thumbnail", "fields": {"source": 10, "name": "2011/07/28/15644525.jpg__944x314_q85_crop_subject_location-457,409.jpg", "storage_hash": "52617e6399d6f38ea9cbf527bf430616", "modified": "2011-09-29 12:41:00"}}, {"pk": 234, "model": "easy_thumbnails.thumbnail", "fields": {"source": 10, "name": "2011/07/28/15644525.jpg__699x233_q85_crop_subject_location-457,409.jpg", "storage_hash": "52617e6399d6f38ea9cbf527bf430616", "modified": "2011-09-29 12:41:01"}}, {"pk": 235, "model": "easy_thumbnails.thumbnail", "fields": {"source": 10, "name": "2011/07/28/15644525.jpg__219x730_q85_crop_subject_location-457,409.jpg", "storage_hash": "52617e6399d6f38ea9cbf527bf430616", "modified": "2011-09-29 12:41:01"}}, {"pk": 236, "model": "easy_thumbnails.thumbnail", "fields": {"source": 10, "name": "2011/07/28/15644525.jpg__459x459_q85_crop_subject_location-457,409.jpg", "storage_hash": "52617e6399d6f38ea9cbf527bf430616", "modified": "2011-09-29 12:41:01"}}, {"pk": 237, "model": "easy_thumbnails.thumbnail", "fields": {"source": 10, "name": "2011/07/28/15644525.jpg__219x292_q85_crop_subject_location-457,409.jpg", "storage_hash": "52617e6399d6f38ea9cbf527bf430616", "modified": "2011-09-29 12:41:01"}}, {"pk": 238, "model": "easy_thumbnails.thumbnail", "fields": {"source": 1, "name": "2011/06/30/0020n040.jpg__294x385_q85_crop_subject_location-178,292.jpg", "storage_hash": "52617e6399d6f38ea9cbf527bf430616", "modified": "2011-08-30 17:30:40"}}, {"pk": 239, "model": "easy_thumbnails.thumbnail", "fields": {"source": 3, "name": "2011/07/06/335.jpg__227x0_q85_subject_location-249,172.jpg", "storage_hash": "52617e6399d6f38ea9cbf527bf430616", "modified": "2011-08-30 17:31:10"}}, {"pk": 240, "model": "easy_thumbnails.thumbnail", "fields": {"source": 2, "name": "2011/07/06/07.jpg__227x0_q85_subject_location-257,117.jpg", "storage_hash": "52617e6399d6f38ea9cbf527bf430616", "modified": "2011-09-05 13:23:45"}}, {"pk": 241, "model": "easy_thumbnails.thumbnail", "fields": {"source": 8, "name": "2011/07/14/haddock.jpg__227x0_q85_subject_location-161,98.jpg", "storage_hash": "52617e6399d6f38ea9cbf527bf430616", "modified": "2011-09-05 13:36:59"}}, {"pk": 2, "model": "filer.folder", "fields": {"rght": 2, "uploaded_at": "2011-07-06 17:42:24", "name": "Institute staff", "parent": null, "level": 0, "created_at": "2011-07-06 17:42:24", "modified_at": "2011-07-06 17:42:24", "lft": 1, "tree_id": 2, "owner": 1}}, {"pk": 3, "model": "filer.folder", "fields": {"rght": 2, "uploaded_at": "2011-07-14 23:08:23", "name": "Other institutions", "parent": null, "level": 0, "created_at": "2011-07-14 23:08:23", "modified_at": "2011-07-14 23:08:23", "lft": 1, "tree_id": 3, "owner": 1}}, {"pk": 1, "model": "filer.folder", "fields": {"rght": 2, "uploaded_at": "2011-06-30 21:24:23", "name": "Site images", "parent": null, "level": 0, "created_at": "2011-06-30 21:24:23", "modified_at": "2011-06-30 21:24:23", "lft": 1, "tree_id": 1, "owner": 1}}, {"pk": 1, "model": "filer.clipboard", "fields": {"user": 1}}, {"pk": 29, "model": "contenttypes.contenttype", "fields": {"model": "cssclass", "name": "CSS class", "app_label": "semanticeditor"}}, {"pk": 28, "model": "contenttypes.contenttype", "fields": {"model": "cssclasscategory", "name": "CSS class category", "app_label": "semanticeditor"}}, {"pk": 34, "model": "contenttypes.contenttype", "fields": {"model": "folder", "name": "Folder", "app_label": "filer"}}, {"pk": 6, "model": "contenttypes.contenttype", "fields": {"model": "globalpagepermission", "name": "Page global permission", "app_label": "cms"}}, {"pk": 5, "model": "contenttypes.contenttype", "fields": {"model": "pagemoderatorstate", "name": "Page moderator state", "app_label": "cms"}}, {"pk": 7, "model": "contenttypes.contenttype", "fields": {"model": "pagepermission", "name": "Page permission", "app_label": "cms"}}, {"pk": 4, "model": "contenttypes.contenttype", "fields": {"model": "pagemoderator", "name": "PageModerator", "app_label": "cms"}}, {"pk": 13, "model": "contenttypes.contenttype", "fields": {"model": "snippet", "name": "Snippet", "app_label": "snippet"}}, {"pk": 14, "model": "contenttypes.contenttype", "fields": {"model": "snippetptr", "name": "Snippet", "app_label": "snippet"}}, {"pk": 8, "model": "contenttypes.contenttype", "fields": {"model": "pageuser", "name": "User (page)", "app_label": "cms"}}, {"pk": 9, "model": "contenttypes.contenttype", "fields": {"model": "pageusergroup", "name": "User group (page)", "app_label": "cms"}}, {"pk": 27, "model": "contenttypes.contenttype", "fields": {"model": "arkestrauser", "name": "arkestra user", "app_label": "arkestra_utilities"}}, {"pk": 46, "model": "contenttypes.contenttype", "fields": {"model": "building", "name": "building", "app_label": "contacts_and_people"}}, {"pk": 11, "model": "contenttypes.contenttype", "fields": {"model": "cachekey", "name": "cache key", "app_label": "menus"}}, {"pk": 21, "model": "contenttypes.contenttype", "fields": {"model": "carouselplugin", "name": "carousel plugin", "app_label": "links"}}, {"pk": 22, "model": "contenttypes.contenttype", "fields": {"model": "carouselpluginitem", "name": "carousel plugin item", "app_label": "links"}}, {"pk": 32, "model": "contenttypes.contenttype", "fields": {"model": "clipboard", "name": "clipboard", "app_label": "filer"}}, {"pk": 33, "model": "contenttypes.contenttype", "fields": {"model": "clipboarditem", "name": "clipboard item", "app_label": "filer"}}, {"pk": 2, "model": "contenttypes.contenttype", "fields": {"model": "cmsplugin", "name": "cms plugin", "app_label": "cms"}}, {"pk": 41, "model": "contenttypes.contenttype", "fields": {"model": "contenttype", "name": "content type", "app_label": "contenttypes"}}, {"pk": 49, "model": "contenttypes.contenttype", "fields": {"model": "entity", "name": "entity", "app_label": "contacts_and_people"}}, {"pk": 55, "model": "contenttypes.contenttype", "fields": {"model": "entityautopagelinkplugineditor", "name": "entity auto page link plugin editor", "app_label": "contacts_and_people"}}, {"pk": 56, "model": "contenttypes.contenttype", "fields": {"model": "entitydirectoryplugineditor", "name": "entity directory plugin editor", "app_label": "contacts_and_people"}}, {"pk": 48, "model": "contenttypes.contenttype", "fields": {"model": "entitylite", "name": "entity lite", "app_label": "contacts_and_people"}}, {"pk": 57, "model": "contenttypes.contenttype", "fields": {"model": "entitymembersplugineditor", "name": "entity members plugin editor", "app_label": "contacts_and_people"}}, {"pk": 59, "model": "contenttypes.contenttype", "fields": {"model": "event", "name": "event", "app_label": "news_and_events"}}, {"pk": 60, "model": "contenttypes.contenttype", "fields": {"model": "eventtype", "name": "event type", "app_label": "news_and_events"}}, {"pk": 16, "model": "contenttypes.contenttype", "fields": {"model": "externallink", "name": "external link", "app_label": "links"}}, {"pk": 18, "model": "contenttypes.contenttype", "fields": {"model": "externalsite", "name": "external site", "app_label": "links"}}, {"pk": 36, "model": "contenttypes.contenttype", "fields": {"model": "file", "name": "file", "app_label": "filer"}}, {"pk": 66, "model": "contenttypes.contenttype", "fields": {"model": "filerimage", "name": "filer image", "app_label": "arkestra_image_plugin"}}, {"pk": 23, "model": "contenttypes.contenttype", "fields": {"model": "focusonplugineditor", "name": "focus on plugin editor", "app_label": "links"}}, {"pk": 24, "model": "contenttypes.contenttype", "fields": {"model": "focusonpluginitemeditor", "name": "focus on plugin item editor", "app_label": "links"}}, {"pk": 35, "model": "contenttypes.contenttype", "fields": {"model": "folderpermission", "name": "folder permission", "app_label": "filer"}}, {"pk": 19, "model": "contenttypes.contenttype", "fields": {"model": "genericlinklistplugin", "name": "generic link list plugin", "app_label": "links"}}, {"pk": 20, "model": "contenttypes.contenttype", "fields": {"model": "genericlinklistpluginitem", "name": "generic link list plugin item", "app_label": "links"}}, {"pk": 39, "model": "contenttypes.contenttype", "fields": {"model": "group", "name": "group", "app_label": "auth"}}, {"pk": 37, "model": "contenttypes.contenttype", "fields": {"model": "image", "name": "image", "app_label": "filer"}}, {"pk": 67, "model": "contenttypes.contenttype", "fields": {"model": "insert", "name": "insert", "app_label": "arkestra_utilities"}}, {"pk": 17, "model": "contenttypes.contenttype", "fields": {"model": "linktype", "name": "link type", "app_label": "links"}}, {"pk": 44, "model": "contenttypes.contenttype", "fields": {"model": "logentry", "name": "log entry", "app_label": "admin"}}, {"pk": 54, "model": "contenttypes.contenttype", "fields": {"model": "membership", "name": "membership", "app_label": "contacts_and_people"}}, {"pk": 40, "model": "contenttypes.contenttype", "fields": {"model": "message", "name": "message", "app_label": "auth"}}, {"pk": 62, "model": "contenttypes.contenttype", "fields": {"model": "newsandeventsplugin", "name": "news and events plugin", "app_label": "news_and_events"}}, {"pk": 58, "model": "contenttypes.contenttype", "fields": {"model": "newsarticle", "name": "news article", "app_label": "news_and_events"}}, {"pk": 61, "model": "contenttypes.contenttype", "fields": {"model": "newssource", "name": "news source", "app_label": "news_and_events"}}, {"pk": 15, "model": "contenttypes.contenttype", "fields": {"model": "objectlink", "name": "object link", "app_label": "links"}}, {"pk": 3, "model": "contenttypes.contenttype", "fields": {"model": "page", "name": "page", "app_label": "cms"}}, {"pk": 38, "model": "contenttypes.contenttype", "fields": {"model": "permission", "name": "permission", "app_label": "auth"}}, {"pk": 52, "model": "contenttypes.contenttype", "fields": {"model": "person", "name": "person", "app_label": "contacts_and_people"}}, {"pk": 51, "model": "contenttypes.contenttype", "fields": {"model": "personlite", "name": "person lite", "app_label": "contacts_and_people"}}, {"pk": 47, "model": "contenttypes.contenttype", "fields": {"model": "phonecontact", "name": "phone contact", "app_label": "contacts_and_people"}}, {"pk": 1, "model": "contenttypes.contenttype", "fields": {"model": "placeholder", "name": "placeholder", "app_label": "cms"}}, {"pk": 42, "model": "contenttypes.contenttype", "fields": {"model": "session", "name": "session", "app_label": "sessions"}}, {"pk": 43, "model": "contenttypes.contenttype", "fields": {"model": "site", "name": "site", "app_label": "sites"}}, {"pk": 45, "model": "contenttypes.contenttype", "fields": {"model": "site", "name": "site", "app_label": "contacts_and_people"}}, {"pk": 30, "model": "contenttypes.contenttype", "fields": {"model": "source", "name": "source", "app_label": "easy_thumbnails"}}, {"pk": 64, "model": "contenttypes.contenttype", "fields": {"model": "studentship", "name": "studentship", "app_label": "vacancies_and_studentships"}}, {"pk": 53, "model": "contenttypes.contenttype", "fields": {"model": "teacher", "name": "teacher", "app_label": "contacts_and_people"}}, {"pk": 12, "model": "contenttypes.contenttype", "fields": {"model": "text", "name": "text", "app_label": "text"}}, {"pk": 31, "model": "contenttypes.contenttype", "fields": {"model": "thumbnail", "name": "thumbnail", "app_label": "easy_thumbnails"}}, {"pk": 10, "model": "contenttypes.contenttype", "fields": {"model": "title", "name": "title", "app_label": "cms"}}, {"pk": 50, "model": "contenttypes.contenttype", "fields": {"model": "title", "name": "title", "app_label": "contacts_and_people"}}, {"pk": 25, "model": "contenttypes.contenttype", "fields": {"model": "user", "name": "user", "app_label": "auth"}}, {"pk": 65, "model": "contenttypes.contenttype", "fields": {"model": "vacanciesplugin", "name": "vacancies plugin", "app_label": "vacancies_and_studentships"}}, {"pk": 63, "model": "contenttypes.contenttype", "fields": {"model": "vacancy", "name": "vacancy", "app_label": "vacancies_and_studentships"}}, {"pk": 68, "model": "contenttypes.contenttype", "fields": {"model": "video", "name": "video", "app_label": "filer"}}, {"pk": "2e70b9ee75fc2e0136d09bb68362ef5d", "model": "sessions.session", "fields": {"expire_date": "2011-09-29 11:30:00", "session_data": "MWQ3MzM0OGQwNjUzYTdiMzljMjg5N2VjZmMyMTU2Y2NlOGY0NjVmYjqAAn1xAShVEl9hdXRoX3Vz\nZXJfYmFja2VuZHECVSlkamFuZ28uY29udHJpYi5hdXRoLmJhY2tlbmRzLk1vZGVsQmFja2VuZHED\nVQ1fYXV0aF91c2VyX2lkcQRLAXUu\n"}}, {"pk": "1d4041a0bad1fec9e376125d1dcfd5f3", "model": "sessions.session", "fields": {"expire_date": "2011-09-29 16:19:06", "session_data": "ZTgwOTVjYjI4ZDY5MWI3Y2JhNzE3MTY5MTJmNWI5NWYwMDdmYWM2YTqAAn1xAShVDmNtc19hZG1p\nbl9zaXRlcQJLAVUNX2F1dGhfdXNlcl9pZHEDSwFVEl9hdXRoX3VzZXJfYmFja2VuZHEEVSlkamFu\nZ28uY29udHJpYi5hdXRoLmJhY2tlbmRzLk1vZGVsQmFja2VuZHEFdS4=\n"}}, {"pk": "c0a50410ed9ca876fd9e57564283e4e2", "model": "sessions.session", "fields": {"expire_date": "2011-10-13 11:17:52", "session_data": "MWQ3MzM0OGQwNjUzYTdiMzljMjg5N2VjZmMyMTU2Y2NlOGY0NjVmYjqAAn1xAShVEl9hdXRoX3Vz\nZXJfYmFja2VuZHECVSlkamFuZ28uY29udHJpYi5hdXRoLmJhY2tlbmRzLk1vZGVsQmFja2VuZHED\nVQ1fYXV0aF91c2VyX2lkcQRLAXUu\n"}}, {"pk": "4b89590e98dddb0dba4c06eaeefe8170", "model": "sessions.session", "fields": {"expire_date": "2011-10-17 15:36:38", "session_data": "MzU1MTgzZmY1NWY4OTNhNGE4OWFkMjk1MmU3MzQxMTI4N2QzZWU1OTqAAn1xAS4=\n"}}, {"pk": "3bdbc3f41358a027645dac89f17eaa13", "model": "sessions.session", "fields": {"expire_date": "2011-10-17 18:11:48", "session_data": "YWQzNTlmZTFiMmJhYmRlOWExYjI4YTcwNzEyMTM4YWY2OWQxNWZjYTqAAn1xAShVDmNtc19hZG1p\nbl9zaXRlcQJLAVUSX2F1dGhfdXNlcl9iYWNrZW5kcQNVKWRqYW5nby5jb250cmliLmF1dGguYmFj\na2VuZHMuTW9kZWxCYWNrZW5kcQRVDV9hdXRoX3VzZXJfaWRxBUsBdS4=\n"}}, {"pk": "d12f07fc612baa6342535a5f56eab63a", "model": "sessions.session", "fields": {"expire_date": "2011-10-18 00:23:18", "session_data": "MWQ3MzM0OGQwNjUzYTdiMzljMjg5N2VjZmMyMTU2Y2NlOGY0NjVmYjqAAn1xAShVEl9hdXRoX3Vz\nZXJfYmFja2VuZHECVSlkamFuZ28uY29udHJpYi5hdXRoLmJhY2tlbmRzLk1vZGVsQmFja2VuZHED\nVQ1fYXV0aF91c2VyX2lkcQRLAXUu\n"}}, {"pk": 1, "model": "sites.site", "fields": {"domain": "l003.medcn.uwcm.ac.uk:8000", "name": "l003.medcn.uwcm.ac.uk:8000"}}, {"pk": 21, "model": "admin.logentry", "fields": {"action_flag": 2, "action_time": "2011-10-03 18:11:47", "object_repr": "Technical demonstrations", "object_id": "6", "change_message": "Changed template and moderator_state.", "user": 1, "content_type": 3}}, {"pk": 20, "model": "admin.logentry", "fields": {"action_flag": 2, "action_time": "2011-10-03 18:11:20", "object_repr": "Rows & columns", "object_id": "15", "change_message": "Changed template and moderator_state.", "user": 1, "content_type": 3}}, {"pk": 19, "model": "admin.logentry", "fields": {"action_flag": 2, "action_time": "2011-10-03 18:04:21", "object_repr": "Home", "object_id": "1", "change_message": "Changed template and moderator_state.", "user": 1, "content_type": 3}}, {"pk": 18, "model": "admin.logentry", "fields": {"action_flag": 2, "action_time": "2011-09-29 16:20:00", "object_repr": "Annual Conference of the Dark Ages Society", "object_id": "1", "change_message": "Changed body and do_not_link_to_children.", "user": 1, "content_type": 59}}, {"pk": 17, "model": "admin.logentry", "fields": {"action_flag": 2, "action_time": "2011-09-29 16:18:32", "object_repr": "Annual Conference of the Dark Ages Society", "object_id": "1", "change_message": "Changed body and display_series_name.", "user": 1, "content_type": 59}}, {"pk": 16, "model": "admin.logentry", "fields": {"action_flag": 2, "action_time": "2011-09-29 16:16:36", "object_repr": "Annual Conference of the Dark Ages Society", "object_id": "1", "change_message": "Changed body and display_series_name.", "user": 1, "content_type": 59}}, {"pk": 15, "model": "admin.logentry", "fields": {"action_flag": 2, "action_time": "2011-09-29 16:15:52", "object_repr": "Annual Conference of the Dark Ages Society", "object_id": "1", "change_message": "Changed short_title and body.", "user": 1, "content_type": 59}}, {"pk": 14, "model": "admin.logentry", "fields": {"action_flag": 2, "action_time": "2011-09-29 14:59:00", "object_repr": "Annual Conference of the Dark Ages Society", "object_id": "1", "change_message": "Changed body and display_series_name.", "user": 1, "content_type": 59}}, {"pk": 13, "model": "admin.logentry", "fields": {"action_flag": 2, "action_time": "2011-09-29 14:44:12", "object_repr": "Annual Conference of the Dark Ages Society", "object_id": "1", "change_message": "Changed body and display_series_name.", "user": 1, "content_type": 59}}, {"pk": 12, "model": "admin.logentry", "fields": {"action_flag": 2, "action_time": "2011-09-29 14:28:07", "object_repr": "Mediaeval medical forensic science", "object_id": "9", "change_message": "Changed body and building.", "user": 1, "content_type": 59}}, {"pk": 11, "model": "admin.logentry", "fields": {"action_flag": 2, "action_time": "2011-09-29 14:22:17", "object_repr": "Annual Conference of the Dark Ages Society", "object_id": "1", "change_message": "Changed body and display_series_name.", "user": 1, "content_type": 59}}, {"pk": 10, "model": "admin.logentry", "fields": {"action_flag": 3, "action_time": "2011-09-29 14:22:09", "object_repr": "Annual Conference of the Dark Ages Society", "object_id": "11", "change_message": "", "user": 1, "content_type": 59}}, {"pk": 9, "model": "admin.logentry", "fields": {"action_flag": 1, "action_time": "2011-09-29 14:21:56", "object_repr": "Annual Conference of the Dark Ages Society", "object_id": "11", "change_message": "", "user": 1, "content_type": 59}}, {"pk": 8, "model": "admin.logentry", "fields": {"action_flag": 2, "action_time": "2011-09-29 13:09:12", "object_repr": "Prof Ernie Brooks awarded Nobel prize for Medicine", "object_id": "3", "change_message": "Changed title, body and slug.", "user": 1, "content_type": 58}}, {"pk": 7, "model": "admin.logentry", "fields": {"action_flag": 2, "action_time": "2011-09-29 12:50:10", "object_repr": "Prof Ernie Brooks awarded Nobel prize for Mdicine", "object_id": "3", "change_message": "Changed body. Added object link \"Ernie Brooks\".", "user": 1, "content_type": 58}}, {"pk": 6, "model": "admin.logentry", "fields": {"action_flag": 2, "action_time": "2011-09-29 11:32:13", "object_repr": "Prof Sterling Morrison", "object_id": "6", "change_message": "Changed title and description.", "user": 1, "content_type": 52}}, {"pk": 5, "model": "admin.logentry", "fields": {"action_flag": 3, "action_time": "2011-09-15 16:12:03", "object_repr": "rrr", "object_id": "16", "change_message": "", "user": 1, "content_type": 3}}, {"pk": 4, "model": "admin.logentry", "fields": {"action_flag": 3, "action_time": "2011-09-15 16:11:53", "object_repr": "test", "object_id": "12", "change_message": "", "user": 1, "content_type": 3}}, {"pk": 3, "model": "admin.logentry", "fields": {"action_flag": 1, "action_time": "2011-09-15 15:54:37", "object_repr": "rrr", "object_id": "16", "change_message": "", "user": 1, "content_type": 3}}, {"pk": 2, "model": "admin.logentry", "fields": {"action_flag": 2, "action_time": "2011-09-15 15:54:32", "object_repr": "test", "object_id": "12", "change_message": "Changed moderator_state.", "user": 1, "content_type": 3}}, {"pk": 1, "model": "admin.logentry", "fields": {"action_flag": 2, "action_time": "2011-09-15 15:54:11", "object_repr": "test", "object_id": "12", "change_message": "Changed moderator_state.", "user": 1, "content_type": 3}}, {"pk": 1, "model": "contacts_and_people.site", "fields": {"post_town": "gstsysg", "country": "UK", "site_name": "Site!", "description": ""}}, {"pk": 2, "model": "contacts_and_people.site", "fields": {"post_town": "New York", "country": "USA", "site_name": "New York", "description": ""}}, {"pk": 3, "model": "contacts_and_people.building", "fields": {"map": true, "zoom": 17, "name": "CBGB", "image": null, "additional_street_address": "", "getting_here": 43, "site": 2, "longitude": -74.005972999999997, "number": "", "street": "", "postcode": "", "access_and_parking": 44, "latitude": 40.714353000000003, "summary": "Hilly Kristal's legendary dive-bar music club, the spiritual home of New York's punk and new wave movements", "slug": "new-york-cbgb", "description": 42}}, {"pk": 2, "model": "contacts_and_people.building", "fields": {"map": true, "zoom": 17, "name": "The Galen Building", "image": null, "additional_street_address": "Manhattan", "getting_here": 17, "site": 2, "longitude": -73.970731999999998, "number": "231", "street": "East 47th Street", "postcode": "", "access_and_parking": 18, "latitude": 40.753414999999997, "summary": "The Galen Building is home to the Institute for the Promotion of Mediaeval Medicine as well as a number of other research-related institutions", "slug": "new-york-galen-building", "description": 16}}, {"pk": 1, "model": "contacts_and_people.building", "fields": {"map": false, "zoom": 17, "name": "Dentistry Tower", "image": null, "additional_street_address": null, "getting_here": 11, "site": 2, "longitude": 0.0, "number": "", "street": "Fake Street", "postcode": "", "access_and_parking": 12, "latitude": 0.0, "summary": "The newly-opened state-of-the-art facility for the Centre for Research into Mediaeval Dentistry", "slug": "new-york-dentistry-tower", "description": 10}}, {"pk": 1, "model": "contacts_and_people.phonecontact", "fields": {"country_code": "44", "area_code": "029", "number": "2074 3199", "object_id": 1, "label": "Fax", "content_type": 51, "internal_extension": "4321"}}, {"pk": 2, "model": "contacts_and_people.phonecontact", "fields": {"country_code": "44", "area_code": "029", "number": "2074 3949", "object_id": 1, "label": "Office", "content_type": 51, "internal_extension": "2144"}}, {"pk": 3, "model": "contacts_and_people.phonecontact", "fields": {"country_code": "44", "area_code": "029", "number": "2074 2020", "object_id": 1, "label": "Office", "content_type": 51, "internal_extension": "2020"}}, {"pk": 1, "model": "contacts_and_people.entitylite", "fields": {"name": "Institute of Mediaeval Medicine"}}, {"pk": 2, "model": "contacts_and_people.entitylite", "fields": {"name": "Centre for Research into Mediaeval Dentistry"}}, {"pk": 6, "model": "contacts_and_people.entitylite", "fields": {"name": "Research Centres"}}, {"pk": 7, "model": "contacts_and_people.entitylite", "fields": {"name": "Centre for Research into Mediaeval Surgery"}}, {"pk": 9, "model": "contacts_and_people.entitylite", "fields": {"name": "Bad Air Research Centre"}}, {"pk": 11, "model": "contacts_and_people.entitylite", "fields": {"name": "BBC"}}, {"pk": 12, "model": "contacts_and_people.entitylite", "fields": {"name": "Dark Ages Society"}}, {"pk": 13, "model": "contacts_and_people.entitylite", "fields": {"name": "Evil Eye Research Project"}}, {"pk": 14, "model": "contacts_and_people.entitylite", "fields": {"name": "Departments"}}, {"pk": 15, "model": "contacts_and_people.entitylite", "fields": {"name": "Department of Witchcraft"}}, {"pk": 1, "model": "contacts_and_people.entity", "fields": {"rght": 16, "image": null, "lft": 1, "contacts_page_intro": null, "short_name": "Institute of Mediaeval Medicine", "access_note": "", "auto_news_page": true, "vacancies_page_intro": null, "tree_id": 1, "news_page_menu_title": "News & events", "email": "", "website": 1, "parent": null, "display_parent": true, "auto_vacancies_page": true, "slug": "institute-mediaevel-medicine", "building": 1, "auto_contacts_page": true, "precise_location": "", "url": "", "level": 0, "news_page_intro": null, "vacancies_page_menu_title": "Jobs", "abstract_entity": false, "contacts_page_menu_title": "Contact", "external_url": null}}, {"pk": 14, "model": "contacts_and_people.entity", "fields": {"rght": 5, "image": null, "lft": 2, "contacts_page_intro": null, "short_name": "Departments", "access_note": "", "auto_news_page": false, "vacancies_page_intro": null, "tree_id": 1, "news_page_menu_title": "News & events", "email": "", "website": null, "parent": 1, "display_parent": true, "auto_vacancies_page": false, "slug": "departments", "building": null, "auto_contacts_page": false, "precise_location": "", "url": "", "level": 1, "news_page_intro": null, "vacancies_page_menu_title": "Vacancies & studentships", "abstract_entity": true, "contacts_page_menu_title": "Contacts & people", "external_url": null}}, {"pk": 15, "model": "contacts_and_people.entity", "fields": {"rght": 4, "image": null, "lft": 3, "contacts_page_intro": null, "short_name": "Department of Witchcraft", "access_note": "", "auto_news_page": false, "vacancies_page_intro": null, "tree_id": 1, "news_page_menu_title": "News & events", "email": "", "website": 9, "parent": 14, "display_parent": true, "auto_vacancies_page": false, "slug": "department-witchcraft", "building": null, "auto_contacts_page": false, "precise_location": "", "url": "", "level": 2, "news_page_intro": null, "vacancies_page_menu_title": "Vacancies & studentships", "abstract_entity": false, "contacts_page_menu_title": "Contacts & people", "external_url": null}}, {"pk": 6, "model": "contacts_and_people.entity", "fields": {"rght": 15, "image": null, "lft": 6, "contacts_page_intro": null, "short_name": "Research Centres", "access_note": "", "auto_news_page": false, "vacancies_page_intro": null, "tree_id": 1, "news_page_menu_title": "News & events", "email": "", "website": null, "parent": 1, "display_parent": true, "auto_vacancies_page": false, "slug": "research-centres", "building": null, "auto_contacts_page": false, "precise_location": "", "url": "", "level": 1, "news_page_intro": null, "vacancies_page_menu_title": "Vacancies & studentships", "abstract_entity": true, "contacts_page_menu_title": "Contacts & people", "external_url": null}}, {"pk": 2, "model": "contacts_and_people.entity", "fields": {"rght": 8, "image": null, "lft": 7, "contacts_page_intro": null, "short_name": "Mediaeval Dentistry", "access_note": "", "auto_news_page": true, "vacancies_page_intro": null, "tree_id": 1, "news_page_menu_title": "News & events", "email": "", "website": 2, "parent": 6, "display_parent": true, "auto_vacancies_page": true, "slug": "mediaeval-dentistry", "building": 2, "auto_contacts_page": true, "precise_location": "5th Floor", "url": "", "level": 2, "news_page_intro": null, "vacancies_page_menu_title": "Vacancies & studentships", "abstract_entity": false, "contacts_page_menu_title": "Contacts & people", "external_url": null}}, {"pk": 7, "model": "contacts_and_people.entity", "fields": {"rght": 10, "image": null, "lft": 9, "contacts_page_intro": null, "short_name": "Mediaeval Surgery", "access_note": "", "auto_news_page": true, "vacancies_page_intro": null, "tree_id": 1, "news_page_menu_title": "News & events", "email": "", "website": 3, "parent": 6, "display_parent": true, "auto_vacancies_page": false, "slug": "mediaeval-surgery", "building": null, "auto_contacts_page": true, "precise_location": "Mediaeval Surgery", "url": "", "level": 2, "news_page_intro": null, "vacancies_page_menu_title": "Vacancies & studentships", "abstract_entity": false, "contacts_page_menu_title": "Contacts & people", "external_url": null}}, {"pk": 9, "model": "contacts_and_people.entity", "fields": {"rght": 12, "image": null, "lft": 11, "contacts_page_intro": null, "short_name": "Bad Air Research Centre", "access_note": "", "auto_news_page": true, "vacancies_page_intro": null, "tree_id": 1, "news_page_menu_title": "News & events", "email": "", "website": 4, "parent": 6, "display_parent": true, "auto_vacancies_page": false, "slug": "bad-air", "building": null, "auto_contacts_page": true, "precise_location": "", "url": "", "level": 2, "news_page_intro": null, "vacancies_page_menu_title": "vacancies & studentships", "abstract_entity": false, "contacts_page_menu_title": "Contacts & people", "external_url": null}}, {"pk": 13, "model": "contacts_and_people.entity", "fields": {"rght": 14, "image": null, "lft": 13, "contacts_page_intro": null, "short_name": "Evil Eye Research Project", "access_note": "", "auto_news_page": true, "vacancies_page_intro": null, "tree_id": 1, "news_page_menu_title": "News & events", "email": "", "website": 14, "parent": 6, "display_parent": true, "auto_vacancies_page": true, "slug": "evil-eye-research-project", "building": null, "auto_contacts_page": true, "precise_location": "", "url": "", "level": 2, "news_page_intro": null, "vacancies_page_menu_title": "Vacancies & studentships", "abstract_entity": false, "contacts_page_menu_title": "Contacts & people", "external_url": null}}, {"pk": 11, "model": "contacts_and_people.entity", "fields": {"rght": 2, "image": null, "lft": 1, "contacts_page_intro": null, "short_name": "BBC", "access_note": "", "auto_news_page": false, "vacancies_page_intro": null, "tree_id": 7, "news_page_menu_title": "News & events", "email": "", "website": null, "parent": null, "display_parent": true, "auto_vacancies_page": false, "slug": "bbc", "building": null, "auto_contacts_page": false, "precise_location": "", "url": "", "level": 0, "news_page_intro": null, "vacancies_page_menu_title": "Vacancies & studentships", "abstract_entity": false, "contacts_page_menu_title": "Contacts & people", "external_url": 1}}, {"pk": 12, "model": "contacts_and_people.entity", "fields": {"rght": 2, "image": null, "lft": 1, "contacts_page_intro": null, "short_name": "Dark Ages Society", "access_note": "", "auto_news_page": false, "vacancies_page_intro": null, "tree_id": 8, "news_page_menu_title": "News & events", "email": "", "website": null, "parent": null, "display_parent": true, "auto_vacancies_page": false, "slug": "dark-ages-society", "building": null, "auto_contacts_page": false, "precise_location": "", "url": "", "level": 0, "news_page_intro": null, "vacancies_page_menu_title": "Vacancies & studentships", "abstract_entity": false, "contacts_page_menu_title": "Contacts & people", "external_url": 4}}, {"pk": 2, "model": "contacts_and_people.title", "fields": {"abbreviation": "Dr", "title": "Dr"}}, {"pk": 7, "model": "contacts_and_people.title", "fields": {"abbreviation": "Miss", "title": "Miss"}}, {"pk": 4, "model": "contacts_and_people.title", "fields": {"abbreviation": "Mr", "title": "Mr"}}, {"pk": 5, "model": "contacts_and_people.title", "fields": {"abbreviation": "Mrs", "title": "Mrs"}}, {"pk": 3, "model": "contacts_and_people.title", "fields": {"abbreviation": "Ms", "title": "Ms"}}, {"pk": 1, "model": "contacts_and_people.title", "fields": {"abbreviation": "Prof", "title": "Prof"}}, {"pk": 6, "model": "contacts_and_people.title", "fields": {"abbreviation": "Rev", "title": "Rev"}}, {"pk": 1, "model": "contacts_and_people.personlite", "fields": {"middle_names": "Marco", "surname": "Harries", "given_name": "Sarah", "title": null}}, {"pk": 2, "model": "contacts_and_people.personlite", "fields": {"middle_names": "", "surname": "Reed", "given_name": "Lou", "title": null}}, {"pk": 3, "model": "contacts_and_people.personlite", "fields": {"middle_names": "", "surname": "Cale", "given_name": "John", "title": null}}, {"pk": 4, "model": "contacts_and_people.personlite", "fields": {"middle_names": "", "surname": "Nico", "given_name": "", "title": null}}, {"pk": 5, "model": "contacts_and_people.personlite", "fields": {"middle_names": "", "surname": "Richman", "given_name": "Jonathan", "title": null}}, {"pk": 6, "model": "contacts_and_people.personlite", "fields": {"middle_names": "", "surname": "Morrison", "given_name": "Sterling", "title": "Prof"}}, {"pk": 7, "model": "contacts_and_people.personlite", "fields": {"middle_names": "", "surname": "Tucker", "given_name": "Mo", "title": null}}, {"pk": 8, "model": "contacts_and_people.personlite", "fields": {"middle_names": "", "surname": "Harrison", "given_name": "Jerry", "title": null}}, {"pk": 9, "model": "contacts_and_people.personlite", "fields": {"middle_names": "", "surname": "Robinson", "given_name": "David", "title": null}}, {"pk": 10, "model": "contacts_and_people.personlite", "fields": {"middle_names": "", "surname": "Brooks", "given_name": "Ernie", "title": null}}, {"pk": 11, "model": "contacts_and_people.personlite", "fields": {"middle_names": "", "surname": "Ocasek", "given_name": "Rick", "title": null}}, {"pk": 12, "model": "contacts_and_people.personlite", "fields": {"middle_names": "", "surname": "Orr", "given_name": "Benjamin", "title": null}}, {"pk": 13, "model": "contacts_and_people.personlite", "fields": {"middle_names": "", "surname": "Hawkes", "given_name": "Greg", "title": null}}, {"pk": 14, "model": "contacts_and_people.personlite", "fields": {"middle_names": "", "surname": "Easton", "given_name": "Elliott", "title": null}}, {"pk": 10, "model": "contacts_and_people.person", "fields": {"building": null, "data_feed_locked": false, "staff_id": "", "description": 33, "access_note": "", "precise_location": "Room 2.34", "url": "", "override_entity": null, "image": 2, "institutional_username": "", "slug": "ernie-brooks", "user": null, "active": true, "please_contact": 3, "email": "ernie-brooks@example.com", "external_url": null}}, {"pk": 3, "model": "contacts_and_people.person", "fields": {"building": null, "data_feed_locked": false, "staff_id": "", "description": 21, "access_note": "", "precise_location": "", "url": "", "override_entity": null, "image": 4, "institutional_username": "", "slug": "john-cale", "user": null, "active": true, "please_contact": null, "email": "", "external_url": 1}}, {"pk": 14, "model": "contacts_and_people.person", "fields": {"building": null, "data_feed_locked": false, "staff_id": "", "description": 38, "access_note": "", "precise_location": "", "url": "", "override_entity": null, "image": null, "institutional_username": "", "slug": "elliott-easton", "user": null, "active": true, "please_contact": null, "email": "", "external_url": null}}, {"pk": 1, "model": "contacts_and_people.person", "fields": {"building": null, "data_feed_locked": false, "staff_id": "06489", "description": 3, "access_note": "Disabled access is available", "precise_location": "Lecture Theatre 1", "url": "", "override_entity": null, "image": null, "institutional_username": "sagdp6", "slug": "sarah-marco-harries", "user": null, "active": true, "please_contact": null, "email": "Go-Africa@cf.ac.uk", "external_url": null}}, {"pk": 8, "model": "contacts_and_people.person", "fields": {"building": null, "data_feed_locked": false, "staff_id": "", "description": 26, "access_note": "", "precise_location": "", "url": "", "override_entity": null, "image": null, "institutional_username": "", "slug": "jerry-harrison", "user": null, "active": true, "please_contact": null, "email": "", "external_url": null}}, {"pk": 13, "model": "contacts_and_people.person", "fields": {"building": null, "data_feed_locked": false, "staff_id": "", "description": 36, "access_note": "", "precise_location": "", "url": "", "override_entity": null, "image": null, "institutional_username": "", "slug": "greg-hawkes", "user": null, "active": true, "please_contact": null, "email": "", "external_url": null}}, {"pk": 6, "model": "contacts_and_people.person", "fields": {"building": null, "data_feed_locked": false, "staff_id": "", "description": 24, "access_note": "", "precise_location": "", "url": "", "override_entity": null, "image": null, "institutional_username": "", "slug": "sterling-morrison", "user": null, "active": true, "please_contact": null, "email": "", "external_url": null}}, {"pk": 4, "model": "contacts_and_people.person", "fields": {"building": null, "data_feed_locked": false, "staff_id": "", "description": 22, "access_note": "", "precise_location": "", "url": "", "override_entity": null, "image": null, "institutional_username": "", "slug": "nico", "user": null, "active": true, "please_contact": null, "email": "", "external_url": null}}, {"pk": 11, "model": "contacts_and_people.person", "fields": {"building": null, "data_feed_locked": false, "staff_id": "", "description": 34, "access_note": "", "precise_location": "", "url": "", "override_entity": null, "image": null, "institutional_username": "", "slug": "rick-ocasek", "user": null, "active": true, "please_contact": null, "email": "", "external_url": null}}, {"pk": 12, "model": "contacts_and_people.person", "fields": {"building": null, "data_feed_locked": false, "staff_id": "", "description": 35, "access_note": "", "precise_location": "", "url": "", "override_entity": null, "image": null, "institutional_username": "", "slug": "benjamin-orr", "user": null, "active": true, "please_contact": null, "email": "", "external_url": null}}, {"pk": 2, "model": "contacts_and_people.person", "fields": {"building": null, "data_feed_locked": false, "staff_id": "", "description": 20, "access_note": "", "precise_location": "", "url": "", "override_entity": null, "image": null, "institutional_username": "", "slug": "lou-reed", "user": null, "active": true, "please_contact": null, "email": "", "external_url": null}}, {"pk": 5, "model": "contacts_and_people.person", "fields": {"building": null, "data_feed_locked": false, "staff_id": "", "description": 23, "access_note": "", "precise_location": "", "url": "", "override_entity": null, "image": null, "institutional_username": "", "slug": "jonathan-richman", "user": null, "active": true, "please_contact": null, "email": "", "external_url": null}}, {"pk": 9, "model": "contacts_and_people.person", "fields": {"building": null, "data_feed_locked": false, "staff_id": "", "description": 28, "access_note": "", "precise_location": "", "url": "", "override_entity": null, "image": null, "institutional_username": "", "slug": "david-robinson", "user": null, "active": true, "please_contact": null, "email": "", "external_url": null}}, {"pk": 7, "model": "contacts_and_people.person", "fields": {"building": null, "data_feed_locked": false, "staff_id": "", "description": 25, "access_note": "", "precise_location": "", "url": "", "override_entity": null, "image": null, "institutional_username": "", "slug": "mo-tucker", "user": null, "active": true, "please_contact": null, "email": "", "external_url": null}}, {"pk": 23, "model": "contacts_and_people.membership", "fields": {"importance_to_person": 5, "person": 14, "entity": 9, "display_role": null, "role": "Director of Research", "importance_to_entity": 5, "key_contact": false}}, {"pk": 29, "model": "contacts_and_people.membership", "fields": {"importance_to_person": 5, "person": 4, "entity": 13, "display_role": null, "role": "Director", "importance_to_entity": 5, "key_contact": false}}, {"pk": 20, "model": "contacts_and_people.membership", "fields": {"importance_to_person": 2, "person": 11, "entity": 9, "display_role": null, "role": "General Manager", "importance_to_entity": 5, "key_contact": false}}, {"pk": 14, "model": "contacts_and_people.membership", "fields": {"importance_to_person": 2, "person": 5, "entity": 7, "display_role": null, "role": "Director of Research", "importance_to_entity": 5, "key_contact": false}}, {"pk": 17, "model": "contacts_and_people.membership", "fields": {"importance_to_person": 5, "person": 10, "entity": 1, "display_role": null, "role": "Dean of Research", "importance_to_entity": 4, "key_contact": false}}, {"pk": 13, "model": "contacts_and_people.membership", "fields": {"importance_to_person": 4, "person": 8, "entity": 7, "display_role": null, "role": "Manager", "importance_to_entity": 4, "key_contact": false}}, {"pk": 27, "model": "contacts_and_people.membership", "fields": {"importance_to_person": 2, "person": 2, "entity": 9, "display_role": null, "role": "Professor of Air Sounding", "importance_to_entity": 4, "key_contact": false}}, {"pk": 16, "model": "contacts_and_people.membership", "fields": {"importance_to_person": 4, "person": 9, "entity": 7, "display_role": null, "role": "Public Engagement Manager", "importance_to_entity": 3, "key_contact": false}}, {"pk": 24, "model": "contacts_and_people.membership", "fields": {"importance_to_person": 2, "person": 10, "entity": 12, "display_role": null, "role": "Fellow", "importance_to_entity": 2, "key_contact": false}}, {"pk": 25, "model": "contacts_and_people.membership", "fields": {"importance_to_person": 2, "person": 10, "entity": 11, "display_role": null, "role": "Advisor on Mediaeval Science & Medicine", "importance_to_entity": 2, "key_contact": false}}, {"pk": 26, "model": "contacts_and_people.membership", "fields": {"importance_to_person": 2, "person": 10, "entity": 7, "display_role": null, "role": "Professor in Mediaeval Surgery", "importance_to_entity": 2, "key_contact": false}}, {"pk": 3, "model": "contacts_and_people.membership", "fields": {"importance_to_person": 2, "person": 3, "entity": 7, "display_role": null, "role": "Secretary to the Director of Research", "importance_to_entity": 2, "key_contact": true}}, {"pk": 1, "model": "contacts_and_people.membership", "fields": {"importance_to_person": 2, "person": 1, "entity": 1, "display_role": null, "role": "Secretary", "importance_to_entity": 2, "key_contact": false}}, {"pk": 22, "model": "contacts_and_people.membership", "fields": {"importance_to_person": 5, "person": 13, "entity": 9, "display_role": null, "role": "Secretary", "importance_to_entity": 2, "key_contact": true}}, {"pk": 31, "model": "contacts_and_people.membership", "fields": {"importance_to_person": 5, "person": 6, "entity": 15, "display_role": null, "role": "MSc Director", "importance_to_entity": 2, "key_contact": false}}, {"pk": 30, "model": "contacts_and_people.membership", "fields": {"importance_to_person": 5, "person": 12, "entity": 13, "display_role": null, "role": "Principal Investigator", "importance_to_entity": 2, "key_contact": false}}, {"pk": 28, "model": "contacts_and_people.membership", "fields": {"importance_to_person": 5, "person": 7, "entity": 1, "display_role": null, "role": "Director of Recruitment", "importance_to_entity": 2, "key_contact": false}}, {"pk": 129, "model": "auth.permission", "fields": {"codename": "add_clipboard", "name": "Can add clipboard", "content_type": 44}}, {"pk": 130, "model": "auth.permission", "fields": {"codename": "change_clipboard", "name": "Can change clipboard", "content_type": 44}}, {"pk": 131, "model": "auth.permission", "fields": {"codename": "delete_clipboard", "name": "Can delete clipboard", "content_type": 44}}, {"pk": 198, "model": "auth.permission", "fields": {"codename": "add_entitydirectoryplugineditor", "name": "Can add entity directory plugin editor", "content_type": 66}}, {"pk": 199, "model": "auth.permission", "fields": {"codename": "change_entitydirectoryplugineditor", "name": "Can change entity directory plugin editor", "content_type": 66}}, {"pk": 200, "model": "auth.permission", "fields": {"codename": "delete_entitydirectoryplugineditor", "name": "Can delete entity directory plugin editor", "content_type": 66}}, {"pk": 80, "model": "auth.permission", "fields": {"codename": "add_genericlinklistplugin", "name": "Can add generic link list plugin", "content_type": 27}}, {"pk": 81, "model": "auth.permission", "fields": {"codename": "change_genericlinklistplugin", "name": "Can change generic link list plugin", "content_type": 27}}, {"pk": 82, "model": "auth.permission", "fields": {"codename": "delete_genericlinklistplugin", "name": "Can delete generic link list plugin", "content_type": 27}}, {"pk": 201, "model": "auth.permission", "fields": {"codename": "add_entitymembersplugineditor", "name": "Can add entity members plugin editor", "content_type": 67}}, {"pk": 202, "model": "auth.permission", "fields": {"codename": "change_entitymembersplugineditor", "name": "Can change entity members plugin editor", "content_type": 67}}, {"pk": 203, "model": "auth.permission", "fields": {"codename": "delete_entitymembersplugineditor", "name": "Can delete entity members plugin editor", "content_type": 67}}, {"pk": 113, "model": "auth.permission", "fields": {"codename": "add_source", "name": "Can add source", "content_type": 39}}, {"pk": 114, "model": "auth.permission", "fields": {"codename": "change_source", "name": "Can change source", "content_type": 39}}, {"pk": 115, "model": "auth.permission", "fields": {"codename": "delete_source", "name": "Can delete source", "content_type": 39}}, {"pk": 116, "model": "auth.permission", "fields": {"codename": "add_thumbnail", "name": "Can add thumbnail", "content_type": 40}}, {"pk": 117, "model": "auth.permission", "fields": {"codename": "change_thumbnail", "name": "Can change thumbnail", "content_type": 40}}, {"pk": 118, "model": "auth.permission", "fields": {"codename": "delete_thumbnail", "name": "Can delete thumbnail", "content_type": 40}}, {"pk": 110, "model": "auth.permission", "fields": {"codename": "add_cssclass", "name": "Can add CSS class", "content_type": 38}}, {"pk": 111, "model": "auth.permission", "fields": {"codename": "change_cssclass", "name": "Can change CSS class", "content_type": 38}}, {"pk": 112, "model": "auth.permission", "fields": {"codename": "delete_cssclass", "name": "Can delete CSS class", "content_type": 38}}, {"pk": 74, "model": "auth.permission", "fields": {"codename": "add_linktype", "name": "Can add link type", "content_type": 25}}, {"pk": 75, "model": "auth.permission", "fields": {"codename": "change_linktype", "name": "Can change link type", "content_type": 25}}, {"pk": 76, "model": "auth.permission", "fields": {"codename": "delete_linktype", "name": "Can delete link type", "content_type": 25}}, {"pk": 4, "model": "auth.permission", "fields": {"codename": "add_cmsplugin", "name": "Can add cms plugin", "content_type": 2}}, {"pk": 5, "model": "auth.permission", "fields": {"codename": "change_cmsplugin", "name": "Can change cms plugin", "content_type": 2}}, {"pk": 6, "model": "auth.permission", "fields": {"codename": "delete_cmsplugin", "name": "Can delete cms plugin", "content_type": 2}}, {"pk": 17, "model": "auth.permission", "fields": {"codename": "add_globalpagepermission", "name": "Can add Page global permission", "content_type": 6}}, {"pk": 18, "model": "auth.permission", "fields": {"codename": "change_globalpagepermission", "name": "Can change Page global permission", "content_type": 6}}, {"pk": 19, "model": "auth.permission", "fields": {"codename": "delete_globalpagepermission", "name": "Can delete Page global permission", "content_type": 6}}, {"pk": 7, "model": "auth.permission", "fields": {"codename": "add_page", "name": "Can add page", "content_type": 3}}, {"pk": 8, "model": "auth.permission", "fields": {"codename": "change_page", "name": "Can change page", "content_type": 3}}, {"pk": 9, "model": "auth.permission", "fields": {"codename": "delete_page", "name": "Can delete page", "content_type": 3}}, {"pk": 10, "model": "auth.permission", "fields": {"codename": "view_page", "name": "Can view page", "content_type": 3}}, {"pk": 11, "model": "auth.permission", "fields": {"codename": "add_pagemoderator", "name": "Can add PageModerator", "content_type": 4}}, {"pk": 12, "model": "auth.permission", "fields": {"codename": "change_pagemoderator", "name": "Can change PageModerator", "content_type": 4}}, {"pk": 13, "model": "auth.permission", "fields": {"codename": "delete_pagemoderator", "name": "Can delete PageModerator", "content_type": 4}}, {"pk": 14, "model": "auth.permission", "fields": {"codename": "add_pagemoderatorstate", "name": "Can add Page moderator state", "content_type": 5}}, {"pk": 15, "model": "auth.permission", "fields": {"codename": "change_pagemoderatorstate", "name": "Can change Page moderator state", "content_type": 5}}, {"pk": 16, "model": "auth.permission", "fields": {"codename": "delete_pagemoderatorstate", "name": "Can delete Page moderator state", "content_type": 5}}, {"pk": 20, "model": "auth.permission", "fields": {"codename": "add_pagepermission", "name": "Can add Page permission", "content_type": 7}}, {"pk": 21, "model": "auth.permission", "fields": {"codename": "change_pagepermission", "name": "Can change Page permission", "content_type": 7}}, {"pk": 22, "model": "auth.permission", "fields": {"codename": "delete_pagepermission", "name": "Can delete Page permission", "content_type": 7}}, {"pk": 23, "model": "auth.permission", "fields": {"codename": "add_pageuser", "name": "Can add User (page)", "content_type": 8}}, {"pk": 24, "model": "auth.permission", "fields": {"codename": "change_pageuser", "name": "Can change User (page)", "content_type": 8}}, {"pk": 25, "model": "auth.permission", "fields": {"codename": "delete_pageuser", "name": "Can delete User (page)", "content_type": 8}}, {"pk": 26, "model": "auth.permission", "fields": {"codename": "add_pageusergroup", "name": "Can add User group (page)", "content_type": 9}}, {"pk": 27, "model": "auth.permission", "fields": {"codename": "change_pageusergroup", "name": "Can change User group (page)", "content_type": 9}}, {"pk": 28, "model": "auth.permission", "fields": {"codename": "delete_pageusergroup", "name": "Can delete User group (page)", "content_type": 9}}, {"pk": 1, "model": "auth.permission", "fields": {"codename": "add_placeholder", "name": "Can add placeholder", "content_type": 1}}, {"pk": 2, "model": "auth.permission", "fields": {"codename": "change_placeholder", "name": "Can change placeholder", "content_type": 1}}, {"pk": 3, "model": "auth.permission", "fields": {"codename": "delete_placeholder", "name": "Can delete placeholder", "content_type": 1}}, {"pk": 29, "model": "auth.permission", "fields": {"codename": "add_title", "name": "Can add title", "content_type": 10}}, {"pk": 30, "model": "auth.permission", "fields": {"codename": "change_title", "name": "Can change title", "content_type": 10}}, {"pk": 31, "model": "auth.permission", "fields": {"codename": "delete_title", "name": "Can delete title", "content_type": 10}}, {"pk": 135, "model": "auth.permission", "fields": {"codename": "add_image", "name": "Can add image", "content_type": 46}}, {"pk": 136, "model": "auth.permission", "fields": {"codename": "change_image", "name": "Can change image", "content_type": 46}}, {"pk": 137, "model": "auth.permission", "fields": {"codename": "delete_image", "name": "Can delete image", "content_type": 46}}, {"pk": 144, "model": "auth.permission", "fields": {"codename": "add_group", "name": "Can add group", "content_type": 49}}, {"pk": 145, "model": "auth.permission", "fields": {"codename": "change_group", "name": "Can change group", "content_type": 49}}, {"pk": 146, "model": "auth.permission", "fields": {"codename": "delete_group", "name": "Can delete group", "content_type": 49}}, {"pk": 165, "model": "auth.permission", "fields": {"codename": "add_site", "name": "Can add site", "content_type": 55}}, {"pk": 166, "model": "auth.permission", "fields": {"codename": "change_site", "name": "Can change site", "content_type": 55}}, {"pk": 167, "model": "auth.permission", "fields": {"codename": "delete_site", "name": "Can delete site", "content_type": 55}}, {"pk": 168, "model": "auth.permission", "fields": {"codename": "add_building", "name": "Can add building", "content_type": 56}}, {"pk": 169, "model": "auth.permission", "fields": {"codename": "change_building", "name": "Can change building", "content_type": 56}}, {"pk": 170, "model": "auth.permission", "fields": {"codename": "delete_building", "name": "Can delete building", "content_type": 56}}, {"pk": 141, "model": "auth.permission", "fields": {"codename": "add_permission", "name": "Can add permission", "content_type": 48}}, {"pk": 142, "model": "auth.permission", "fields": {"codename": "change_permission", "name": "Can change permission", "content_type": 48}}, {"pk": 143, "model": "auth.permission", "fields": {"codename": "delete_permission", "name": "Can delete permission", "content_type": 48}}, {"pk": 171, "model": "auth.permission", "fields": {"codename": "add_phonecontact", "name": "Can add phone contact", "content_type": 57}}, {"pk": 172, "model": "auth.permission", "fields": {"codename": "change_phonecontact", "name": "Can change phone contact", "content_type": 57}}, {"pk": 173, "model": "auth.permission", "fields": {"codename": "delete_phonecontact", "name": "Can delete phone contact", "content_type": 57}}, {"pk": 162, "model": "auth.permission", "fields": {"codename": "add_logentry", "name": "Can add log entry", "content_type": 54}}, {"pk": 163, "model": "auth.permission", "fields": {"codename": "change_logentry", "name": "Can change log entry", "content_type": 54}}, {"pk": 164, "model": "auth.permission", "fields": {"codename": "delete_logentry", "name": "Can delete log entry", "content_type": 54}}, {"pk": 156, "model": "auth.permission", "fields": {"codename": "add_session", "name": "Can add session", "content_type": 52}}, {"pk": 157, "model": "auth.permission", "fields": {"codename": "change_session", "name": "Can change session", "content_type": 52}}, {"pk": 158, "model": "auth.permission", "fields": {"codename": "delete_session", "name": "Can delete session", "content_type": 52}}, {"pk": 153, "model": "auth.permission", "fields": {"codename": "add_contenttype", "name": "Can add content type", "content_type": 51}}, {"pk": 154, "model": "auth.permission", "fields": {"codename": "change_contenttype", "name": "Can change content type", "content_type": 51}}, {"pk": 155, "model": "auth.permission", "fields": {"codename": "delete_contenttype", "name": "Can delete content type", "content_type": 51}}, {"pk": 138, "model": "auth.permission", "fields": {"codename": "add_video", "name": "Can add video", "content_type": 47}}, {"pk": 139, "model": "auth.permission", "fields": {"codename": "change_video", "name": "Can change video", "content_type": 47}}, {"pk": 140, "model": "auth.permission", "fields": {"codename": "delete_video", "name": "Can delete video", "content_type": 47}}, {"pk": 132, "model": "auth.permission", "fields": {"codename": "add_clipboarditem", "name": "Can add clipboard item", "content_type": 45}}, {"pk": 133, "model": "auth.permission", "fields": {"codename": "change_clipboarditem", "name": "Can change clipboard item", "content_type": 45}}, {"pk": 134, "model": "auth.permission", "fields": {"codename": "delete_clipboarditem", "name": "Can delete clipboard item", "content_type": 45}}, {"pk": 159, "model": "auth.permission", "fields": {"codename": "add_site", "name": "Can add site", "content_type": 53}}, {"pk": 160, "model": "auth.permission", "fields": {"codename": "change_site", "name": "Can change site", "content_type": 53}}, {"pk": 161, "model": "auth.permission", "fields": {"codename": "delete_site", "name": "Can delete site", "content_type": 53}}, {"pk": 150, "model": "auth.permission", "fields": {"codename": "add_message", "name": "Can add message", "content_type": 50}}, {"pk": 151, "model": "auth.permission", "fields": {"codename": "change_message", "name": "Can change message", "content_type": 50}}, {"pk": 152, "model": "auth.permission", "fields": {"codename": "delete_message", "name": "Can delete message", "content_type": 50}}, {"pk": 119, "model": "auth.permission", "fields": {"codename": "add_folder", "name": "Can add Folder", "content_type": 41}}, {"pk": 122, "model": "auth.permission", "fields": {"codename": "can_use_directory_listing", "name": "Can use directory listing", "content_type": 41}}, {"pk": 120, "model": "auth.permission", "fields": {"codename": "change_folder", "name": "Can change Folder", "content_type": 41}}, {"pk": 121, "model": "auth.permission", "fields": {"codename": "delete_folder", "name": "Can delete Folder", "content_type": 41}}, {"pk": 89, "model": "auth.permission", "fields": {"codename": "add_carouselpluginitem", "name": "Can add carousel plugin item", "content_type": 30}}, {"pk": 90, "model": "auth.permission", "fields": {"codename": "change_carouselpluginitem", "name": "Can change carousel plugin item", "content_type": 30}}, {"pk": 91, "model": "auth.permission", "fields": {"codename": "delete_carouselpluginitem", "name": "Can delete carousel plugin item", "content_type": 30}}, {"pk": 92, "model": "auth.permission", "fields": {"codename": "add_focusonplugineditor", "name": "Can add focus on plugin editor", "content_type": 31}}, {"pk": 93, "model": "auth.permission", "fields": {"codename": "change_focusonplugineditor", "name": "Can change focus on plugin editor", "content_type": 31}}, {"pk": 94, "model": "auth.permission", "fields": {"codename": "delete_focusonplugineditor", "name": "Can delete focus on plugin editor", "content_type": 31}}, {"pk": 95, "model": "auth.permission", "fields": {"codename": "add_focusonpluginitemeditor", "name": "Can add focus on plugin item editor", "content_type": 32}}, {"pk": 96, "model": "auth.permission", "fields": {"codename": "change_focusonpluginitemeditor", "name": "Can change focus on plugin item editor", "content_type": 32}}, {"pk": 97, "model": "auth.permission", "fields": {"codename": "delete_focusonpluginitemeditor", "name": "Can delete focus on plugin item editor", "content_type": 32}}, {"pk": 98, "model": "auth.permission", "fields": {"codename": "add_arkestrauser", "name": "Can add arkestra user", "content_type": 33}}, {"pk": 147, "model": "auth.permission", "fields": {"codename": "add_user", "name": "Can add user", "content_type": 33}}, {"pk": 99, "model": "auth.permission", "fields": {"codename": "change_arkestrauser", "name": "Can change arkestra user", "content_type": 33}}, {"pk": 148, "model": "auth.permission", "fields": {"codename": "change_user", "name": "Can change user", "content_type": 33}}, {"pk": 100, "model": "auth.permission", "fields": {"codename": "delete_arkestrauser", "name": "Can delete arkestra user", "content_type": 33}}, {"pk": 149, "model": "auth.permission", "fields": {"codename": "delete_user", "name": "Can delete user", "content_type": 33}}, {"pk": 104, "model": "auth.permission", "fields": {"codename": "add_filerimage", "name": "Can add filer image", "content_type": 36}}, {"pk": 105, "model": "auth.permission", "fields": {"codename": "change_filerimage", "name": "Can change filer image", "content_type": 36}}, {"pk": 106, "model": "auth.permission", "fields": {"codename": "delete_filerimage", "name": "Can delete filer image", "content_type": 36}}, {"pk": 101, "model": "auth.permission", "fields": {"codename": "add_insert", "name": "Can add insert", "content_type": 34}}, {"pk": 102, "model": "auth.permission", "fields": {"codename": "change_insert", "name": "Can change insert", "content_type": 34}}, {"pk": 103, "model": "auth.permission", "fields": {"codename": "delete_insert", "name": "Can delete insert", "content_type": 34}}, {"pk": 107, "model": "auth.permission", "fields": {"codename": "add_cssclasscategory", "name": "Can add CSS class category", "content_type": 37}}, {"pk": 108, "model": "auth.permission", "fields": {"codename": "change_cssclasscategory", "name": "Can change CSS class category", "content_type": 37}}, {"pk": 109, "model": "auth.permission", "fields": {"codename": "delete_cssclasscategory", "name": "Can delete CSS class category", "content_type": 37}}, {"pk": 204, "model": "auth.permission", "fields": {"codename": "add_phonecontact", "name": "Can add phone contact", "content_type": 68}}, {"pk": 205, "model": "auth.permission", "fields": {"codename": "change_phonecontact", "name": "Can change phone contact", "content_type": 68}}, {"pk": 206, "model": "auth.permission", "fields": {"codename": "delete_phonecontact", "name": "Can delete phone contact", "content_type": 68}}, {"pk": 62, "model": "auth.permission", "fields": {"codename": "add_newssource", "name": "Can add news source", "content_type": 21}}, {"pk": 63, "model": "auth.permission", "fields": {"codename": "change_newssource", "name": "Can change news source", "content_type": 21}}, {"pk": 64, "model": "auth.permission", "fields": {"codename": "delete_newssource", "name": "Can delete news source", "content_type": 21}}, {"pk": 65, "model": "auth.permission", "fields": {"codename": "add_newsandeventsplugin", "name": "Can add news and events plugin", "content_type": 22}}, {"pk": 66, "model": "auth.permission", "fields": {"codename": "change_newsandeventsplugin", "name": "Can change news and events plugin", "content_type": 22}}, {"pk": 67, "model": "auth.permission", "fields": {"codename": "delete_newsandeventsplugin", "name": "Can delete news and events plugin", "content_type": 22}}, {"pk": 47, "model": "auth.permission", "fields": {"codename": "add_studentship", "name": "Can add studentship", "content_type": 16}}, {"pk": 48, "model": "auth.permission", "fields": {"codename": "change_studentship", "name": "Can change studentship", "content_type": 16}}, {"pk": 49, "model": "auth.permission", "fields": {"codename": "delete_studentship", "name": "Can delete studentship", "content_type": 16}}, {"pk": 53, "model": "auth.permission", "fields": {"codename": "add_newsarticle", "name": "Can add news article", "content_type": 18}}, {"pk": 54, "model": "auth.permission", "fields": {"codename": "change_newsarticle", "name": "Can change news article", "content_type": 18}}, {"pk": 55, "model": "auth.permission", "fields": {"codename": "delete_newsarticle", "name": "Can delete news article", "content_type": 18}}, {"pk": 68, "model": "auth.permission", "fields": {"codename": "add_objectlink", "name": "Can add object link", "content_type": 23}}, {"pk": 69, "model": "auth.permission", "fields": {"codename": "change_objectlink", "name": "Can change object link", "content_type": 23}}, {"pk": 70, "model": "auth.permission", "fields": {"codename": "delete_objectlink", "name": "Can delete object link", "content_type": 23}}, {"pk": 71, "model": "auth.permission", "fields": {"codename": "add_externallink", "name": "Can add external link", "content_type": 24}}, {"pk": 72, "model": "auth.permission", "fields": {"codename": "change_externallink", "name": "Can change external link", "content_type": 24}}, {"pk": 73, "model": "auth.permission", "fields": {"codename": "delete_externallink", "name": "Can delete external link", "content_type": 24}}, {"pk": 56, "model": "auth.permission", "fields": {"codename": "add_event", "name": "Can add event", "content_type": 19}}, {"pk": 57, "model": "auth.permission", "fields": {"codename": "change_event", "name": "Can change event", "content_type": 19}}, {"pk": 58, "model": "auth.permission", "fields": {"codename": "delete_event", "name": "Can delete event", "content_type": 19}}, {"pk": 59, "model": "auth.permission", "fields": {"codename": "add_eventtype", "name": "Can add event type", "content_type": 20}}, {"pk": 60, "model": "auth.permission", "fields": {"codename": "change_eventtype", "name": "Can change event type", "content_type": 20}}, {"pk": 61, "model": "auth.permission", "fields": {"codename": "delete_eventtype", "name": "Can delete event type", "content_type": 20}}, {"pk": 50, "model": "auth.permission", "fields": {"codename": "add_vacanciesplugin", "name": "Can add vacancies plugin", "content_type": 17}}, {"pk": 51, "model": "auth.permission", "fields": {"codename": "change_vacanciesplugin", "name": "Can change vacancies plugin", "content_type": 17}}, {"pk": 52, "model": "auth.permission", "fields": {"codename": "delete_vacanciesplugin", "name": "Can delete vacancies plugin", "content_type": 17}}, {"pk": 44, "model": "auth.permission", "fields": {"codename": "add_vacancy", "name": "Can add vacancy", "content_type": 15}}, {"pk": 45, "model": "auth.permission", "fields": {"codename": "change_vacancy", "name": "Can change vacancy", "content_type": 15}}, {"pk": 46, "model": "auth.permission", "fields": {"codename": "delete_vacancy", "name": "Can delete vacancy", "content_type": 15}}, {"pk": 32, "model": "auth.permission", "fields": {"codename": "add_cachekey", "name": "Can add cache key", "content_type": 11}}, {"pk": 33, "model": "auth.permission", "fields": {"codename": "change_cachekey", "name": "Can change cache key", "content_type": 11}}, {"pk": 34, "model": "auth.permission", "fields": {"codename": "delete_cachekey", "name": "Can delete cache key", "content_type": 11}}, {"pk": 177, "model": "auth.permission", "fields": {"codename": "add_entity", "name": "Can add entity", "content_type": 59}}, {"pk": 178, "model": "auth.permission", "fields": {"codename": "change_entity", "name": "Can change entity", "content_type": 59}}, {"pk": 179, "model": "auth.permission", "fields": {"codename": "delete_entity", "name": "Can delete entity", "content_type": 59}}, {"pk": 180, "model": "auth.permission", "fields": {"codename": "add_title", "name": "Can add title", "content_type": 60}}, {"pk": 181, "model": "auth.permission", "fields": {"codename": "change_title", "name": "Can change title", "content_type": 60}}, {"pk": 182, "model": "auth.permission", "fields": {"codename": "delete_title", "name": "Can delete title", "content_type": 60}}, {"pk": 186, "model": "auth.permission", "fields": {"codename": "add_person", "name": "Can add person", "content_type": 62}}, {"pk": 187, "model": "auth.permission", "fields": {"codename": "change_person", "name": "Can change person", "content_type": 62}}, {"pk": 188, "model": "auth.permission", "fields": {"codename": "delete_person", "name": "Can delete person", "content_type": 62}}, {"pk": 174, "model": "auth.permission", "fields": {"codename": "add_entitylite", "name": "Can add entity lite", "content_type": 58}}, {"pk": 175, "model": "auth.permission", "fields": {"codename": "change_entitylite", "name": "Can change entity lite", "content_type": 58}}, {"pk": 176, "model": "auth.permission", "fields": {"codename": "delete_entitylite", "name": "Can delete entity lite", "content_type": 58}}, {"pk": 183, "model": "auth.permission", "fields": {"codename": "add_personlite", "name": "Can add person lite", "content_type": 61}}, {"pk": 184, "model": "auth.permission", "fields": {"codename": "change_personlite", "name": "Can change person lite", "content_type": 61}}, {"pk": 185, "model": "auth.permission", "fields": {"codename": "delete_personlite", "name": "Can delete person lite", "content_type": 61}}, {"pk": 86, "model": "auth.permission", "fields": {"codename": "add_carouselplugin", "name": "Can add carousel plugin", "content_type": 29}}, {"pk": 87, "model": "auth.permission", "fields": {"codename": "change_carouselplugin", "name": "Can change carousel plugin", "content_type": 29}}, {"pk": 88, "model": "auth.permission", "fields": {"codename": "delete_carouselplugin", "name": "Can delete carousel plugin", "content_type": 29}}, {"pk": 83, "model": "auth.permission", "fields": {"codename": "add_genericlinklistpluginitem", "name": "Can add generic link list plugin item", "content_type": 28}}, {"pk": 84, "model": "auth.permission", "fields": {"codename": "change_genericlinklistpluginitem", "name": "Can change generic link list plugin item", "content_type": 28}}, {"pk": 85, "model": "auth.permission", "fields": {"codename": "delete_genericlinklistpluginitem", "name": "Can delete generic link list plugin item", "content_type": 28}}, {"pk": 123, "model": "auth.permission", "fields": {"codename": "add_folderpermission", "name": "Can add folder permission", "content_type": 42}}, {"pk": 124, "model": "auth.permission", "fields": {"codename": "change_folderpermission", "name": "Can change folder permission", "content_type": 42}}, {"pk": 125, "model": "auth.permission", "fields": {"codename": "delete_folderpermission", "name": "Can delete folder permission", "content_type": 42}}, {"pk": 126, "model": "auth.permission", "fields": {"codename": "add_file", "name": "Can add file", "content_type": 43}}, {"pk": 127, "model": "auth.permission", "fields": {"codename": "change_file", "name": "Can change file", "content_type": 43}}, {"pk": 128, "model": "auth.permission", "fields": {"codename": "delete_file", "name": "Can delete file", "content_type": 43}}, {"pk": 38, "model": "auth.permission", "fields": {"codename": "add_snippet", "name": "Can add Snippet", "content_type": 13}}, {"pk": 39, "model": "auth.permission", "fields": {"codename": "change_snippet", "name": "Can change Snippet", "content_type": 13}}, {"pk": 40, "model": "auth.permission", "fields": {"codename": "delete_snippet", "name": "Can delete Snippet", "content_type": 13}}, {"pk": 41, "model": "auth.permission", "fields": {"codename": "add_snippetptr", "name": "Can add Snippet", "content_type": 14}}, {"pk": 42, "model": "auth.permission", "fields": {"codename": "change_snippetptr", "name": "Can change Snippet", "content_type": 14}}, {"pk": 43, "model": "auth.permission", "fields": {"codename": "delete_snippetptr", "name": "Can delete Snippet", "content_type": 14}}, {"pk": 35, "model": "auth.permission", "fields": {"codename": "add_text", "name": "Can add text", "content_type": 12}}, {"pk": 36, "model": "auth.permission", "fields": {"codename": "change_text", "name": "Can change text", "content_type": 12}}, {"pk": 37, "model": "auth.permission", "fields": {"codename": "delete_text", "name": "Can delete text", "content_type": 12}}, {"pk": 192, "model": "auth.permission", "fields": {"codename": "add_membership", "name": "Can add membership", "content_type": 64}}, {"pk": 193, "model": "auth.permission", "fields": {"codename": "change_membership", "name": "Can change membership", "content_type": 64}}, {"pk": 194, "model": "auth.permission", "fields": {"codename": "delete_membership", "name": "Can delete membership", "content_type": 64}}, {"pk": 195, "model": "auth.permission", "fields": {"codename": "add_entityautopagelinkplugineditor", "name": "Can add entity auto page link plugin editor", "content_type": 65}}, {"pk": 196, "model": "auth.permission", "fields": {"codename": "change_entityautopagelinkplugineditor", "name": "Can change entity auto page link plugin editor", "content_type": 65}}, {"pk": 197, "model": "auth.permission", "fields": {"codename": "delete_entityautopagelinkplugineditor", "name": "Can delete entity auto page link plugin editor", "content_type": 65}}, {"pk": 189, "model": "auth.permission", "fields": {"codename": "add_teacher", "name": "Can add teacher", "content_type": 63}}, {"pk": 190, "model": "auth.permission", "fields": {"codename": "change_teacher", "name": "Can change teacher", "content_type": 63}}, {"pk": 191, "model": "auth.permission", "fields": {"codename": "delete_teacher", "name": "Can delete teacher", "content_type": 63}}, {"pk": 1, "model": "filer.image", "fields": {"subject_location": "178,292", "must_always_publish_copyright": false, "date_taken": "2011-06-30 21:24:02", "author": "", "_height": 500, "_width": 382, "must_always_publish_author_credit": false, "default_alt_text": "", "default_caption": ""}}, {"pk": 2, "model": "filer.image", "fields": {"subject_location": "257,117", "must_always_publish_copyright": false, "date_taken": "2011-07-06 17:42:41", "author": "", "_height": 385, "_width": 685, "must_always_publish_author_credit": false, "default_alt_text": "", "default_caption": ""}}, {"pk": 3, "model": "filer.image", "fields": {"subject_location": "249,172", "must_always_publish_copyright": false, "date_taken": "2011-07-06 17:42:44", "author": "", "_height": 709, "_width": 476, "must_always_publish_author_credit": false, "default_alt_text": "", "default_caption": ""}}, {"pk": 4, "model": "filer.image", "fields": {"subject_location": "233,86", "must_always_publish_copyright": false, "date_taken": "2011-07-06 17:42:45", "author": "", "_height": 257, "_width": 480, "must_always_publish_author_credit": false, "default_alt_text": "", "default_caption": ""}}, {"pk": 5, "model": "filer.image", "fields": {"subject_location": "189,101", "must_always_publish_copyright": false, "date_taken": "2011-07-06 17:42:46", "author": "", "_height": 585, "_width": 410, "must_always_publish_author_credit": false, "default_alt_text": "", "default_caption": ""}}, {"pk": 6, "model": "filer.image", "fields": {"subject_location": "215,161", "must_always_publish_copyright": false, "date_taken": "2011-07-06 19:43:13", "author": "", "_height": 300, "_width": 440, "must_always_publish_author_credit": false, "default_alt_text": "", "default_caption": ""}}, {"pk": 7, "model": "filer.image", "fields": {"subject_location": "", "must_always_publish_copyright": false, "date_taken": "2011-07-06 21:42:13", "author": "", "_height": 282, "_width": 425, "must_always_publish_author_credit": false, "default_alt_text": "", "default_caption": ""}}, {"pk": 8, "model": "filer.image", "fields": {"subject_location": "161,98", "must_always_publish_copyright": false, "date_taken": "2011-07-14 23:08:41", "author": "", "_height": 424, "_width": 324, "must_always_publish_author_credit": false, "default_alt_text": "", "default_caption": ""}}, {"pk": 9, "model": "filer.image", "fields": {"subject_location": "457,409", "must_always_publish_copyright": false, "date_taken": "2011-07-28 13:46:36", "author": "", "_height": 858, "_width": 1000, "must_always_publish_author_credit": false, "default_alt_text": "", "default_caption": ""}}, {"pk": 10, "model": "filer.image", "fields": {"subject_location": "", "must_always_publish_copyright": false, "date_taken": "2011-07-28 23:39:31", "author": "", "_height": 43, "_width": 95, "must_always_publish_author_credit": false, "default_alt_text": "", "default_caption": ""}}, {"pk": 11, "model": "filer.image", "fields": {"subject_location": "", "must_always_publish_copyright": false, "date_taken": "2011-07-28 23:39:32", "author": "", "_height": 95, "_width": 43, "must_always_publish_author_credit": false, "default_alt_text": "", "default_caption": ""}}, {"pk": 12, "model": "filer.image", "fields": {"subject_location": "", "must_always_publish_copyright": false, "date_taken": "2011-07-28 23:39:33", "author": "", "_height": 95, "_width": 43, "must_always_publish_author_credit": false, "default_alt_text": "", "default_caption": ""}}, {"pk": 13, "model": "filer.image", "fields": {"subject_location": "", "must_always_publish_copyright": false, "date_taken": "2011-07-28 23:39:33", "author": "", "_height": 43, "_width": 95, "must_always_publish_author_credit": false, "default_alt_text": "", "default_caption": ""}}, {"pk": 14, "model": "filer.image", "fields": {"subject_location": "", "must_always_publish_copyright": false, "date_taken": "2011-07-29 00:10:00", "author": "", "_height": 450, "_width": 800, "must_always_publish_author_credit": false, "default_alt_text": "", "default_caption": ""}}, {"pk": 1, "model": "filer.file", "fields": {"sha1": "28e5b40dbd9e3d01d4cef5bcd4850a721af27611", "original_filename": "0020n040.jpg", "name": "Cutaway body", "description": "Latest research at the Institute has revealed the body's secrets", "modified_at": "2011-06-30 21:28:00", "_file_size": 47641, "uploaded_at": "2011-06-30 21:24:02", "file": "2011/06/30/0020n040.jpg", "owner": 1, "is_public": true, "folder": 1, "has_all_mandatory_data": true, "polymorphic_ctype": 37}}, {"pk": 2, "model": "filer.file", "fields": {"sha1": "a47d7ef24edeb3a4e510294824fff4125c206e07", "original_filename": "07.jpg", "name": "Ernie Brooks", "description": "", "modified_at": "2011-07-06 17:43:04", "_file_size": 188780, "uploaded_at": "2011-07-06 17:42:41", "file": "2011/07/06/07.jpg", "owner": 1, "is_public": true, "folder": 2, "has_all_mandatory_data": true, "polymorphic_ctype": 37}}, {"pk": 3, "model": "filer.file", "fields": {"sha1": "6d776c4712df08efa6aff9a3dd138ff1091afeb8", "original_filename": "335.jpg", "name": "Sterling Morrison", "description": "", "modified_at": "2011-07-06 17:43:19", "_file_size": 165741, "uploaded_at": "2011-07-06 17:42:44", "file": "2011/07/06/335.jpg", "owner": 1, "is_public": true, "folder": 2, "has_all_mandatory_data": true, "polymorphic_ctype": 37}}, {"pk": 4, "model": "filer.file", "fields": {"sha1": "01f77e67705a14f27d365ce70799d1332415ce6f", "original_filename": "JohnCale.jpg", "name": "John Cale", "description": "", "modified_at": "2011-07-06 17:43:29", "_file_size": 82031, "uploaded_at": "2011-07-06 17:42:45", "file": "2011/07/06/johncale.jpg", "owner": 1, "is_public": true, "folder": 2, "has_all_mandatory_data": true, "polymorphic_ctype": 37}}, {"pk": 5, "model": "filer.file", "fields": {"sha1": "f8b848f89ec5bcc6801002950d079e50d40ba59e", "original_filename": "jonathan-richman-101.jpg", "name": "Jonathan Richman", "description": "", "modified_at": "2011-07-06 17:43:44", "_file_size": 37264, "uploaded_at": "2011-07-06 17:42:46", "file": "2011/07/06/jonathan-richman-101.jpg", "owner": 1, "is_public": true, "folder": 2, "has_all_mandatory_data": true, "polymorphic_ctype": 37}}, {"pk": 6, "model": "filer.file", "fields": {"sha1": "c6d77989d15419c20723ca1a94c13175fd28c9ce", "original_filename": "84_evil-eye.gif", "name": "Evil eye", "description": "", "modified_at": "2011-07-06 19:43:32", "_file_size": 24297, "uploaded_at": "2011-07-06 19:43:13", "file": "2011/07/06/84_evil-eye.gif", "owner": 1, "is_public": true, "folder": 1, "has_all_mandatory_data": true, "polymorphic_ctype": 37}}, {"pk": 7, "model": "filer.file", "fields": {"sha1": "70675d59be8930fbf0e9d26c884f21980686518a", "original_filename": "tooth.jpg", "name": "Tooth pulling", "description": "", "modified_at": "2011-07-06 21:42:30", "_file_size": 199037, "uploaded_at": "2011-07-06 21:42:13", "file": "2011/07/06/tooth.jpg", "owner": 1, "is_public": true, "folder": 1, "has_all_mandatory_data": true, "polymorphic_ctype": 37}}, {"pk": 8, "model": "filer.file", "fields": {"sha1": "5902ae1c382964b4485a698f921fd9be35cb590a", "original_filename": "Haddock.JPG", "name": "Captain Haddock", "description": "", "modified_at": "2011-07-14 23:08:53", "_file_size": 16411, "uploaded_at": "2011-07-14 23:08:41", "file": "2011/07/14/haddock.jpg", "owner": 1, "is_public": true, "folder": 3, "has_all_mandatory_data": true, "polymorphic_ctype": 37}}, {"pk": 9, "model": "filer.file", "fields": {"sha1": "e6fdf2332db6cc8c6496b3c35ec7f25aa3077217", "original_filename": "110.jpg", "name": "Shane MacGowan", "description": "", "modified_at": "2011-07-28 15:38:24", "_file_size": 352020, "uploaded_at": "2011-07-28 13:46:36", "file": "2011/07/28/15644525.jpg", "owner": 1, "is_public": true, "folder": 1, "has_all_mandatory_data": true, "polymorphic_ctype": 37}}, {"pk": 10, "model": "filer.file", "fields": {"sha1": "a852f38f985ee098f9aba2dae274e623e90317dd", "original_filename": "arrow-down.png", "name": "Arrow down", "description": "", "modified_at": "2011-07-28 23:54:57", "_file_size": 1038, "uploaded_at": "2011-07-28 23:39:31", "file": "2011/07/28/arrow-down_1.png", "owner": 1, "is_public": true, "folder": 1, "has_all_mandatory_data": true, "polymorphic_ctype": 37}}, {"pk": 11, "model": "filer.file", "fields": {"sha1": "d4b530a3cfb9f223d934ad79f54f77834cd85863", "original_filename": "arrow-left.png", "name": "Arrow left", "description": "", "modified_at": "2011-07-28 23:55:37", "_file_size": 1259, "uploaded_at": "2011-07-28 23:39:32", "file": "2011/07/28/arrow-left_1.png", "owner": 1, "is_public": true, "folder": 1, "has_all_mandatory_data": true, "polymorphic_ctype": 37}}, {"pk": 12, "model": "filer.file", "fields": {"sha1": "817fc1fe1ff40ce4119912c30a31462f979e9ec6", "original_filename": "arrow-right.png", "name": "Arrow right", "description": "", "modified_at": "2011-07-28 23:55:48", "_file_size": 1195, "uploaded_at": "2011-07-28 23:39:33", "file": "2011/07/28/arrow-right_1.png", "owner": 1, "is_public": true, "folder": 1, "has_all_mandatory_data": true, "polymorphic_ctype": 37}}, {"pk": 13, "model": "filer.file", "fields": {"sha1": "875f211695c0a988a27de9589420f90c17de6d86", "original_filename": "arrow-up.png", "name": "Arrow up", "description": "", "modified_at": "2011-07-28 23:55:58", "_file_size": 1019, "uploaded_at": "2011-07-28 23:39:33", "file": "2011/07/28/arrow-up_1.png", "owner": 1, "is_public": true, "folder": 1, "has_all_mandatory_data": true, "polymorphic_ctype": 37}}, {"pk": 14, "model": "filer.file", "fields": {"sha1": "e6b801b13e94fd559524d0b42f5f78f460c45ac2", "original_filename": "normal_Carl_Perkins.jpg", "name": "Carl Perkins", "description": "", "modified_at": "2011-07-29 00:10:11", "_file_size": 59630, "uploaded_at": "2011-07-29 00:10:00", "file": "2011/07/29/normal_carl_perkins.jpg", "owner": 1, "is_public": true, "folder": 3, "has_all_mandatory_data": true, "polymorphic_ctype": 37}}, {"pk": 1, "model": "links.genericlinklistpluginitem", "fields": {"metadata_override": "", "text_override": "", "html_title_attribute": "", "destination_object_id": 2, "description_override": "", "include_description": false, "destination_content_type": 52, "key_link": false, "heading_override": "", "plugin": 15}}, {"pk": 2, "model": "links.genericlinklistpluginitem", "fields": {"metadata_override": "", "text_override": "", "html_title_attribute": "", "destination_object_id": 14, "description_override": "", "include_description": false, "destination_content_type": 52, "key_link": false, "heading_override": "", "plugin": 15}}, {"pk": 3, "model": "links.genericlinklistpluginitem", "fields": {"metadata_override": "", "text_override": "", "html_title_attribute": "", "destination_object_id": 5, "description_override": "", "include_description": false, "destination_content_type": 52, "key_link": false, "heading_override": "", "plugin": 15}}, {"pk": 5, "model": "links.genericlinklistpluginitem", "fields": {"metadata_override": "", "text_override": "home page", "html_title_attribute": "", "destination_object_id": 1, "description_override": "", "include_description": false, "destination_content_type": 3, "key_link": false, "heading_override": "", "plugin": 57}}, {"pk": 6, "model": "links.genericlinklistpluginitem", "fields": {"metadata_override": "", "text_override": "", "html_title_attribute": "", "destination_object_id": 3, "description_override": "", "include_description": false, "destination_content_type": 16, "key_link": false, "heading_override": "", "plugin": 65}}, {"pk": 1, "model": "links.objectlink", "fields": {"metadata_override": "", "text_override": "", "html_title_attribute": "", "destination_object_id": 10, "object_id": 3, "description_override": "", "include_description": false, "destination_content_type": 52, "content_type": 58, "heading_override": ""}}, {"pk": 1, "model": "auth.user", "fields": {"username": "arkestra", "first_name": "", "last_name": "", "is_active": true, "is_superuser": true, "is_staff": true, "last_login": "2011-10-04 11:45:19", "groups": [], "user_permissions": [], "password": "sha1$49fb7$89abc6b9becfb50befcf23d34dae67d8186b0afe", "email": "daniele@vurt.org", "date_joined": "2011-10-04 11:45:19"}}]