[{"pk": 1, "model": "cms.placeholder", "fields": {"slot": "body", "default_width": null}}, {"pk": 2, "model": "cms.placeholder", "fields": {"slot": "body", "default_width": null}}, {"pk": 3, "model": "cms.placeholder", "fields": {"slot": "body", "default_width": null}}, {"pk": 4, "model": "cms.placeholder", "fields": {"slot": "body", "default_width": null}}, {"pk": 5, "model": "cms.placeholder", "fields": {"slot": "simple", "default_width": null}}, {"pk": 6, "model": "cms.placeholder", "fields": {"slot": "simple", "default_width": null}}, {"pk": 7, "model": "cms.placeholder", "fields": {"slot": "body", "default_width": null}}, {"pk": 8, "model": "cms.placeholder", "fields": {"slot": "simple", "default_width": null}}, {"pk": 9, "model": "cms.placeholder", "fields": {"slot": "simple", "default_width": null}}, {"pk": 10, "model": "cms.placeholder", "fields": {"slot": "body", "default_width": null}}, {"pk": 11, "model": "cms.placeholder", "fields": {"slot": "simple", "default_width": null}}, {"pk": 12, "model": "cms.placeholder", "fields": {"slot": "simple", "default_width": null}}, {"pk": 13, "model": "cms.placeholder", "fields": {"slot": "body", "default_width": null}}, {"pk": 14, "model": "cms.placeholder", "fields": {"slot": "simple", "default_width": null}}, {"pk": 15, "model": "cms.placeholder", "fields": {"slot": "simple", "default_width": null}}, {"pk": 16, "model": "cms.placeholder", "fields": {"slot": "body", "default_width": null}}, {"pk": 17, "model": "cms.placeholder", "fields": {"slot": "simple", "default_width": null}}, {"pk": 18, "model": "cms.placeholder", "fields": {"slot": "simple", "default_width": null}}, {"pk": 19, "model": "cms.placeholder", "fields": {"slot": "body", "default_width": null}}, {"pk": 20, "model": "cms.placeholder", "fields": {"slot": "body", "default_width": null}}, {"pk": 21, "model": "cms.placeholder", "fields": {"slot": "body", "default_width": null}}, {"pk": 22, "model": "cms.placeholder", "fields": {"slot": "body", "default_width": null}}, {"pk": 23, "model": "cms.placeholder", "fields": {"slot": "body", "default_width": null}}, {"pk": 24, "model": "cms.placeholder", "fields": {"slot": "body", "default_width": null}}, {"pk": 25, "model": "cms.placeholder", "fields": {"slot": "body", "default_width": null}}, {"pk": 26, "model": "cms.placeholder", "fields": {"slot": "body", "default_width": null}}, {"pk": 27, "model": "cms.placeholder", "fields": {"slot": "body", "default_width": null}}, {"pk": 28, "model": "cms.placeholder", "fields": {"slot": "body", "default_width": null}}, {"pk": 29, "model": "cms.placeholder", "fields": {"slot": "body", "default_width": null}}, {"pk": 30, "model": "cms.placeholder", "fields": {"slot": "body", "default_width": null}}, {"pk": 31, "model": "cms.placeholder", "fields": {"slot": "body", "default_width": null}}, {"pk": 32, "model": "cms.placeholder", "fields": {"slot": "body", "default_width": null}}, {"pk": 33, "model": "cms.placeholder", "fields": {"slot": "body", "default_width": null}}, {"pk": 34, "model": "cms.placeholder", "fields": {"slot": "body", "default_width": null}}, {"pk": 35, "model": "cms.placeholder", "fields": {"slot": "body", "default_width": null}}, {"pk": 36, "model": "cms.placeholder", "fields": {"slot": "body", "default_width": null}}, {"pk": 37, "model": "cms.placeholder", "fields": {"slot": "body", "default_width": null}}, {"pk": 38, "model": "cms.placeholder", "fields": {"slot": "body", "default_width": null}}, {"pk": 39, "model": "cms.placeholder", "fields": {"slot": "body", "default_width": null}}, {"pk": 40, "model": "cms.placeholder", "fields": {"slot": "simple", "default_width": null}}, {"pk": 41, "model": "cms.placeholder", "fields": {"slot": "simple", "default_width": null}}, {"pk": 42, "model": "cms.placeholder", "fields": {"slot": "body", "default_width": null}}, {"pk": 43, "model": "cms.placeholder", "fields": {"slot": "simple", "default_width": null}}, {"pk": 44, "model": "cms.placeholder", "fields": {"slot": "simple", "default_width": null}}, {"pk": 45, "model": "cms.placeholder", "fields": {"slot": "body", "default_width": null}}, {"pk": 46, "model": "cms.placeholder", "fields": {"slot": "body", "default_width": null}}, {"pk": 47, "model": "cms.placeholder", "fields": {"slot": "body", "default_width": null}}, {"pk": 48, "model": "cms.placeholder", "fields": {"slot": "description", "default_width": null}}, {"pk": 49, "model": "cms.placeholder", "fields": {"slot": "description", "default_width": null}}, {"pk": 50, "model": "cms.placeholder", "fields": {"slot": "description", "default_width": null}}, {"pk": 51, "model": "cms.placeholder", "fields": {"slot": "description", "default_width": null}}, {"pk": 52, "model": "cms.placeholder", "fields": {"slot": "description", "default_width": null}}, {"pk": 53, "model": "cms.placeholder", "fields": {"slot": "description", "default_width": null}}, {"pk": 54, "model": "cms.placeholder", "fields": {"slot": "description", "default_width": null}}, {"pk": 55, "model": "cms.placeholder", "fields": {"slot": "description", "default_width": null}}, {"pk": 56, "model": "cms.placeholder", "fields": {"slot": "description", "default_width": null}}, {"pk": 57, "model": "cms.placeholder", "fields": {"slot": "description", "default_width": null}}, {"pk": 58, "model": "cms.placeholder", "fields": {"slot": "description", "default_width": null}}, {"pk": 59, "model": "cms.placeholder", "fields": {"slot": "description", "default_width": null}}, {"pk": 60, "model": "cms.placeholder", "fields": {"slot": "description", "default_width": null}}, {"pk": 61, "model": "cms.placeholder", "fields": {"slot": "body", "default_width": null}}, {"pk": 62, "model": "cms.placeholder", "fields": {"slot": "body", "default_width": null}}, {"pk": 63, "model": "cms.placeholder", "fields": {"slot": "body", "default_width": null}}, {"pk": 64, "model": "cms.placeholder", "fields": {"slot": "body", "default_width": null}}, {"pk": 65, "model": "cms.placeholder", "fields": {"slot": "body", "default_width": null}}, {"pk": 66, "model": "cms.placeholder", "fields": {"slot": "body", "default_width": null}}, {"pk": 67, "model": "cms.placeholder", "fields": {"slot": "body", "default_width": null}}, {"pk": 68, "model": "cms.placeholder", "fields": {"slot": "description", "default_width": null}}, {"pk": 69, "model": "cms.placeholder", "fields": {"slot": "description", "default_width": null}}, {"pk": 70, "model": "cms.placeholder", "fields": {"slot": "body", "default_width": null}}, {"pk": 71, "model": "cms.placeholder", "fields": {"slot": "body", "default_width": null}}, {"pk": 72, "model": "cms.placeholder", "fields": {"slot": "description", "default_width": null}}, {"pk": 73, "model": "cms.placeholder", "fields": {"slot": "description", "default_width": null}}, {"pk": 74, "model": "cms.placeholder", "fields": {"slot": "inserter", "default_width": null}}, {"pk": 1, "model": "cms.cmsplugin", "fields": {"rght": 14, "parent": null, "language": "en", "level": 0, "creation_date": "2011-06-21 16:05:50", "lft": 1, "tree_id": 1, "position": 0, "placeholder": 1, "plugin_type": "SemanticTextPlugin"}}, {"pk": 10, "model": "cms.cmsplugin", "fields": {"rght": 5, "parent": 1, "language": "en", "level": 1, "creation_date": "2011-06-30 17:03:08", "lft": 4, "tree_id": 1, "position": 0, "placeholder": 1, "plugin_type": "CMSNewsAndEventsPlugin"}}, {"pk": 12, "model": "cms.cmsplugin", "fields": {"rght": 7, "parent": 1, "language": "en", "level": 1, "creation_date": "2011-06-30 17:12:54", "lft": 6, "tree_id": 1, "position": 1, "placeholder": 1, "plugin_type": "CMSNewsAndEventsPlugin"}}, {"pk": 13, "model": "cms.cmsplugin", "fields": {"rght": 2, "parent": null, "language": "en", "level": 0, "creation_date": "2011-06-30 17:55:44", "lft": 1, "tree_id": 3, "position": null, "placeholder": 33, "plugin_type": "SemanticTextPlugin"}}, {"pk": 14, "model": "cms.cmsplugin", "fields": {"rght": 10, "parent": null, "language": "en", "level": 0, "creation_date": "2011-06-30 19:21:17", "lft": 1, "tree_id": 4, "position": null, "placeholder": 67, "plugin_type": "SemanticTextPlugin"}}, {"pk": 15, "model": "cms.cmsplugin", "fields": {"rght": 3, "parent": 14, "language": "en", "level": 1, "creation_date": "2011-06-30 19:24:53", "lft": 2, "tree_id": 4, "position": 1, "placeholder": 67, "plugin_type": "LinksPlugin"}}, {"pk": 16, "model": "cms.cmsplugin", "fields": {"rght": 2, "parent": null, "language": "en", "level": 0, "creation_date": "2011-07-01 01:04:30", "lft": 1, "tree_id": 5, "position": null, "placeholder": 69, "plugin_type": "SemanticTextPlugin"}}, {"pk": 20, "model": "cms.cmsplugin", "fields": {"rght": 7, "parent": 14, "language": "en", "level": 1, "creation_date": "2011-07-02 01:09:18", "lft": 6, "tree_id": 4, "position": 2, "placeholder": 67, "plugin_type": "CMSNewsAndEventsPlugin"}}, {"pk": 21, "model": "cms.cmsplugin", "fields": {"rght": 2, "parent": null, "language": "en", "level": 0, "creation_date": "2011-07-02 11:12:23", "lft": 1, "tree_id": 6, "position": null, "placeholder": 74, "plugin_type": "SemanticTextPlugin"}}, {"pk": 22, "model": "cms.cmsplugin", "fields": {"rght": 2, "parent": null, "language": "en", "level": 0, "creation_date": "2011-07-02 11:30:00", "lft": 1, "tree_id": 7, "position": null, "placeholder": 71, "plugin_type": "SemanticTextPlugin"}}, {"pk": 23, "model": "cms.cmsplugin", "fields": {"rght": 2, "parent": null, "language": "en", "level": 0, "creation_date": "2011-07-02 12:12:20", "lft": 1, "tree_id": 8, "position": null, "placeholder": 74, "plugin_type": "TextPlugin"}}, {"pk": 1, "model": "cms.page", "fields": {"rght": 14, "navigation_extenders": "", "site": 1, "page_flags": "[]", "lft": 1, "in_navigation": true, "reverse_id": null, "login_required": false, "created_by": "sagdp6", "publication_end_date": null, "moderator_state": 0, "template": "institute.html", "tree_id": 1, "placeholders": [1], "changed_date": "2011-06-30 20:11:00", "limit_visibility_in_menu": null, "parent": null, "publisher_state": 1, "soft_root": false, "publication_date": "2011-06-21 16:05:44", "creation_date": "2011-06-21 16:04:48", "publisher_public": null, "level": 0, "changed_by": "sagdp6", "publisher_is_draft": true, "published": true}}, {"pk": 6, "model": "cms.page", "fields": {"rght": 3, "navigation_extenders": "", "site": 1, "page_flags": "[]", "lft": 2, "in_navigation": true, "reverse_id": null, "login_required": false, "created_by": "sagdp6", "publication_end_date": null, "moderator_state": 0, "template": "arkestra.html", "tree_id": 1, "placeholders": [32], "changed_date": "2011-06-30 18:41:41", "limit_visibility_in_menu": null, "parent": 1, "publisher_state": 1, "soft_root": false, "publication_date": "2011-06-22 08:03:56", "creation_date": "2011-06-22 08:03:52", "publisher_public": null, "level": 1, "changed_by": "sagdp6", "publisher_is_draft": true, "published": true}}, {"pk": 7, "model": "cms.page", "fields": {"rght": 11, "navigation_extenders": "", "site": 1, "page_flags": "[]", "lft": 4, "in_navigation": true, "reverse_id": null, "login_required": false, "created_by": "sagdp6", "publication_end_date": null, "moderator_state": 0, "template": "arkestra.html", "tree_id": 1, "placeholders": [61], "changed_date": "2011-06-30 18:44:37", "limit_visibility_in_menu": null, "parent": 1, "publisher_state": 1, "soft_root": false, "publication_date": "2011-06-30 00:56:23", "creation_date": "2011-06-30 00:56:18", "publisher_public": null, "level": 1, "changed_by": "sagdp6", "publisher_is_draft": true, "published": true}}, {"pk": 2, "model": "cms.page", "fields": {"rght": 6, "navigation_extenders": "", "site": 1, "page_flags": "[]", "lft": 5, "in_navigation": true, "reverse_id": null, "login_required": false, "created_by": "sagdp6", "publication_end_date": null, "moderator_state": 0, "template": "arkestra.html", "tree_id": 1, "placeholders": [19], "changed_date": "2011-06-30 18:27:25", "limit_visibility_in_menu": null, "parent": 7, "publisher_state": 1, "soft_root": false, "publication_date": "2011-06-21 16:35:51", "creation_date": "2011-06-21 16:33:32", "publisher_public": null, "level": 2, "changed_by": "sagdp6", "publisher_is_draft": true, "published": true}}, {"pk": 3, "model": "cms.page", "fields": {"rght": 8, "navigation_extenders": "", "site": 1, "page_flags": "[]", "lft": 7, "in_navigation": true, "reverse_id": null, "login_required": false, "created_by": "sagdp6", "publication_end_date": null, "moderator_state": 0, "template": "arkestra.html", "tree_id": 1, "placeholders": [29], "changed_date": "2011-06-30 18:27:47", "limit_visibility_in_menu": null, "parent": 7, "publisher_state": 1, "soft_root": false, "publication_date": "2011-06-22 08:03:34", "creation_date": "2011-06-22 08:02:56", "publisher_public": null, "level": 2, "changed_by": "sagdp6", "publisher_is_draft": true, "published": true}}, {"pk": 4, "model": "cms.page", "fields": {"rght": 10, "navigation_extenders": "", "site": 1, "page_flags": "[]", "lft": 9, "in_navigation": true, "reverse_id": null, "login_required": false, "created_by": "sagdp6", "publication_end_date": null, "moderator_state": 0, "template": "arkestra.html", "tree_id": 1, "placeholders": [30], "changed_date": "2011-06-30 18:28:17", "limit_visibility_in_menu": null, "parent": 7, "publisher_state": 1, "soft_root": false, "publication_date": "2011-06-22 08:03:34", "creation_date": "2011-06-22 08:03:12", "publisher_public": null, "level": 2, "changed_by": "sagdp6", "publisher_is_draft": true, "published": true}}, {"pk": 5, "model": "cms.page", "fields": {"rght": 13, "navigation_extenders": "", "site": 1, "page_flags": "[]", "lft": 12, "in_navigation": true, "reverse_id": null, "login_required": false, "created_by": "sagdp6", "publication_end_date": null, "moderator_state": 0, "template": "arkestra.html", "tree_id": 1, "placeholders": [31], "changed_date": "2011-06-30 18:41:10", "limit_visibility_in_menu": null, "parent": 1, "publisher_state": 1, "soft_root": false, "publication_date": "2011-06-22 08:03:36", "creation_date": "2011-06-22 08:03:22", "publisher_public": null, "level": 1, "changed_by": "sagdp6", "publisher_is_draft": true, "published": true}}, {"pk": 1, "model": "cms.title", "fields": {"menu_title": "Home", "redirect": "", "meta_keywords": "", "page_title": "", "language": "en", "title": "Institute of Mediaeval Medicine", "has_url_overwrite": false, "application_urls": "", "creation_date": "2011-06-21 16:04:48", "page": 1, "path": "institute", "meta_description": "The Institute for the Promotion of Mediaeval Medicine works to reverse the advancements of post-15th Century science, and to restore the theories and practices of mediaeval medicine to the status they enjoyed in the Dark Ages", "slug": "institute"}}, {"pk": 2, "model": "cms.title", "fields": {"menu_title": "", "redirect": "", "meta_keywords": "", "page_title": "", "language": "en", "title": "Centre for Research into Mediaeval Dentistry", "has_url_overwrite": false, "application_urls": "", "creation_date": "2011-06-21 16:33:32", "page": 2, "path": "institute/research-centres/mediaeval-dentistry", "meta_description": "", "slug": "mediaeval-dentistry"}}, {"pk": 3, "model": "cms.title", "fields": {"menu_title": "", "redirect": "", "meta_keywords": "", "page_title": "", "language": "en", "title": "Centre for Research into Mediaeval Surgery", "has_url_overwrite": false, "application_urls": "", "creation_date": "2011-06-22 08:02:56", "page": 3, "path": "institute/research-centres/mediaeval-surgery", "meta_description": "", "slug": "mediaeval-surgery"}}, {"pk": 4, "model": "cms.title", "fields": {"menu_title": "", "redirect": "", "meta_keywords": "", "page_title": "", "language": "en", "title": "Bad Air Research Centre", "has_url_overwrite": false, "application_urls": "", "creation_date": "2011-06-22 08:03:12", "page": 4, "path": "institute/research-centres/bad-air", "meta_description": "", "slug": "bad-air"}}, {"pk": 5, "model": "cms.title", "fields": {"menu_title": "Public Education Unit", "redirect": "", "meta_keywords": "", "page_title": "", "language": "en", "title": "Public Information Education & InformationUnit", "has_url_overwrite": false, "application_urls": "", "creation_date": "2011-06-22 08:03:22", "page": 5, "path": "institute/public-education", "meta_description": "", "slug": "public-education"}}, {"pk": 6, "model": "cms.title", "fields": {"menu_title": "About us", "redirect": "", "meta_keywords": "", "page_title": "", "language": "en", "title": "About the Institute", "has_url_overwrite": false, "application_urls": "", "creation_date": "2011-06-22 08:03:52", "page": 6, "path": "institute/about-us", "meta_description": "", "slug": "about-us"}}, {"pk": 7, "model": "cms.title", "fields": {"menu_title": "", "redirect": "", "meta_keywords": "", "page_title": "", "language": "en", "title": "Research Centres", "has_url_overwrite": false, "application_urls": "", "creation_date": "2011-06-30 00:56:18", "page": 7, "path": "institute/research-centres", "meta_description": "", "slug": "research-centres"}}, {"pk": 135, "model": "menus.cachekey", "fields": {"key": "cms-menu_nodes_en_1", "site": 1, "language": "en"}}, {"pk": 136, "model": "menus.cachekey", "fields": {"key": "cms-menu_nodes_en_1", "site": 1, "language": "en"}}, {"pk": 137, "model": "menus.cachekey", "fields": {"key": "cms-menu_nodes_en_1", "site": 1, "language": "en"}}, {"pk": 138, "model": "menus.cachekey", "fields": {"key": "cms-menu_nodes_en_1", "site": 1, "language": "en"}}, {"pk": 139, "model": "menus.cachekey", "fields": {"key": "cms-menu_nodes_en_1", "site": 1, "language": "en"}}, {"pk": 140, "model": "menus.cachekey", "fields": {"key": "cms-menu_nodes_en_1", "site": 1, "language": "en"}}, {"pk": 141, "model": "menus.cachekey", "fields": {"key": "cms-menu_nodes_en_1", "site": 1, "language": "en"}}, {"pk": 142, "model": "menus.cachekey", "fields": {"key": "cms-menu_nodes_en_1", "site": 1, "language": "en"}}, {"pk": 143, "model": "menus.cachekey", "fields": {"key": "cms-menu_nodes_en_1", "site": 1, "language": "en"}}, {"pk": 144, "model": "menus.cachekey", "fields": {"key": "cms-menu_nodes_en_1", "site": 1, "language": "en"}}, {"pk": 145, "model": "menus.cachekey", "fields": {"key": "cms-menu_nodes_en_1", "site": 1, "language": "en"}}, {"pk": 146, "model": "menus.cachekey", "fields": {"key": "cms-menu_nodes_en_1", "site": 1, "language": "en"}}, {"pk": 147, "model": "menus.cachekey", "fields": {"key": "cms-menu_nodes_en_1", "site": 1, "language": "en"}}, {"pk": 148, "model": "menus.cachekey", "fields": {"key": "cms-menu_nodes_en_1", "site": 1, "language": "en"}}, {"pk": 149, "model": "menus.cachekey", "fields": {"key": "cms-menu_nodes_en_1", "site": 1, "language": "en"}}, {"pk": 150, "model": "menus.cachekey", "fields": {"key": "cms-menu_nodes_en_1", "site": 1, "language": "en"}}, {"pk": 151, "model": "menus.cachekey", "fields": {"key": "cms-menu_nodes_en_1", "site": 1, "language": "en"}}, {"pk": 152, "model": "menus.cachekey", "fields": {"key": "cms-menu_nodes_en_1", "site": 1, "language": "en"}}, {"pk": 153, "model": "menus.cachekey", "fields": {"key": "cms-menu_nodes_en_1", "site": 1, "language": "en"}}, {"pk": 154, "model": "menus.cachekey", "fields": {"key": "cms-menu_nodes_en_1", "site": 1, "language": "en"}}, {"pk": 155, "model": "menus.cachekey", "fields": {"key": "cms-menu_nodes_en_1", "site": 1, "language": "en"}}, {"pk": 156, "model": "menus.cachekey", "fields": {"key": "cms-menu_nodes_en_1", "site": 1, "language": "en"}}, {"pk": 157, "model": "menus.cachekey", "fields": {"key": "cms-menu_nodes_en_1", "site": 1, "language": "en"}}, {"pk": 158, "model": "menus.cachekey", "fields": {"key": "cms-menu_nodes_en_1", "site": 1, "language": "en"}}, {"pk": 159, "model": "menus.cachekey", "fields": {"key": "cms-menu_nodes_en_1", "site": 1, "language": "en"}}, {"pk": 160, "model": "menus.cachekey", "fields": {"key": "cms-menu_nodes_en_1", "site": 1, "language": "en"}}, {"pk": 161, "model": "menus.cachekey", "fields": {"key": "cms-menu_nodes_en_1", "site": 1, "language": "en"}}, {"pk": 162, "model": "menus.cachekey", "fields": {"key": "cms-menu_nodes_en_1", "site": 1, "language": "en"}}, {"pk": 163, "model": "menus.cachekey", "fields": {"key": "cms-menu_nodes_en_1", "site": 1, "language": "en"}}, {"pk": 164, "model": "menus.cachekey", "fields": {"key": "cms-menu_nodes_en_1", "site": 1, "language": "en"}}, {"pk": 165, "model": "menus.cachekey", "fields": {"key": "cms-menu_nodes_en_1", "site": 1, "language": "en"}}, {"pk": 166, "model": "menus.cachekey", "fields": {"key": "cms-menu_nodes_en_1", "site": 1, "language": "en"}}, {"pk": 167, "model": "menus.cachekey", "fields": {"key": "cms-menu_nodes_en_1", "site": 1, "language": "en"}}, {"pk": 168, "model": "menus.cachekey", "fields": {"key": "cms-menu_nodes_en_1", "site": 1, "language": "en"}}, {"pk": 169, "model": "menus.cachekey", "fields": {"key": "cms-menu_nodes_en_1", "site": 1, "language": "en"}}, {"pk": 170, "model": "menus.cachekey", "fields": {"key": "cms-menu_nodes_en_1", "site": 1, "language": "en"}}, {"pk": 171, "model": "menus.cachekey", "fields": {"key": "cms-menu_nodes_en_1", "site": 1, "language": "en"}}, {"pk": 172, "model": "menus.cachekey", "fields": {"key": "cms-menu_nodes_en_1", "site": 1, "language": "en"}}, {"pk": 173, "model": "menus.cachekey", "fields": {"key": "cms-menu_nodes_en_1", "site": 1, "language": "en"}}, {"pk": 174, "model": "menus.cachekey", "fields": {"key": "cms-menu_nodes_en_1", "site": 1, "language": "en"}}, {"pk": 175, "model": "menus.cachekey", "fields": {"key": "cms-menu_nodes_en_1", "site": 1, "language": "en"}}, {"pk": 176, "model": "menus.cachekey", "fields": {"key": "cms-menu_nodes_en_1", "site": 1, "language": "en"}}, {"pk": 177, "model": "menus.cachekey", "fields": {"key": "cms-menu_nodes_en_1", "site": 1, "language": "en"}}, {"pk": 178, "model": "menus.cachekey", "fields": {"key": "cms-menu_nodes_en_1", "site": 1, "language": "en"}}, {"pk": 179, "model": "menus.cachekey", "fields": {"key": "cms-menu_nodes_en_1", "site": 1, "language": "en"}}, {"pk": 180, "model": "menus.cachekey", "fields": {"key": "cms-menu_nodes_en_1", "site": 1, "language": "en"}}, {"pk": 181, "model": "menus.cachekey", "fields": {"key": "cms-menu_nodes_en_1", "site": 1, "language": "en"}}, {"pk": 182, "model": "menus.cachekey", "fields": {"key": "cms-menu_nodes_en_1", "site": 1, "language": "en"}}, {"pk": 183, "model": "menus.cachekey", "fields": {"key": "cms-menu_nodes_en_1", "site": 1, "language": "en"}}, {"pk": 184, "model": "menus.cachekey", "fields": {"key": "cms-menu_nodes_en_1", "site": 1, "language": "en"}}, {"pk": 185, "model": "menus.cachekey", "fields": {"key": "cms-menu_nodes_en_1", "site": 1, "language": "en"}}, {"pk": 186, "model": "menus.cachekey", "fields": {"key": "cms-menu_nodes_en_1", "site": 1, "language": "en"}}, {"pk": 187, "model": "menus.cachekey", "fields": {"key": "cms-menu_nodes_en_1", "site": 1, "language": "en"}}, {"pk": 188, "model": "menus.cachekey", "fields": {"key": "cms-menu_nodes_en_1", "site": 1, "language": "en"}}, {"pk": 189, "model": "menus.cachekey", "fields": {"key": "cms-menu_nodes_en_1", "site": 1, "language": "en"}}, {"pk": 190, "model": "menus.cachekey", "fields": {"key": "cms-menu_nodes_en_1", "site": 1, "language": "en"}}, {"pk": 191, "model": "menus.cachekey", "fields": {"key": "cms-menu_nodes_en_1", "site": 1, "language": "en"}}, {"pk": 192, "model": "menus.cachekey", "fields": {"key": "cms-menu_nodes_en_1", "site": 1, "language": "en"}}, {"pk": 193, "model": "menus.cachekey", "fields": {"key": "cms-menu_nodes_en_1", "site": 1, "language": "en"}}, {"pk": 194, "model": "menus.cachekey", "fields": {"key": "cms-menu_nodes_en_1", "site": 1, "language": "en"}}, {"pk": 195, "model": "menus.cachekey", "fields": {"key": "cms-menu_nodes_en_1", "site": 1, "language": "en"}}, {"pk": 196, "model": "menus.cachekey", "fields": {"key": "cms-menu_nodes_en_1", "site": 1, "language": "en"}}, {"pk": 197, "model": "menus.cachekey", "fields": {"key": "cms-menu_nodes_en_1", "site": 1, "language": "en"}}, {"pk": 1, "model": "text.text", "fields": {"body": "\r\n  \r\n    <p>The Institute for the Promotion of Mediaeval Medicine works to reverse the advancements of post-15th Century science, and to restore the theories and practices of mediaeval medicine to the status they enjoyed in the Dark Ages.</p>\r\n    <p>The Institute is a major research and teaching centre.</p>\r\n    <div class=\"row columns2\">\r\n      <div class=\"column firstcolumn\">\r\n        <div>\r\n          <h2>News &amp; Events plugins</h2>\r\n          <p>This page features two <em>News &amp; Events</em> plugins.</p>\r\n          <p>One is configured to publish the <em>top</em>\r\n            <em>three</em>\r\n            <em>events</em> in a <em>vertical format</em>, together with their <em>summaries and metadata<strong>.</strong>\r\n            </em>\r\n          </p>\r\n          <p>The other publishes the <em>top</em>\r\n            <em>three</em>\r\n            <em>news articles</em>, in <em>horizontal format</em>.</p>\r\n        </div>\r\n      </div>\r\n      <div class=\"column lastcolumn\">\r\n        <div>\r\n          <div class=\"div\">\r\n            <img src=\"/static/plugin_icons/news_and_events.png\" alt=\"News &amp; events - 10\" title=\"News &amp; events - 10\" id=\"plugin_obj_10\" />\r\n          </div>\r\n        </div>\r\n      </div>\r\n    </div>\r\n    <div class=\"row\">\r\n      <div>\r\n        <div>\r\n          <div class=\"div\">\r\n            <img src=\"/static/plugin_icons/news_and_events.png\" alt=\"News &amp; events - 12\" title=\"News &amp; events - 12\" id=\"plugin_obj_12\" />\r\n          </div>\r\n        </div>\r\n      </div>\r\n    </div>\r\n  \r\n\r\n"}}, {"pk": 13, "model": "text.text", "fields": {"body": "\r\n  \r\n    <h2>Please contact</h2>\r\n    <p>This person has the \"Please contact\" field set up so that a colleague's contact details will be published instead of his own.</p>\r\n    <p>This is useful when a Person is away on leave, or perhaps is simply lucky enough to have a secretary who will take calls for them (as this one is).</p>\r\n    <h2>Roles</h2>\r\n    <p>The Professor, as well as his roles in the Institute, is also a member of other important organisations in the field, as you can see under <em>Roles &amp; memberships</em>.</p>\r\n    <h2>Events</h2>\r\n    <p>Professor Brooks is also a featured speaker at the 2011 Dark Ages Society Conference, as you can see in <em>Events</em>.</p>\r\n  \r\n\r\n"}}, {"pk": 14, "model": "text.text", "fields": {"body": "\r\n  \r\n    <p>Contrary to the claims of modern science, more and more evidence is accumulating to demonstrate that malaria, far from being a virus transmitted in the saliva of the mosquito, is actually caused by bad air.</p>\r\n    <div class=\"row columns2\">\r\n      <div class=\"column firstcolumn\">\r\n        <div>\r\n          <p>Researchers at the Bad Air Research Centre, led by <img src=\"/static/plugin_icons/links.png\" alt=\"Link(s) - 15\" title=\"Link(s) - 15\" id=\"plugin_obj_15\" />, have recently completed widely-acclaimed research across the undrained swamps of coastal southern Italy.</p>\r\n        </div>\r\n      </div>\r\n      <div class=\"column lastcolumn\">\r\n        <div>\r\n          <p>The links in the paragraph on the left have been added using the Links plugin. Arkestra is intelligent enough to know how to punctuate an inline list of items correctly: by separating items with commas, no comma after the second last item, and inserting <em>and</em> between the last two items (<em>and</em> is the default, but can be overridden if required - for example, sometimes <em>or</em> might be appropriate).</p>\r\n          <div class=\"div\">\r\n            <img src=\"/static/plugin_icons/news_and_events.png\" alt=\"News &amp; events - 20\" title=\"News &amp; events - 20\" id=\"plugin_obj_20\" />\r\n          </div>\r\n        </div>\r\n      </div>\r\n    </div>\r\n  \r\n\r\n"}}, {"pk": 16, "model": "text.text", "fields": {"body": "\r\n  \r\n    <p>Vacancies and Studentships are very similar.</p>\r\n    <p>Each belongs to a particular Entity - the organisation or part of the organisation that will be responsible for it - but can also be sent to be published at the pages of other entities if required.</p>\r\n    <p>This one belongs to (is <em>hosted by</em>) the Centre for Research into Mediaeval Dentistry, but will also appear elsewhere - in <em>Publish to</em>, the Institute of Mediaeval Medicine has also been chosen.</p>\r\n    <p>Like News and Events items, Vacancies and Studentships have date (a <em>Closing date</em> for applications) and other metadata.</p>\r\n    <p>Again, just like most Arkestra objects, they can be external - if a vacancy appears on some other website, it's very easy to add them to Arkestra if they are of interest.</p>\r\n  \r\n\r\n"}}, {"pk": 21, "model": "text.text", "fields": {"body": "\r\n  \r\n    <p>Yabba dabba do</p>\r\n  \r\n\r\n"}}, {"pk": 22, "model": "text.text", "fields": {"body": "\r\n  \r\n    <p>The showered him with petals and gifts</p>\r\n  \r\n\r\n"}}, {"pk": 23, "model": "text.text", "fields": {"body": "<p>ddddd</p>"}}, {"pk": 1, "model": "links.externallink", "fields": {"url": "http://bbc.co.uk/", "kind": 2, "external_site": 3, "description": "", "title": "BBC"}}, {"pk": 2, "model": "links.externallink", "fields": {"url": "http://www.cs.cf.ac.uk/contactsandpeople/staffpage.php?emailname=A.D.Preecedddddddi", "kind": 2, "external_site": 7, "description": "", "title": "Ernie Brooks"}}, {"pk": 4, "model": "links.externallink", "fields": {"url": "http://docs.djangoproject.com/en/dev/ref/contrib/messages/", "kind": 2, "external_site": 11, "description": "For the purposes of this demo, a link to an external item", "title": "Generic external page"}}, {"pk": 15, "model": "links.externallink", "fields": {"url": "http://www.bbc.co.uk/news/health-13956252", "kind": 2, "external_site": 15, "description": "Mediaeval techniques can double the chance of someone successfully quitting smoking, according to UK researchers.\r\n", "title": "Mediaeval techniques 'help smokers quit'"}}, {"pk": 3, "model": "links.externallink", "fields": {"url": "http://news.bbc.co.uk", "kind": 2, "external_site": 8, "description": "from arkestra_settings import *", "title": "New York-Boston East Coast axis of music"}}, {"pk": 7, "model": "links.externallink", "fields": {"url": "http://news.bbc.co.uk/abcdef", "kind": 2, "external_site": 8, "description": "from arkestra_settings import *", "title": "New York-Boston East Coast axis of music"}}, {"pk": 8, "model": "links.externallink", "fields": {"url": "http://news.bbc.co.uk/bogu/", "kind": 2, "external_site": 8, "description": "from arkestra_settings import *", "title": "New York-Boston East Coast axis of music"}}, {"pk": 10, "model": "links.externallink", "fields": {"url": "http://news.bbc.co.uk/shjshjhs", "kind": 2, "external_site": 8, "description": "from arkestra_settings import *", "title": "New York-Boston East Coast axis of music"}}, {"pk": 11, "model": "links.externallink", "fields": {"url": "http://news.bbc.co.uk/a", "kind": 2, "external_site": 8, "description": "from arkestra_settings import *", "title": "New York-Boston East Coast axis of music"}}, {"pk": 12, "model": "links.externallink", "fields": {"url": "http://aikidocardiff.com", "kind": 2, "external_site": 13, "description": "from arkestra_settings import *", "title": "New York-Boston East Coast axis of music"}}, {"pk": 13, "model": "links.externallink", "fields": {"url": "http://www.aikidocardiff.com", "kind": 2, "external_site": 14, "description": "from arkestra_settings import *", "title": "New York-Boston East Coast axis of music"}}, {"pk": 14, "model": "links.externallink", "fields": {"url": "http://www.aikidocardiff.com/aghagh", "kind": 2, "external_site": 14, "description": "from arkestra_settings import *", "title": "New York-Boston East Coast axis of music"}}, {"pk": 1, "model": "links.linktype", "fields": {"scheme": "https", "name": "Secure hypertext"}}, {"pk": 2, "model": "links.linktype", "fields": {"scheme": "http", "name": "Hypertext"}}, {"pk": 3, "model": "links.linktype", "fields": {"scheme": "mailto", "name": "Email address"}}, {"pk": 4, "model": "links.linktype", "fields": {"scheme": "ftp", "name": "File Transfer Protocol"}}, {"pk": 4, "model": "links.externalsite", "fields": {"rght": 17, "domain": "ac.uk", "parent": 1, "level": 1, "site": "ac.uk", "lft": 10, "tree_id": 1}}, {"pk": 13, "model": "links.externalsite", "fields": {"rght": 9, "domain": "aikidocardiff.com", "parent": 9, "level": 1, "site": "aikidocardiff.com", "lft": 6, "tree_id": 2}}, {"pk": 3, "model": "links.externalsite", "fields": {"rght": 8, "domain": "bbc.co.uk", "parent": 2, "level": 2, "site": "BBC", "lft": 3, "tree_id": 1}}, {"pk": 5, "model": "links.externalsite", "fields": {"rght": 16, "domain": "cf.ac.uk", "parent": 4, "level": 2, "site": "cf.ac.uk", "lft": 11, "tree_id": 1}}, {"pk": 2, "model": "links.externalsite", "fields": {"rght": 9, "domain": "co.uk", "parent": 1, "level": 1, "site": "co.uk", "lft": 2, "tree_id": 1}}, {"pk": 9, "model": "links.externalsite", "fields": {"rght": 10, "domain": "com", "parent": null, "level": 0, "site": "com", "lft": 1, "tree_id": 2}}, {"pk": 6, "model": "links.externalsite", "fields": {"rght": 15, "domain": "cs.cf.ac.uk", "parent": 5, "level": 3, "site": "cs.cf.ac.uk", "lft": 12, "tree_id": 1}}, {"pk": 10, "model": "links.externalsite", "fields": {"rght": 5, "domain": "djangoproject.com", "parent": 9, "level": 1, "site": "djangoproject.com", "lft": 2, "tree_id": 2}}, {"pk": 11, "model": "links.externalsite", "fields": {"rght": 4, "domain": "docs.djangoproject.com", "parent": 10, "level": 2, "site": "docs.djangoproject.com", "lft": 3, "tree_id": 2}}, {"pk": 8, "model": "links.externalsite", "fields": {"rght": 5, "domain": "news.bbc.co.uk", "parent": 3, "level": 3, "site": "news.bbc.co.uk", "lft": 4, "tree_id": 1}}, {"pk": 1, "model": "links.externalsite", "fields": {"rght": 18, "domain": "uk", "parent": null, "level": 0, "site": "uk", "lft": 1, "tree_id": 1}}, {"pk": 14, "model": "links.externalsite", "fields": {"rght": 8, "domain": "www.aikidocardiff.com", "parent": 13, "level": 2, "site": "www.aikidocardiff.com", "lft": 7, "tree_id": 2}}, {"pk": 15, "model": "links.externalsite", "fields": {"rght": 7, "domain": "www.bbc.co.uk", "parent": 3, "level": 3, "site": "www.bbc.co.uk", "lft": 6, "tree_id": 1}}, {"pk": 7, "model": "links.externalsite", "fields": {"rght": 14, "domain": "www.cs.cf.ac.uk", "parent": 6, "level": 4, "site": "www.cs.cf.ac.uk", "lft": 13, "tree_id": 1}}, {"pk": 15, "model": "links.genericlinklistplugin", "fields": {"use_link_icons": false, "final_separator": " and ", "separator": ", ", "insert_as": 0}}, {"pk": 1, "model": "arkestra_utilities.insertionpoint", "fields": {"content": 74, "description": "A test", "insertion_point": "footer"}}, {"pk": 1, "model": "easy_thumbnails.source", "fields": {"name": "2011/06/30/0020n040.jpg", "storage_hash": "52617e6399d6f38ea9cbf527bf430616", "modified": "2011-06-30 21:24:02"}}, {"pk": 1, "model": "easy_thumbnails.thumbnail", "fields": {"source": 1, "name": "2011/06/30/0020n040.jpg__16x16_q85_crop_upscale.jpg", "storage_hash": "52617e6399d6f38ea9cbf527bf430616", "modified": "2011-06-30 21:24:02"}}, {"pk": 2, "model": "easy_thumbnails.thumbnail", "fields": {"source": 1, "name": "2011/06/30/0020n040.jpg__32x32_q85_crop_upscale.jpg", "storage_hash": "52617e6399d6f38ea9cbf527bf430616", "modified": "2011-06-30 21:24:03"}}, {"pk": 3, "model": "easy_thumbnails.thumbnail", "fields": {"source": 1, "name": "2011/06/30/0020n040.jpg__48x48_q85_crop_upscale.jpg", "storage_hash": "52617e6399d6f38ea9cbf527bf430616", "modified": "2011-06-30 21:24:03"}}, {"pk": 4, "model": "easy_thumbnails.thumbnail", "fields": {"source": 1, "name": "2011/06/30/0020n040.jpg__64x64_q85_crop_upscale.jpg", "storage_hash": "52617e6399d6f38ea9cbf527bf430616", "modified": "2011-06-30 21:24:03"}}, {"pk": 5, "model": "easy_thumbnails.thumbnail", "fields": {"source": 1, "name": "2011/06/30/0020n040.jpg__210x10000_q85.jpg", "storage_hash": "52617e6399d6f38ea9cbf527bf430616", "modified": "2011-06-30 21:26:58"}}, {"pk": 6, "model": "easy_thumbnails.thumbnail", "fields": {"source": 1, "name": "2011/06/30/0020n040.jpg__16x16_q85_crop_subject_location-178,292_upscale.jpg", "storage_hash": "52617e6399d6f38ea9cbf527bf430616", "modified": "2011-06-30 21:28:00"}}, {"pk": 7, "model": "easy_thumbnails.thumbnail", "fields": {"source": 1, "name": "2011/06/30/0020n040.jpg__32x32_q85_crop_subject_location-178,292_upscale.jpg", "storage_hash": "52617e6399d6f38ea9cbf527bf430616", "modified": "2011-06-30 21:28:00"}}, {"pk": 8, "model": "easy_thumbnails.thumbnail", "fields": {"source": 1, "name": "2011/06/30/0020n040.jpg__48x48_q85_crop_subject_location-178,292_upscale.jpg", "storage_hash": "52617e6399d6f38ea9cbf527bf430616", "modified": "2011-06-30 21:28:00"}}, {"pk": 9, "model": "easy_thumbnails.thumbnail", "fields": {"source": 1, "name": "2011/06/30/0020n040.jpg__64x64_q85_crop_subject_location-178,292_upscale.jpg", "storage_hash": "52617e6399d6f38ea9cbf527bf430616", "modified": "2011-06-30 21:28:00"}}, {"pk": 1, "model": "filer.clipboard", "fields": {"user": 1}}, {"pk": 1, "model": "filer.folder", "fields": {"rght": 2, "uploaded_at": "2011-06-30 21:24:23", "name": "Site images", "parent": null, "level": 0, "created_at": "2011-06-30 21:24:23", "modified_at": "2011-06-30 21:24:23", "lft": 1, "tree_id": 1, "owner": 1}}, {"pk": 26, "model": "contenttypes.contenttype", "fields": {"model": "arkestratwittersearch", "name": "arkestra twitter search", "app_label": "arkestra_utilities"}}, {"pk": 27, "model": "contenttypes.contenttype", "fields": {"model": "arkestrauser", "name": "arkestra user", "app_label": "arkestra_utilities"}}, {"pk": 46, "model": "contenttypes.contenttype", "fields": {"model": "building", "name": "building", "app_label": "contacts_and_people"}}, {"pk": 11, "model": "contenttypes.contenttype", "fields": {"model": "cachekey", "name": "cache key", "app_label": "menus"}}, {"pk": 21, "model": "contenttypes.contenttype", "fields": {"model": "carouselplugin", "name": "carousel plugin", "app_label": "links"}}, {"pk": 22, "model": "contenttypes.contenttype", "fields": {"model": "carouselpluginitem", "name": "carousel plugin item", "app_label": "links"}}, {"pk": 32, "model": "contenttypes.contenttype", "fields": {"model": "clipboard", "name": "clipboard", "app_label": "filer"}}, {"pk": 33, "model": "contenttypes.contenttype", "fields": {"model": "clipboarditem", "name": "clipboard item", "app_label": "filer"}}, {"pk": 2, "model": "contenttypes.contenttype", "fields": {"model": "cmsplugin", "name": "cms plugin", "app_label": "cms"}}, {"pk": 41, "model": "contenttypes.contenttype", "fields": {"model": "contenttype", "name": "content type", "app_label": "contenttypes"}}, {"pk": 29, "model": "contenttypes.contenttype", "fields": {"model": "cssclass", "name": "CSS class", "app_label": "semanticeditor"}}, {"pk": 28, "model": "contenttypes.contenttype", "fields": {"model": "cssclasscategory", "name": "CSS class category", "app_label": "semanticeditor"}}, {"pk": 49, "model": "contenttypes.contenttype", "fields": {"model": "entity", "name": "entity", "app_label": "contacts_and_people"}}, {"pk": 55, "model": "contenttypes.contenttype", "fields": {"model": "entityautopagelinkplugineditor", "name": "entity auto page link plugin editor", "app_label": "contacts_and_people"}}, {"pk": 56, "model": "contenttypes.contenttype", "fields": {"model": "entitydirectoryplugineditor", "name": "entity directory plugin editor", "app_label": "contacts_and_people"}}, {"pk": 48, "model": "contenttypes.contenttype", "fields": {"model": "entitylite", "name": "entity lite", "app_label": "contacts_and_people"}}, {"pk": 57, "model": "contenttypes.contenttype", "fields": {"model": "entitymembersplugineditor", "name": "entity members plugin editor", "app_label": "contacts_and_people"}}, {"pk": 59, "model": "contenttypes.contenttype", "fields": {"model": "event", "name": "event", "app_label": "news_and_events"}}, {"pk": 60, "model": "contenttypes.contenttype", "fields": {"model": "eventtype", "name": "event type", "app_label": "news_and_events"}}, {"pk": 16, "model": "contenttypes.contenttype", "fields": {"model": "externallink", "name": "external link", "app_label": "links"}}, {"pk": 18, "model": "contenttypes.contenttype", "fields": {"model": "externalsite", "name": "external site", "app_label": "links"}}, {"pk": 36, "model": "contenttypes.contenttype", "fields": {"model": "file", "name": "file", "app_label": "filer"}}, {"pk": 66, "model": "contenttypes.contenttype", "fields": {"model": "filerimage", "name": "filer image", "app_label": "arkestra_image_plugin"}}, {"pk": 23, "model": "contenttypes.contenttype", "fields": {"model": "focusonplugineditor", "name": "focus on plugin editor", "app_label": "links"}}, {"pk": 24, "model": "contenttypes.contenttype", "fields": {"model": "focusonpluginitemeditor", "name": "focus on plugin item editor", "app_label": "links"}}, {"pk": 34, "model": "contenttypes.contenttype", "fields": {"model": "folder", "name": "Folder", "app_label": "filer"}}, {"pk": 35, "model": "contenttypes.contenttype", "fields": {"model": "folderpermission", "name": "folder permission", "app_label": "filer"}}, {"pk": 19, "model": "contenttypes.contenttype", "fields": {"model": "genericlinklistplugin", "name": "generic link list plugin", "app_label": "links"}}, {"pk": 20, "model": "contenttypes.contenttype", "fields": {"model": "genericlinklistpluginitem", "name": "generic link list plugin item", "app_label": "links"}}, {"pk": 39, "model": "contenttypes.contenttype", "fields": {"model": "group", "name": "group", "app_label": "auth"}}, {"pk": 37, "model": "contenttypes.contenttype", "fields": {"model": "image", "name": "image", "app_label": "filer"}}, {"pk": 68, "model": "contenttypes.contenttype", "fields": {"model": "insertionpoint", "name": "insertion point", "app_label": "arkestra_utilities"}}, {"pk": 17, "model": "contenttypes.contenttype", "fields": {"model": "linktype", "name": "link type", "app_label": "links"}}, {"pk": 44, "model": "contenttypes.contenttype", "fields": {"model": "logentry", "name": "log entry", "app_label": "admin"}}, {"pk": 54, "model": "contenttypes.contenttype", "fields": {"model": "membership", "name": "membership", "app_label": "contacts_and_people"}}, {"pk": 40, "model": "contenttypes.contenttype", "fields": {"model": "message", "name": "message", "app_label": "auth"}}, {"pk": 62, "model": "contenttypes.contenttype", "fields": {"model": "newsandeventsplugin", "name": "news and events plugin", "app_label": "news_and_events"}}, {"pk": 58, "model": "contenttypes.contenttype", "fields": {"model": "newsarticle", "name": "news article", "app_label": "news_and_events"}}, {"pk": 61, "model": "contenttypes.contenttype", "fields": {"model": "newssource", "name": "news source", "app_label": "news_and_events"}}, {"pk": 15, "model": "contenttypes.contenttype", "fields": {"model": "objectlink", "name": "object link", "app_label": "links"}}, {"pk": 3, "model": "contenttypes.contenttype", "fields": {"model": "page", "name": "page", "app_label": "cms"}}, {"pk": 6, "model": "contenttypes.contenttype", "fields": {"model": "globalpagepermission", "name": "Page global permission", "app_label": "cms"}}, {"pk": 5, "model": "contenttypes.contenttype", "fields": {"model": "pagemoderatorstate", "name": "Page moderator state", "app_label": "cms"}}, {"pk": 7, "model": "contenttypes.contenttype", "fields": {"model": "pagepermission", "name": "Page permission", "app_label": "cms"}}, {"pk": 4, "model": "contenttypes.contenttype", "fields": {"model": "pagemoderator", "name": "PageModerator", "app_label": "cms"}}, {"pk": 38, "model": "contenttypes.contenttype", "fields": {"model": "permission", "name": "permission", "app_label": "auth"}}, {"pk": 52, "model": "contenttypes.contenttype", "fields": {"model": "person", "name": "person", "app_label": "contacts_and_people"}}, {"pk": 51, "model": "contenttypes.contenttype", "fields": {"model": "personlite", "name": "person lite", "app_label": "contacts_and_people"}}, {"pk": 47, "model": "contenttypes.contenttype", "fields": {"model": "phonecontact", "name": "phone contact", "app_label": "contacts_and_people"}}, {"pk": 1, "model": "contenttypes.contenttype", "fields": {"model": "placeholder", "name": "placeholder", "app_label": "cms"}}, {"pk": 42, "model": "contenttypes.contenttype", "fields": {"model": "session", "name": "session", "app_label": "sessions"}}, {"pk": 43, "model": "contenttypes.contenttype", "fields": {"model": "site", "name": "site", "app_label": "sites"}}, {"pk": 45, "model": "contenttypes.contenttype", "fields": {"model": "site", "name": "site", "app_label": "contacts_and_people"}}, {"pk": 13, "model": "contenttypes.contenttype", "fields": {"model": "snippet", "name": "Snippet", "app_label": "snippet"}}, {"pk": 14, "model": "contenttypes.contenttype", "fields": {"model": "snippetptr", "name": "Snippet", "app_label": "snippet"}}, {"pk": 30, "model": "contenttypes.contenttype", "fields": {"model": "source", "name": "source", "app_label": "easy_thumbnails"}}, {"pk": 64, "model": "contenttypes.contenttype", "fields": {"model": "studentship", "name": "studentship", "app_label": "vacancies_and_studentships"}}, {"pk": 53, "model": "contenttypes.contenttype", "fields": {"model": "teacher", "name": "teacher", "app_label": "contacts_and_people"}}, {"pk": 12, "model": "contenttypes.contenttype", "fields": {"model": "text", "name": "text", "app_label": "text"}}, {"pk": 31, "model": "contenttypes.contenttype", "fields": {"model": "thumbnail", "name": "thumbnail", "app_label": "easy_thumbnails"}}, {"pk": 10, "model": "contenttypes.contenttype", "fields": {"model": "title", "name": "title", "app_label": "cms"}}, {"pk": 50, "model": "contenttypes.contenttype", "fields": {"model": "title", "name": "title", "app_label": "contacts_and_people"}}, {"pk": 25, "model": "contenttypes.contenttype", "fields": {"model": "user", "name": "user", "app_label": "auth"}}, {"pk": 8, "model": "contenttypes.contenttype", "fields": {"model": "pageuser", "name": "User (page)", "app_label": "cms"}}, {"pk": 9, "model": "contenttypes.contenttype", "fields": {"model": "pageusergroup", "name": "User group (page)", "app_label": "cms"}}, {"pk": 65, "model": "contenttypes.contenttype", "fields": {"model": "vacanciesplugin", "name": "vacancies plugin", "app_label": "vacancies_and_studentships"}}, {"pk": 63, "model": "contenttypes.contenttype", "fields": {"model": "vacancy", "name": "vacancy", "app_label": "vacancies_and_studentships"}}, {"pk": "12d44003de1af435b64433d99472c6d2", "model": "sessions.session", "fields": {"expire_date": "2011-07-07 16:20:06", "session_data": "YTM0NTQ0NmMxYjc2OGMyYmJiNTEyOTE2NmMwYzBlYzI2ZDM3YzljYTqAAn1xAShVDmNtc19hZG1p\nbl9zaXRlcQKKAQFVCGNtc19lZGl0cQOIVQ1fYXV0aF91c2VyX2lkcQSKAQFVEl9hdXRoX3VzZXJf\nYmFja2VuZHEFVSlkamFuZ28uY29udHJpYi5hdXRoLmJhY2tlbmRzLk1vZGVsQmFja2VuZHEGdS4=\n"}}, {"pk": "1414a7de809284cf50532faaf0c5e15b", "model": "sessions.session", "fields": {"expire_date": "2011-07-05 16:35:44", "session_data": "MGExNjdmZTUzYjgyYzlkYjljYWJkMzg2YzIwNmZlODQ0Yzk5MjhiNjqAAn1xAShVDmNtc19hZG1p\nbl9zaXRlcQKKAQFVEl9hdXRoX3VzZXJfYmFja2VuZHEDVSlkamFuZ28uY29udHJpYi5hdXRoLmJh\nY2tlbmRzLk1vZGVsQmFja2VuZHEEVQ1fYXV0aF91c2VyX2lkcQWKAQF1Lg==\n"}}, {"pk": "7e62485dc79f0e1f7a9b26d359e21dc7", "model": "sessions.session", "fields": {"expire_date": "2011-07-08 22:34:16", "session_data": "ODRjM2U4NmE5MTI3NTQyOGEwZjA2YWExYzExZjQ5ZGEzMzdmMGZmMzqAAn1xAShVEl9hdXRoX3Vz\nZXJfYmFja2VuZHECVSlkamFuZ28uY29udHJpYi5hdXRoLmJhY2tlbmRzLk1vZGVsQmFja2VuZHED\nVQ1fYXV0aF91c2VyX2lkcQSKAQF1Lg==\n"}}, {"pk": "b0f54801fa894a4c9248ef49205ff171", "model": "sessions.session", "fields": {"expire_date": "2011-07-15 11:54:37", "session_data": "ZjNiYTA4Yjg3NDkzNWM3NThiYTc2NzQwNzIzYWRmNGVjODVlYzA4NDqAAn1xAShVDmNtc19hZG1p\nbl9zaXRlcQKKAQFVDV9hdXRoX3VzZXJfaWRxA4oBAVUSX2F1dGhfdXNlcl9iYWNrZW5kcQRVKWRq\nYW5nby5jb250cmliLmF1dGguYmFja2VuZHMuTW9kZWxCYWNrZW5kcQV1Lg==\n"}}, {"pk": 1, "model": "sites.site", "fields": {"domain": "l003.medcn.uwcm.ac.uk:8000", "name": "l003.medcn.uwcm.ac.uk:8000"}}, {"pk": 257, "model": "admin.logentry", "fields": {"action_flag": 2, "action_time": "2011-07-02 12:12:27", "object_repr": "InsertionPoint object", "object_id": "1", "change_message": "Changed content.", "user": 1, "content_type": 68}}, {"pk": 256, "model": "admin.logentry", "fields": {"action_flag": 2, "action_time": "2011-07-02 11:12:17", "object_repr": "footer", "object_id": "1", "change_message": "Changed content and description.", "user": 1, "content_type": 68}}, {"pk": 255, "model": "admin.logentry", "fields": {"action_flag": 2, "action_time": "2011-07-01 15:03:58", "object_repr": "2011 Conference of the Dark Ages Society", "object_id": "2", "change_message": "Changed body, start_date and end_date.", "user": 1, "content_type": 59}}, {"pk": 254, "model": "admin.logentry", "fields": {"action_flag": 2, "action_time": "2011-07-01 14:29:57", "object_repr": "2011 Conference of the Dark Ages Society", "object_id": "2", "change_message": "Changed body, start_date and end_date.", "user": 1, "content_type": 59}}, {"pk": 253, "model": "admin.logentry", "fields": {"action_flag": 2, "action_time": "2011-07-01 14:24:42", "object_repr": "2011 Conference of the Dark Ages Society", "object_id": "2", "change_message": "Changed body, start_date and end_date.", "user": 1, "content_type": 59}}, {"pk": 252, "model": "admin.logentry", "fields": {"action_flag": 2, "action_time": "2011-07-01 14:18:41", "object_repr": "2011 Conference of the Dark Ages Society", "object_id": "2", "change_message": "Changed body, start_date and end_date.", "user": 1, "content_type": 59}}, {"pk": 251, "model": "admin.logentry", "fields": {"action_flag": 2, "action_time": "2011-07-01 13:50:22", "object_repr": "Evil Eye - identifying signs", "object_id": "1", "change_message": "Changed closing_date and body.", "user": 1, "content_type": 64}}, {"pk": 250, "model": "admin.logentry", "fields": {"action_flag": 2, "action_time": "2011-07-01 13:35:59", "object_repr": "Evil Eye - identifying signs", "object_id": "1", "change_message": "Changed closing_date and body.", "user": 1, "content_type": 64}}, {"pk": 249, "model": "admin.logentry", "fields": {"action_flag": 2, "action_time": "2011-07-01 13:35:36", "object_repr": "Evil Eye - identifying signs", "object_id": "1", "change_message": "Changed closing_date and body.", "user": 1, "content_type": 64}}, {"pk": 248, "model": "admin.logentry", "fields": {"action_flag": 2, "action_time": "2011-07-01 13:26:12", "object_repr": "Evil Eye - identifying signs", "object_id": "1", "change_message": "Changed body.", "user": 1, "content_type": 64}}, {"pk": 247, "model": "admin.logentry", "fields": {"action_flag": 1, "action_time": "2011-07-01 12:53:40", "object_repr": "Evil Eye - identifying signs", "object_id": "1", "change_message": "", "user": 1, "content_type": 64}}, {"pk": 246, "model": "admin.logentry", "fields": {"action_flag": 2, "action_time": "2011-07-01 12:53:19", "object_repr": "Prof Benjamin Orr", "object_id": "12", "change_message": "Changed title and description. Added membership \"Principal Investigator\".", "user": 1, "content_type": 52}}, {"pk": 245, "model": "admin.logentry", "fields": {"action_flag": 2, "action_time": "2011-07-01 12:52:07", "object_repr": "Nico", "object_id": "4", "change_message": "Changed description. Changed importance_to_person for membership \"Director\".", "user": 1, "content_type": 52}}, {"pk": 244, "model": "admin.logentry", "fields": {"action_flag": 1, "action_time": "2011-07-01 12:51:47", "object_repr": "Evil Eye Research Project", "object_id": "13", "change_message": "", "user": 1, "content_type": 49}}, {"pk": 243, "model": "admin.logentry", "fields": {"action_flag": 2, "action_time": "2011-07-01 12:40:55", "object_repr": "Tooth puller", "object_id": "1", "change_message": "Changed body and enquiries.", "user": 1, "content_type": 63}}, {"pk": 242, "model": "admin.logentry", "fields": {"action_flag": 2, "action_time": "2011-07-01 12:29:24", "object_repr": "Tooth puller", "object_id": "1", "change_message": "Changed body and please_contact.", "user": 1, "content_type": 63}}, {"pk": 241, "model": "admin.logentry", "fields": {"action_flag": 2, "action_time": "2011-07-01 12:11:29", "object_repr": "Tooth puller", "object_id": "1", "change_message": "Changed body and please_contact.", "user": 1, "content_type": 63}}, {"pk": 240, "model": "admin.logentry", "fields": {"action_flag": 2, "action_time": "2011-07-01 12:10:41", "object_repr": "Dr Mo Tucker", "object_id": "7", "change_message": "Changed title and description. Added membership \"Director of Recruitment\".", "user": 1, "content_type": 52}}, {"pk": 239, "model": "admin.logentry", "fields": {"action_flag": 1, "action_time": "2011-07-01 12:08:40", "object_repr": "Dr", "object_id": "2", "change_message": "", "user": 1, "content_type": 50}}, {"pk": 238, "model": "admin.logentry", "fields": {"action_flag": 2, "action_time": "2011-07-01 10:42:58", "object_repr": "Prof Ernie Brooks awarded Nobel prize for Mdicine", "object_id": "3", "change_message": "Changed body and date.", "user": 1, "content_type": 58}}, {"pk": 237, "model": "admin.logentry", "fields": {"action_flag": 1, "action_time": "2011-07-01 09:38:47", "object_repr": "Prof Ernie Brooks awarded Nobel prize for Mdicine", "object_id": "3", "change_message": "", "user": 1, "content_type": 58}}, {"pk": 236, "model": "admin.logentry", "fields": {"action_flag": 2, "action_time": "2011-06-30 21:28:00", "object_repr": "Cutaway body", "object_id": "1", "change_message": "Changed name, description and subject_location.", "user": 1, "content_type": 37}}, {"pk": 235, "model": "admin.logentry", "fields": {"action_flag": 2, "action_time": "2011-06-30 21:26:45", "object_repr": "arkestra", "object_id": "1", "change_message": "Changed email.", "user": 1, "content_type": 25}}, {"pk": 234, "model": "admin.logentry", "fields": {"action_flag": 2, "action_time": "2011-06-30 21:26:28", "object_repr": "arkestra", "object_id": "1", "change_message": "Changed username.", "user": 1, "content_type": 25}}, {"pk": 233, "model": "admin.logentry", "fields": {"action_flag": 2, "action_time": "2011-06-30 21:16:49", "object_repr": "Institute of Mediaeval Medicine", "object_id": "1", "change_message": "Changed contacts_page_menu_title.", "user": 1, "content_type": 49}}, {"pk": 232, "model": "admin.logentry", "fields": {"action_flag": 1, "action_time": "2011-06-30 21:10:04", "object_repr": "Tooth puller", "object_id": "1", "change_message": "", "user": 1, "content_type": 63}}, {"pk": 231, "model": "admin.logentry", "fields": {"action_flag": 2, "action_time": "2011-06-30 20:11:44", "object_repr": "Institute of Mediaeval Medicine", "object_id": "1", "change_message": "Changed auto_vacancies_page and vacancies_page_menu_title.", "user": 1, "content_type": 49}}, {"pk": 230, "model": "admin.logentry", "fields": {"action_flag": 2, "action_time": "2011-06-30 20:11:00", "object_repr": "Home", "object_id": "1", "change_message": "Changed meta_description and moderator_state.", "user": 1, "content_type": 3}}, {"pk": 229, "model": "admin.logentry", "fields": {"action_flag": 2, "action_time": "2011-06-30 20:10:33", "object_repr": "Tooth puller", "object_id": "2", "change_message": "Changed summary and body.", "user": 1, "content_type": 63}}, {"pk": 228, "model": "admin.logentry", "fields": {"action_flag": 2, "action_time": "2011-06-30 19:55:41", "object_repr": "Tooth puller", "object_id": "2", "change_message": "Changed short_title, title, summary, body, slug and job_number.", "user": 1, "content_type": 63}}, {"pk": 227, "model": "admin.logentry", "fields": {"action_flag": 2, "action_time": "2011-06-30 19:51:22", "object_repr": "Home", "object_id": "1", "change_message": "Changed title, slug, template and moderator_state.", "user": 1, "content_type": 3}}, {"pk": 226, "model": "admin.logentry", "fields": {"action_flag": 2, "action_time": "2011-06-30 19:50:41", "object_repr": "Institute of Mediaeval Medicine", "object_id": "1", "change_message": "Changed name and short_name.", "user": 1, "content_type": 49}}, {"pk": 225, "model": "admin.logentry", "fields": {"action_flag": 2, "action_time": "2011-06-30 19:24:36", "object_repr": "Bad Air Research Centre", "object_id": "9", "change_message": "Added membership \"Professor of Air Sounding\". Changed importance_to_entity for membership \"Secretary\".", "user": 1, "content_type": 49}}, {"pk": 224, "model": "admin.logentry", "fields": {"action_flag": 1, "action_time": "2011-06-30 19:21:02", "object_repr": "Advances in malaria research", "object_id": "2", "change_message": "", "user": 1, "content_type": 58}}, {"pk": 223, "model": "admin.logentry", "fields": {"action_flag": 2, "action_time": "2011-06-30 19:16:47", "object_repr": "BBC", "object_id": "3", "change_message": "Changed site.", "user": 1, "content_type": 18}}, {"pk": 222, "model": "admin.logentry", "fields": {"action_flag": 3, "action_time": "2011-06-30 19:16:29", "object_repr": "hjhj", "object_id": "12", "change_message": "", "user": 1, "content_type": 18}}, {"pk": 221, "model": "admin.logentry", "fields": {"action_flag": 2, "action_time": "2011-06-30 19:16:00", "object_repr": "Mediaeval techniques 'help smokers quit'", "object_id": "1", "change_message": "Changed body and date.", "user": 1, "content_type": 58}}, {"pk": 220, "model": "admin.logentry", "fields": {"action_flag": 2, "action_time": "2011-06-30 19:15:27", "object_repr": "Mediaeval techniques 'help smokers quit'", "object_id": "1", "change_message": "Changed title, short_title, subtitle, body, slug, date and input_url.", "user": 1, "content_type": 58}}, {"pk": 219, "model": "admin.logentry", "fields": {"action_flag": 2, "action_time": "2011-06-30 18:58:59", "object_repr": "Prof Ernie Brooks", "object_id": "10", "change_message": "Changed description. Added membership \"Professor in Mediaeval Surgery\".", "user": 1, "content_type": 52}}, {"pk": 218, "model": "admin.logentry", "fields": {"action_flag": 2, "action_time": "2011-06-30 18:57:10", "object_repr": "BBC", "object_id": "11", "change_message": "Added membership \"Advisor on Mediaeval Science & Medicine\".", "user": 1, "content_type": 49}}, {"pk": 217, "model": "admin.logentry", "fields": {"action_flag": 2, "action_time": "2011-06-30 18:53:52", "object_repr": "BBC", "object_id": "11", "change_message": "Changed vacancies_page_menu_title.", "user": 1, "content_type": 49}}, {"pk": 216, "model": "admin.logentry", "fields": {"action_flag": 3, "action_time": "2011-06-30 18:53:30", "object_repr": "Talking Heads", "object_id": "10", "change_message": "", "user": 1, "content_type": 49}}, {"pk": 215, "model": "admin.logentry", "fields": {"action_flag": 3, "action_time": "2011-06-30 18:53:23", "object_repr": "Musicians", "object_id": "5", "change_message": "", "user": 1, "content_type": 49}}, {"pk": 214, "model": "admin.logentry", "fields": {"action_flag": 2, "action_time": "2011-06-30 18:51:26", "object_repr": "Bad Air Research Centre", "object_id": "9", "change_message": "Changed key_contact, role and importance_to_entity for membership \"Secretary\". Changed role for membership \"General Manager\". Deleted membership \"Bass guitar player\". Deleted membership \"Drummer\".", "user": 1, "content_type": 49}}, {"pk": 213, "model": "admin.logentry", "fields": {"action_flag": 2, "action_time": "2011-06-30 18:50:19", "object_repr": "Bad Air Research Centre", "object_id": "9", "change_message": "Changed name, slug, short_name and vacancies_page_menu_title. Changed role for membership \"Director of Research\".", "user": 1, "content_type": 49}}, {"pk": 212, "model": "admin.logentry", "fields": {"action_flag": 2, "action_time": "2011-06-30 18:49:33", "object_repr": "Centre for Research into Mediaeval Surgery", "object_id": "7", "change_message": "Changed name, precise_location, slug, short_name and vacancies_page_menu_title. Changed role for membership \"Director of Research\". Changed role for membership \"Manager\". Changed role and importance_to_entity for membership \"Public Engagement Manager\". Changed key_contact and role for membership \"Secretary to the Director of Research\".", "user": 1, "content_type": 49}}, {"pk": 211, "model": "admin.logentry", "fields": {"action_flag": 2, "action_time": "2011-06-30 18:44:37", "object_repr": "Research", "object_id": "7", "change_message": "Changed menu_title and moderator_state.", "user": 1, "content_type": 3}}, {"pk": 210, "model": "admin.logentry", "fields": {"action_flag": 2, "action_time": "2011-06-30 18:44:08", "object_repr": "Institute for the Promotion of Mediaeval Medicine", "object_id": "1", "change_message": "Changed auto_vacancies_page.", "user": 1, "content_type": 49}}, {"pk": 209, "model": "admin.logentry", "fields": {"action_flag": 2, "action_time": "2011-06-30 18:42:18", "object_repr": "Research Centres", "object_id": "7", "change_message": "Changed menu_title and moderator_state.", "user": 1, "content_type": 3}}, {"pk": 208, "model": "admin.logentry", "fields": {"action_flag": 2, "action_time": "2011-06-30 18:41:41", "object_repr": "About the Institute", "object_id": "6", "change_message": "Changed menu_title and moderator_state.", "user": 1, "content_type": 3}}, {"pk": 207, "model": "admin.logentry", "fields": {"action_flag": 2, "action_time": "2011-06-30 18:41:10", "object_repr": "Public Information Education &Unit", "object_id": "5", "change_message": "Changed title, menu_title and moderator_state.", "user": 1, "content_type": 3}}, {"pk": 206, "model": "admin.logentry", "fields": {"action_flag": 2, "action_time": "2011-06-30 18:37:22", "object_repr": "Centre for Research into Mediaeval Dentistry", "object_id": "2", "change_message": "Deleted membership \"Viola/bass guitar player\". Deleted membership \"Guitarist\". Deleted membership \"Singer & guitarist\". Deleted membership \"Drummer\". Deleted membership \"Chanteuse\".", "user": 1, "content_type": 49}}, {"pk": 205, "model": "admin.logentry", "fields": {"action_flag": 2, "action_time": "2011-06-30 18:36:56", "object_repr": "Centre for Research into Mediaeval Dentistry", "object_id": "2", "change_message": "Changed name, slug, short_name, auto_vacancies_page and vacancies_page_menu_title.", "user": 1, "content_type": 49}}, {"pk": 204, "model": "admin.logentry", "fields": {"action_flag": 2, "action_time": "2011-06-30 18:36:33", "object_repr": "New York: Dentistry Tower", "object_id": "1", "change_message": "Changed name, street, additional_street_address, postcode, site, slug, summary, description, getting_here and access_and_parking.", "user": 1, "content_type": 46}}, {"pk": 203, "model": "admin.logentry", "fields": {"action_flag": 2, "action_time": "2011-06-30 18:34:37", "object_repr": "New York: The Galen Building", "object_id": "2", "change_message": "Changed slug, description, getting_here and access_and_parking.", "user": 1, "content_type": 46}}, {"pk": 202, "model": "admin.logentry", "fields": {"action_flag": 2, "action_time": "2011-06-30 18:34:18", "object_repr": "New York: The Galen Building", "object_id": "2", "change_message": "Changed name, summary, description, getting_here and access_and_parking.", "user": 1, "content_type": 46}}, {"pk": 201, "model": "admin.logentry", "fields": {"action_flag": 2, "action_time": "2011-06-30 18:29:36", "object_repr": "Talking Heads", "object_id": "6", "change_message": "Changed title, slug, page_flags and moderator_state.", "user": 1, "content_type": 3}}, {"pk": 200, "model": "admin.logentry", "fields": {"action_flag": 2, "action_time": "2011-06-30 18:28:54", "object_repr": "Galaxie 500", "object_id": "5", "change_message": "Changed title, slug, page_flags and moderator_state.", "user": 1, "content_type": 3}}, {"pk": 199, "model": "admin.logentry", "fields": {"action_flag": 2, "action_time": "2011-06-30 18:28:17", "object_repr": "The Cars", "object_id": "4", "change_message": "Changed title, slug, page_flags and moderator_state.", "user": 1, "content_type": 3}}, {"pk": 198, "model": "admin.logentry", "fields": {"action_flag": 2, "action_time": "2011-06-30 18:27:47", "object_repr": "The Modern Lovers", "object_id": "3", "change_message": "Changed title, slug, page_flags and moderator_state.", "user": 1, "content_type": 3}}, {"pk": 197, "model": "admin.logentry", "fields": {"action_flag": 2, "action_time": "2011-06-30 18:27:25", "object_repr": "The Velvet Underground", "object_id": "2", "change_message": "Changed title, slug, page_flags and moderator_state.", "user": 1, "content_type": 3}}, {"pk": 196, "model": "admin.logentry", "fields": {"action_flag": 2, "action_time": "2011-06-30 18:26:46", "object_repr": "The bands", "object_id": "7", "change_message": "Changed title, slug and moderator_state.", "user": 1, "content_type": 3}}, {"pk": 195, "model": "admin.logentry", "fields": {"action_flag": 2, "action_time": "2011-06-30 18:25:00", "object_repr": "Prof Ernie Brooks", "object_id": "10", "change_message": "Changed description.", "user": 1, "content_type": 52}}, {"pk": 194, "model": "admin.logentry", "fields": {"action_flag": 2, "action_time": "2011-06-30 18:00:15", "object_repr": "Prof Ernie Brooks", "object_id": "10", "change_message": "Changed title, precise_location, email, external_url, description and please_contact. Added membership \"Fellow\". Changed entity, role and importance_to_person for membership \"Dean of Research\".", "user": 1, "content_type": 52}}, {"pk": 193, "model": "admin.logentry", "fields": {"action_flag": 1, "action_time": "2011-06-30 17:54:25", "object_repr": "Prof", "object_id": "1", "change_message": "", "user": 1, "content_type": 50}}, {"pk": 192, "model": "admin.logentry", "fields": {"action_flag": 1, "action_time": "2011-06-30 17:52:50", "object_repr": "2011 Conference of the Dark Ages Society", "object_id": "2", "change_message": "", "user": 1, "content_type": 59}}, {"pk": 191, "model": "admin.logentry", "fields": {"action_flag": 2, "action_time": "2011-06-30 17:49:37", "object_repr": "Annual Conference of the Dark Ages Society", "object_id": "1", "change_message": "Changed body and external_url.", "user": 1, "content_type": 59}}, {"pk": 190, "model": "admin.logentry", "fields": {"action_flag": 2, "action_time": "2011-06-30 17:48:52", "object_repr": "Annual Conference of the Dark Ages Society", "object_id": "1", "change_message": "Changed body and child_list_heading.", "user": 1, "content_type": 59}}, {"pk": 189, "model": "admin.logentry", "fields": {"action_flag": 2, "action_time": "2011-06-30 17:43:41", "object_repr": "Generic external page", "object_id": "4", "change_message": "Changed title and description.", "user": 1, "content_type": 16}}, {"pk": 187, "model": "admin.logentry", "fields": {"action_flag": 2, "action_time": "2011-06-30 17:36:28", "object_repr": "Annual Conference of the Dark Ages Society", "object_id": "1", "change_message": "Changed body.", "user": 1, "content_type": 59}}, {"pk": 185, "model": "admin.logentry", "fields": {"action_flag": 2, "action_time": "2011-06-30 17:36:19", "object_repr": "Annual Conference of the Dark Ages Society", "object_id": "1", "change_message": "Changed body.", "user": 1, "content_type": 59}}, {"pk": 186, "model": "admin.logentry", "fields": {"action_flag": 2, "action_time": "2011-06-30 17:36:19", "object_repr": "Annual Conference of the Dark Ages Society", "object_id": "1", "change_message": "Changed body.", "user": 1, "content_type": 59}}, {"pk": 184, "model": "admin.logentry", "fields": {"action_flag": 2, "action_time": "2011-06-30 17:36:03", "object_repr": "Annual Conference of the Dark Ages Society", "object_id": "1", "change_message": "Changed body.", "user": 1, "content_type": 59}}, {"pk": 183, "model": "admin.logentry", "fields": {"action_flag": 1, "action_time": "2011-06-30 17:35:54", "object_repr": "Annual Conference of the Dark Ages Society", "object_id": "1", "change_message": "", "user": 1, "content_type": 59}}, {"pk": 182, "model": "admin.logentry", "fields": {"action_flag": 1, "action_time": "2011-06-30 17:26:06", "object_repr": "Conference", "object_id": "1", "change_message": "", "user": 1, "content_type": 60}}, {"pk": 181, "model": "admin.logentry", "fields": {"action_flag": 1, "action_time": "2011-06-30 17:25:17", "object_repr": "Dark Ages Society", "object_id": "12", "change_message": "", "user": 1, "content_type": 49}}, {"pk": 180, "model": "admin.logentry", "fields": {"action_flag": 2, "action_time": "2011-06-30 16:56:14", "object_repr": "Home", "object_id": "1", "change_message": "Changed title, slug, page_flags and moderator_state.", "user": 1, "content_type": 3}}, {"pk": 179, "model": "admin.logentry", "fields": {"action_flag": 2, "action_time": "2011-06-30 16:50:50", "object_repr": "Research Centres", "object_id": "6", "change_message": "Changed name, slug, short_name and vacancies_page_menu_title.", "user": 1, "content_type": 49}}, {"pk": 178, "model": "admin.logentry", "fields": {"action_flag": 2, "action_time": "2011-06-30 16:06:39", "object_repr": "Institute for the Promotion of Mediaeval Medicine", "object_id": "1", "change_message": "Changed name, slug and short_name.", "user": 1, "content_type": 49}}, {"pk": 177, "model": "admin.logentry", "fields": {"action_flag": 1, "action_time": "2011-06-30 00:56:18", "object_repr": "The bands", "object_id": "7", "change_message": "", "user": 1, "content_type": 3}}, {"pk": 176, "model": "admin.logentry", "fields": {"action_flag": 1, "action_time": "2011-06-30 00:13:33", "object_repr": "New studentship", "object_id": "2", "change_message": "", "user": 1, "content_type": 64}}, {"pk": 175, "model": "admin.logentry", "fields": {"action_flag": 2, "action_time": "2011-06-30 00:13:06", "object_repr": "Old studentship", "object_id": "1", "change_message": "Changed body.", "user": 1, "content_type": 64}}, {"pk": 174, "model": "admin.logentry", "fields": {"action_flag": 1, "action_time": "2011-06-30 00:13:01", "object_repr": "Old studentship", "object_id": "1", "change_message": "", "user": 1, "content_type": 64}}, {"pk": 173, "model": "admin.logentry", "fields": {"action_flag": 1, "action_time": "2011-06-30 00:11:04", "object_repr": "Old vacancy", "object_id": "2", "change_message": "", "user": 1, "content_type": 63}}, {"pk": 172, "model": "admin.logentry", "fields": {"action_flag": 2, "action_time": "2011-06-30 00:10:21", "object_repr": "New York-Boston East Coast axis of music", "object_id": "1", "change_message": "Changed body.", "user": 1, "content_type": 63}}, {"pk": 171, "model": "admin.logentry", "fields": {"action_flag": 2, "action_time": "2011-06-29 23:20:57", "object_repr": "New York-Boston East Coast axis of music", "object_id": "1", "change_message": "Changed body and hosted_by.", "user": 1, "content_type": 63}}, {"pk": 170, "model": "admin.logentry", "fields": {"action_flag": 1, "action_time": "2011-06-29 23:20:34", "object_repr": "New York-Boston East Coast axis of music", "object_id": "1", "change_message": "", "user": 1, "content_type": 63}}, {"pk": 169, "model": "admin.logentry", "fields": {"action_flag": 2, "action_time": "2011-06-29 18:31:46", "object_repr": "New York-Boston East Coast axis of music", "object_id": "1", "change_message": "Changed body.", "user": 1, "content_type": 58}}, {"pk": 168, "model": "admin.logentry", "fields": {"action_flag": 2, "action_time": "2011-06-29 18:30:52", "object_repr": "New York-Boston East Coast axis of music", "object_id": "1", "change_message": "Changed body.", "user": 1, "content_type": 58}}, {"pk": 167, "model": "admin.logentry", "fields": {"action_flag": 2, "action_time": "2011-06-29 18:30:29", "object_repr": "New York-Boston East Coast axis of music", "object_id": "1", "change_message": "Changed body.", "user": 1, "content_type": 58}}, {"pk": 166, "model": "admin.logentry", "fields": {"action_flag": 2, "action_time": "2011-06-29 18:05:34", "object_repr": "Fight Club", "object_id": "1", "change_message": "No fields changed.", "user": 1, "content_type": 49}}, {"pk": 165, "model": "admin.logentry", "fields": {"action_flag": 2, "action_time": "2011-06-29 18:05:02", "object_repr": "Fight Club", "object_id": "1", "change_message": "Changed auto_vacancies_page and vacancies_page_menu_title.", "user": 1, "content_type": 49}}, {"pk": 164, "model": "admin.logentry", "fields": {"action_flag": 1, "action_time": "2011-06-29 17:52:40", "object_repr": "Polisher", "object_id": "1", "change_message": "", "user": 1, "content_type": 63}}, {"pk": 163, "model": "admin.logentry", "fields": {"action_flag": 2, "action_time": "2011-06-29 17:13:14", "object_repr": "New York-Boston East Coast axis of music", "object_id": "1", "change_message": "Changed body and external_url.", "user": 1, "content_type": 58}}, {"pk": 162, "model": "admin.logentry", "fields": {"action_flag": 2, "action_time": "2011-06-29 16:30:13", "object_repr": "New York-Boston East Coast axis of music", "object_id": "1", "change_message": "Changed body and input_url.", "user": 1, "content_type": 58}}, {"pk": 161, "model": "admin.logentry", "fields": {"action_flag": 2, "action_time": "2011-06-29 16:29:53", "object_repr": "New York-Boston East Coast axis of music", "object_id": "1", "change_message": "Changed body and input_url.", "user": 1, "content_type": 58}}, {"pk": 160, "model": "admin.logentry", "fields": {"action_flag": 2, "action_time": "2011-06-29 16:29:31", "object_repr": "New York-Boston East Coast axis of music", "object_id": "1", "change_message": "Changed body.", "user": 1, "content_type": 58}}, {"pk": 159, "model": "admin.logentry", "fields": {"action_flag": 2, "action_time": "2011-06-29 16:28:24", "object_repr": "New York-Boston East Coast axis of music", "object_id": "1", "change_message": "Changed body and input_url.", "user": 1, "content_type": 58}}, {"pk": 158, "model": "admin.logentry", "fields": {"action_flag": 2, "action_time": "2011-06-29 16:28:05", "object_repr": "New York-Boston East Coast axis of music", "object_id": "1", "change_message": "Changed body.", "user": 1, "content_type": 58}}, {"pk": 157, "model": "admin.logentry", "fields": {"action_flag": 2, "action_time": "2011-06-29 16:25:05", "object_repr": "New York-Boston East Coast axis of music", "object_id": "1", "change_message": "Changed body and input_url.", "user": 1, "content_type": 58}}, {"pk": 156, "model": "admin.logentry", "fields": {"action_flag": 2, "action_time": "2011-06-29 16:22:59", "object_repr": "New York-Boston East Coast axis of music", "object_id": "1", "change_message": "Changed body.", "user": 1, "content_type": 58}}, {"pk": 155, "model": "admin.logentry", "fields": {"action_flag": 2, "action_time": "2011-06-29 16:17:18", "object_repr": "New York-Boston East Coast axis of music", "object_id": "1", "change_message": "Changed body and input_url.", "user": 1, "content_type": 58}}, {"pk": 154, "model": "admin.logentry", "fields": {"action_flag": 2, "action_time": "2011-06-29 16:16:47", "object_repr": "New York-Boston East Coast axis of music", "object_id": "1", "change_message": "Changed body.", "user": 1, "content_type": 58}}, {"pk": 153, "model": "admin.logentry", "fields": {"action_flag": 2, "action_time": "2011-06-29 16:14:38", "object_repr": "New York-Boston East Coast axis of music", "object_id": "1", "change_message": "Changed body and input_url.", "user": 1, "content_type": 58}}, {"pk": 152, "model": "admin.logentry", "fields": {"action_flag": 2, "action_time": "2011-06-29 16:12:05", "object_repr": "New York-Boston East Coast axis of music", "object_id": "1", "change_message": "Changed body and external_url.", "user": 1, "content_type": 58}}, {"pk": 151, "model": "admin.logentry", "fields": {"action_flag": 2, "action_time": "2011-06-29 16:11:40", "object_repr": "New York-Boston East Coast axis of music", "object_id": "1", "change_message": "Changed body and external_url.", "user": 1, "content_type": 58}}, {"pk": 150, "model": "admin.logentry", "fields": {"action_flag": 2, "action_time": "2011-06-29 16:11:29", "object_repr": "New York-Boston East Coast axis of music", "object_id": "1", "change_message": "Changed body and external_url.", "user": 1, "content_type": 58}}, {"pk": 149, "model": "admin.logentry", "fields": {"action_flag": 2, "action_time": "2011-06-29 16:11:11", "object_repr": "New York-Boston East Coast axis of music", "object_id": "1", "change_message": "Changed body.", "user": 1, "content_type": 58}}, {"pk": 148, "model": "admin.logentry", "fields": {"action_flag": 2, "action_time": "2011-06-29 16:10:59", "object_repr": "New York-Boston East Coast axis of music", "object_id": "1", "change_message": "Changed body and external_url.", "user": 1, "content_type": 58}}, {"pk": 147, "model": "admin.logentry", "fields": {"action_flag": 2, "action_time": "2011-06-29 16:10:35", "object_repr": "New York-Boston East Coast axis of music", "object_id": "1", "change_message": "Changed body.", "user": 1, "content_type": 58}}, {"pk": 146, "model": "admin.logentry", "fields": {"action_flag": 2, "action_time": "2011-06-29 15:17:02", "object_repr": "New York-Boston East Coast axis of music", "object_id": "1", "change_message": "Changed body and input_url.", "user": 1, "content_type": 58}}, {"pk": 145, "model": "admin.logentry", "fields": {"action_flag": 2, "action_time": "2011-06-29 15:15:56", "object_repr": "New York-Boston East Coast axis of music", "object_id": "1", "change_message": "Changed body and external_url.", "user": 1, "content_type": 58}}, {"pk": 144, "model": "admin.logentry", "fields": {"action_flag": 2, "action_time": "2011-06-29 15:15:37", "object_repr": "New York-Boston East Coast axis of music", "object_id": "1", "change_message": "Changed body.", "user": 1, "content_type": 58}}, {"pk": 143, "model": "admin.logentry", "fields": {"action_flag": 2, "action_time": "2011-06-29 15:09:34", "object_repr": "New York-Boston East Coast axis of music", "object_id": "1", "change_message": "Changed body.", "user": 1, "content_type": 58}}, {"pk": 142, "model": "admin.logentry", "fields": {"action_flag": 2, "action_time": "2011-06-29 15:08:05", "object_repr": "New York-Boston East Coast axis of music", "object_id": "1", "change_message": "Changed body.", "user": 1, "content_type": 58}}, {"pk": 141, "model": "admin.logentry", "fields": {"action_flag": 2, "action_time": "2011-06-29 14:46:24", "object_repr": "New York-Boston East Coast axis of music", "object_id": "1", "change_message": "Changed body.", "user": 1, "content_type": 58}}, {"pk": 140, "model": "admin.logentry", "fields": {"action_flag": 2, "action_time": "2011-06-29 14:45:35", "object_repr": "New York-Boston East Coast axis of music", "object_id": "1", "change_message": "Changed body, external_url and hosted_by.", "user": 1, "content_type": 58}}, {"pk": 139, "model": "admin.logentry", "fields": {"action_flag": 2, "action_time": "2011-06-29 13:50:40", "object_repr": "New York-Boston East Coast axis of music", "object_id": "1", "change_message": "Changed body.", "user": 1, "content_type": 58}}, {"pk": 138, "model": "admin.logentry", "fields": {"action_flag": 2, "action_time": "2011-06-29 12:48:11", "object_repr": "New York-Boston East Coast axis of music", "object_id": "1", "change_message": "Changed body.", "user": 1, "content_type": 58}}, {"pk": 137, "model": "admin.logentry", "fields": {"action_flag": 2, "action_time": "2011-06-29 12:47:36", "object_repr": "New York-Boston East Coast axis of music", "object_id": "1", "change_message": "Changed body and input_url.", "user": 1, "content_type": 58}}, {"pk": 136, "model": "admin.logentry", "fields": {"action_flag": 2, "action_time": "2011-06-29 12:47:13", "object_repr": "New York-Boston East Coast axis of music", "object_id": "1", "change_message": "Changed body.", "user": 1, "content_type": 58}}, {"pk": 135, "model": "admin.logentry", "fields": {"action_flag": 2, "action_time": "2011-06-29 11:04:46", "object_repr": "New York-Boston East Coast axis of music", "object_id": "1", "change_message": "Changed body and input_url.", "user": 1, "content_type": 58}}, {"pk": 134, "model": "admin.logentry", "fields": {"action_flag": 2, "action_time": "2011-06-29 11:03:41", "object_repr": "New York-Boston East Coast axis of music", "object_id": "1", "change_message": "Changed body and input_url.", "user": 1, "content_type": 58}}, {"pk": 133, "model": "admin.logentry", "fields": {"action_flag": 2, "action_time": "2011-06-29 10:40:45", "object_repr": "New York-Boston East Coast axis of music", "object_id": "1", "change_message": "Changed body and input_url.", "user": 1, "content_type": 58}}, {"pk": 132, "model": "admin.logentry", "fields": {"action_flag": 2, "action_time": "2011-06-29 02:42:14", "object_repr": "New York-Boston East Coast axis of music", "object_id": "1", "change_message": "Changed body and input_url.", "user": 1, "content_type": 58}}, {"pk": 131, "model": "admin.logentry", "fields": {"action_flag": 2, "action_time": "2011-06-29 02:38:02", "object_repr": "New York-Boston East Coast axis of music", "object_id": "1", "change_message": "Changed body and input_url.", "user": 1, "content_type": 58}}, {"pk": 130, "model": "admin.logentry", "fields": {"action_flag": 2, "action_time": "2011-06-29 02:37:03", "object_repr": "New York-Boston East Coast axis of music", "object_id": "1", "change_message": "Changed body and input_url.", "user": 1, "content_type": 58}}, {"pk": 129, "model": "admin.logentry", "fields": {"action_flag": 2, "action_time": "2011-06-29 02:09:59", "object_repr": "New York-Boston East Coast axis of music", "object_id": "1", "change_message": "Changed body.", "user": 1, "content_type": 58}}, {"pk": 128, "model": "admin.logentry", "fields": {"action_flag": 2, "action_time": "2011-06-29 02:08:00", "object_repr": "New York-Boston East Coast axis of music", "object_id": "1", "change_message": "Changed body and input_url.", "user": 1, "content_type": 58}}, {"pk": 127, "model": "admin.logentry", "fields": {"action_flag": 2, "action_time": "2011-06-29 02:07:26", "object_repr": "New York-Boston East Coast axis of music", "object_id": "1", "change_message": "Changed body.", "user": 1, "content_type": 58}}, {"pk": 126, "model": "admin.logentry", "fields": {"action_flag": 2, "action_time": "2011-06-29 01:45:56", "object_repr": "New York-Boston East Coast axis of music", "object_id": "1", "change_message": "Changed body and input_url.", "user": 1, "content_type": 58}}, {"pk": 125, "model": "admin.logentry", "fields": {"action_flag": 2, "action_time": "2011-06-29 00:08:46", "object_repr": "New York-Boston East Coast axis of music", "object_id": "1", "change_message": "Changed body.", "user": 1, "content_type": 58}}, {"pk": 124, "model": "admin.logentry", "fields": {"action_flag": 2, "action_time": "2011-06-28 23:53:51", "object_repr": "New York-Boston East Coast axis of music", "object_id": "1", "change_message": "Changed body, external_url and input_url.", "user": 1, "content_type": 58}}, {"pk": 123, "model": "admin.logentry", "fields": {"action_flag": 2, "action_time": "2011-06-28 23:53:23", "object_repr": "New York-Boston East Coast axis of music", "object_id": "1", "change_message": "Changed body and external_url.", "user": 1, "content_type": 58}}, {"pk": 122, "model": "admin.logentry", "fields": {"action_flag": 2, "action_time": "2011-06-28 23:30:08", "object_repr": "l003.medcn.uwcm.ac.uk:8000", "object_id": "1", "change_message": "Changed domain and name.", "user": 1, "content_type": 43}}, {"pk": 121, "model": "admin.logentry", "fields": {"action_flag": 2, "action_time": "2011-06-28 23:29:42", "object_repr": "http://l003.medcn.uwcm.ac.uk:8000", "object_id": "1", "change_message": "Changed domain and name.", "user": 1, "content_type": 43}}, {"pk": 120, "model": "admin.logentry", "fields": {"action_flag": 2, "action_time": "2011-06-28 23:28:58", "object_repr": "localhost", "object_id": "1", "change_message": "Changed domain and name.", "user": 1, "content_type": 43}}, {"pk": 119, "model": "admin.logentry", "fields": {"action_flag": 2, "action_time": "2011-06-28 23:28:12", "object_repr": "New York-Boston East Coast axis of music", "object_id": "1", "change_message": "Changed body and external_url.", "user": 1, "content_type": 58}}, {"pk": 118, "model": "admin.logentry", "fields": {"action_flag": 2, "action_time": "2011-06-28 16:08:14", "object_repr": "New York-Boston East Coast axis of music", "object_id": "1", "change_message": "Changed body.", "user": 1, "content_type": 58}}, {"pk": 117, "model": "admin.logentry", "fields": {"action_flag": 2, "action_time": "2011-06-28 16:08:08", "object_repr": "New York-Boston East Coast axis of music", "object_id": "1", "change_message": "Changed body.", "user": 1, "content_type": 58}}, {"pk": 116, "model": "admin.logentry", "fields": {"action_flag": 2, "action_time": "2011-06-28 16:05:43", "object_repr": "New York-Boston East Coast axis of music", "object_id": "1", "change_message": "Changed short_title and body.", "user": 1, "content_type": 58}}, {"pk": 115, "model": "admin.logentry", "fields": {"action_flag": 2, "action_time": "2011-06-28 16:05:19", "object_repr": "New York-Boston East Coast axis of music", "object_id": "1", "change_message": "Changed body.", "user": 1, "content_type": 58}}, {"pk": 114, "model": "admin.logentry", "fields": {"action_flag": 2, "action_time": "2011-06-27 18:17:16", "object_repr": "New York-Boston East Coast axis of music", "object_id": "1", "change_message": "Changed body.", "user": 1, "content_type": 58}}, {"pk": 113, "model": "admin.logentry", "fields": {"action_flag": 2, "action_time": "2011-06-27 17:22:52", "object_repr": "New York-Boston East Coast axis of music", "object_id": "1", "change_message": "Changed title, body and external_url.", "user": 1, "content_type": 58}}, {"pk": 112, "model": "admin.logentry", "fields": {"action_flag": 2, "action_time": "2011-06-27 16:24:44", "object_repr": "Test article", "object_id": "1", "change_message": "Changed body.", "user": 1, "content_type": 58}}, {"pk": 111, "model": "admin.logentry", "fields": {"action_flag": 2, "action_time": "2011-06-27 16:23:48", "object_repr": "Test article", "object_id": "1", "change_message": "Changed body.", "user": 1, "content_type": 58}}, {"pk": 110, "model": "admin.logentry", "fields": {"action_flag": 2, "action_time": "2011-06-27 16:23:27", "object_repr": "Test article", "object_id": "1", "change_message": "Changed body.", "user": 1, "content_type": 58}}, {"pk": 109, "model": "admin.logentry", "fields": {"action_flag": 2, "action_time": "2011-06-27 16:21:09", "object_repr": "Test article", "object_id": "1", "change_message": "Changed body.", "user": 1, "content_type": 58}}, {"pk": 108, "model": "admin.logentry", "fields": {"action_flag": 2, "action_time": "2011-06-27 16:15:37", "object_repr": "Test article", "object_id": "1", "change_message": "Changed body.", "user": 1, "content_type": 58}}, {"pk": 107, "model": "admin.logentry", "fields": {"action_flag": 2, "action_time": "2011-06-27 16:15:33", "object_repr": "Test article", "object_id": "1", "change_message": "Changed body.", "user": 1, "content_type": 58}}, {"pk": 106, "model": "admin.logentry", "fields": {"action_flag": 2, "action_time": "2011-06-27 16:09:12", "object_repr": "Test article", "object_id": "1", "change_message": "Changed body.", "user": 1, "content_type": 58}}, {"pk": 105, "model": "admin.logentry", "fields": {"action_flag": 2, "action_time": "2011-06-27 16:07:11", "object_repr": "Test article", "object_id": "1", "change_message": "Changed body.", "user": 1, "content_type": 58}}, {"pk": 104, "model": "admin.logentry", "fields": {"action_flag": 2, "action_time": "2011-06-27 16:06:40", "object_repr": "Test article", "object_id": "1", "change_message": "Changed body.", "user": 1, "content_type": 58}}, {"pk": 103, "model": "admin.logentry", "fields": {"action_flag": 2, "action_time": "2011-06-27 16:06:05", "object_repr": "Test article", "object_id": "1", "change_message": "Changed body.", "user": 1, "content_type": 58}}, {"pk": 102, "model": "admin.logentry", "fields": {"action_flag": 2, "action_time": "2011-06-27 16:03:19", "object_repr": "Test article", "object_id": "1", "change_message": "Changed body.", "user": 1, "content_type": 58}}, {"pk": 101, "model": "admin.logentry", "fields": {"action_flag": 2, "action_time": "2011-06-27 16:02:44", "object_repr": "Test article", "object_id": "1", "change_message": "Changed body.", "user": 1, "content_type": 58}}, {"pk": 100, "model": "admin.logentry", "fields": {"action_flag": 2, "action_time": "2011-06-27 15:59:31", "object_repr": "Test article", "object_id": "1", "change_message": "Changed body.", "user": 1, "content_type": 58}}, {"pk": 99, "model": "admin.logentry", "fields": {"action_flag": 2, "action_time": "2011-06-27 15:55:53", "object_repr": "Test article", "object_id": "1", "change_message": "Changed body.", "user": 1, "content_type": 58}}, {"pk": 98, "model": "admin.logentry", "fields": {"action_flag": 2, "action_time": "2011-06-27 15:52:48", "object_repr": "Test article", "object_id": "1", "change_message": "Changed body.", "user": 1, "content_type": 58}}, {"pk": 97, "model": "admin.logentry", "fields": {"action_flag": 2, "action_time": "2011-06-27 15:11:24", "object_repr": "Test article", "object_id": "1", "change_message": "Changed body and input_url.", "user": 1, "content_type": 58}}, {"pk": 96, "model": "admin.logentry", "fields": {"action_flag": 2, "action_time": "2011-06-27 15:04:45", "object_repr": "Test article", "object_id": "1", "change_message": "Changed title and body.", "user": 1, "content_type": 58}}, {"pk": 95, "model": "admin.logentry", "fields": {"action_flag": 2, "action_time": "2011-06-27 15:04:22", "object_repr": "New York-Boston East Coast axis of music", "object_id": "1", "change_message": "Changed body.", "user": 1, "content_type": 58}}, {"pk": 94, "model": "admin.logentry", "fields": {"action_flag": 2, "action_time": "2011-06-27 14:28:51", "object_repr": "New York-Boston East Coast axis of music", "object_id": "1", "change_message": "Changed body.", "user": 1, "content_type": 58}}, {"pk": 93, "model": "admin.logentry", "fields": {"action_flag": 2, "action_time": "2011-06-27 14:20:39", "object_repr": "New York-Boston East Coast axis of music", "object_id": "1", "change_message": "Changed body.", "user": 1, "content_type": 58}}, {"pk": 92, "model": "admin.logentry", "fields": {"action_flag": 2, "action_time": "2011-06-27 13:35:41", "object_repr": "New York-Boston East Coast axis of music", "object_id": "1", "change_message": "Changed body.", "user": 1, "content_type": 58}}, {"pk": 91, "model": "admin.logentry", "fields": {"action_flag": 2, "action_time": "2011-06-27 13:35:05", "object_repr": "New York-Boston East Coast axis of music", "object_id": "1", "change_message": "Changed body.", "user": 1, "content_type": 58}}, {"pk": 90, "model": "admin.logentry", "fields": {"action_flag": 2, "action_time": "2011-06-27 13:34:23", "object_repr": "New York-Boston East Coast axis of music", "object_id": "1", "change_message": "Changed body.", "user": 1, "content_type": 58}}, {"pk": 89, "model": "admin.logentry", "fields": {"action_flag": 2, "action_time": "2011-06-27 13:33:24", "object_repr": "New York-Boston East Coast axis of music", "object_id": "1", "change_message": "Changed body.", "user": 1, "content_type": 58}}, {"pk": 88, "model": "admin.logentry", "fields": {"action_flag": 2, "action_time": "2011-06-27 13:19:34", "object_repr": "New York-Boston East Coast axis of music", "object_id": "1", "change_message": "Changed body.", "user": 1, "content_type": 58}}, {"pk": 87, "model": "admin.logentry", "fields": {"action_flag": 2, "action_time": "2011-06-27 13:08:52", "object_repr": "New York-Boston East Coast axis of music", "object_id": "1", "change_message": "Changed body.", "user": 1, "content_type": 58}}, {"pk": 86, "model": "admin.logentry", "fields": {"action_flag": 2, "action_time": "2011-06-27 12:52:44", "object_repr": "New York-Boston East Coast axis of music", "object_id": "1", "change_message": "Changed body and input_url.", "user": 1, "content_type": 58}}, {"pk": 85, "model": "admin.logentry", "fields": {"action_flag": 2, "action_time": "2011-06-27 10:33:42", "object_repr": "Ernie Brooks", "object_id": "10", "change_message": "Changed description and input_url.", "user": 1, "content_type": 52}}, {"pk": 84, "model": "admin.logentry", "fields": {"action_flag": 2, "action_time": "2011-06-27 10:33:27", "object_repr": "Ernie Brooks", "object_id": "10", "change_message": "Changed description.", "user": 1, "content_type": 52}}, {"pk": 83, "model": "admin.logentry", "fields": {"action_flag": 2, "action_time": "2011-06-26 23:38:03", "object_repr": "John Cale", "object_id": "3", "change_message": "Changed description.", "user": 1, "content_type": 52}}, {"pk": 82, "model": "admin.logentry", "fields": {"action_flag": 2, "action_time": "2011-06-26 23:32:40", "object_repr": "John Cale", "object_id": "3", "change_message": "Changed description and input_url.", "user": 1, "content_type": 52}}, {"pk": 81, "model": "admin.logentry", "fields": {"action_flag": 2, "action_time": "2011-06-26 23:31:41", "object_repr": "New York-Boston East Coast axis of music", "object_id": "1", "change_message": "Changed body, external_url and input_url.", "user": 1, "content_type": 58}}, {"pk": 80, "model": "admin.logentry", "fields": {"action_flag": 1, "action_time": "2011-06-26 22:05:41", "object_repr": "New York-Boston East Coast axis of music", "object_id": "1", "change_message": "", "user": 1, "content_type": 58}}, {"pk": 79, "model": "admin.logentry", "fields": {"action_flag": 2, "action_time": "2011-06-26 22:04:05", "object_repr": "Ernie Brooks", "object_id": "10", "change_message": "Changed description and input_url.", "user": 1, "content_type": 52}}, {"pk": 78, "model": "admin.logentry", "fields": {"action_flag": 1, "action_time": "2011-06-26 22:01:13", "object_repr": "BBC", "object_id": "11", "change_message": "", "user": 1, "content_type": 49}}, {"pk": 77, "model": "admin.logentry", "fields": {"action_flag": 2, "action_time": "2011-06-26 22:00:40", "object_repr": "Fight Club", "object_id": "1", "change_message": "No fields changed.", "user": 1, "content_type": 49}}, {"pk": 76, "model": "admin.logentry", "fields": {"action_flag": 2, "action_time": "2011-06-26 22:00:29", "object_repr": "Fight Club", "object_id": "1", "change_message": "No fields changed.", "user": 1, "content_type": 49}}, {"pk": 75, "model": "admin.logentry", "fields": {"action_flag": 2, "action_time": "2011-06-23 16:04:10", "object_repr": "New York-Boston East Coast axis of music", "object_id": "1", "change_message": "Changed menu_title and moderator_state.", "user": 1, "content_type": 3}}, {"pk": 74, "model": "admin.logentry", "fields": {"action_flag": 2, "action_time": "2011-06-23 00:42:24", "object_repr": "Fight club", "object_id": "1", "change_message": "Changed title, slug, meta_description and moderator_state.", "user": 1, "content_type": 3}}, {"pk": 73, "model": "admin.logentry", "fields": {"action_flag": 2, "action_time": "2011-06-22 11:03:32", "object_repr": "The Cars", "object_id": "9", "change_message": "Changed role for membership \"Singer & guitar player\".", "user": 1, "content_type": 49}}, {"pk": 72, "model": "admin.logentry", "fields": {"action_flag": 2, "action_time": "2011-06-22 10:15:51", "object_repr": "New York: The Factory", "object_id": "2", "change_message": "Changed description, getting_here, access_and_parking, latitude and longitude.", "user": 1, "content_type": 46}}, {"pk": 71, "model": "admin.logentry", "fields": {"action_flag": 2, "action_time": "2011-06-22 10:14:38", "object_repr": "New York: The Factory", "object_id": "2", "change_message": "Changed description, getting_here, access_and_parking, latitude and longitude.", "user": 1, "content_type": 46}}, {"pk": 70, "model": "admin.logentry", "fields": {"action_flag": 2, "action_time": "2011-06-22 10:09:19", "object_repr": "New York: The Factory", "object_id": "2", "change_message": "Changed description, getting_here, access_and_parking and map.", "user": 1, "content_type": 46}}, {"pk": 69, "model": "admin.logentry", "fields": {"action_flag": 2, "action_time": "2011-06-22 10:09:15", "object_repr": "New York: The Factory", "object_id": "2", "change_message": "Changed description, getting_here, access_and_parking, latitude and longitude.", "user": 1, "content_type": 46}}, {"pk": 68, "model": "admin.logentry", "fields": {"action_flag": 1, "action_time": "2011-06-22 10:08:42", "object_repr": "New York: CBGB", "object_id": "3", "change_message": "", "user": 1, "content_type": 46}}, {"pk": 67, "model": "admin.logentry", "fields": {"action_flag": 2, "action_time": "2011-06-22 08:13:55", "object_repr": "The Cars", "object_id": "9", "change_message": "Changed importance_to_entity for membership \"Guitar player\".", "user": 1, "content_type": 49}}, {"pk": 66, "model": "admin.logentry", "fields": {"action_flag": 1, "action_time": "2011-06-22 08:12:54", "object_repr": "Elliott Easton", "object_id": "14", "change_message": "", "user": 1, "content_type": 52}}, {"pk": 65, "model": "admin.logentry", "fields": {"action_flag": 2, "action_time": "2011-06-22 08:10:34", "object_repr": "The Cars", "object_id": "9", "change_message": "Changed importance_to_entity for membership \"Keyboard player\".", "user": 1, "content_type": 49}}, {"pk": 64, "model": "admin.logentry", "fields": {"action_flag": 2, "action_time": "2011-06-22 08:10:26", "object_repr": "The Cars", "object_id": "9", "change_message": "Changed importance_to_entity for membership \"Bass guitar player\". Deleted membership \"\".", "user": 1, "content_type": 49}}, {"pk": 63, "model": "admin.logentry", "fields": {"action_flag": 1, "action_time": "2011-06-22 08:10:23", "object_repr": "Greg Hawkes", "object_id": "13", "change_message": "", "user": 1, "content_type": 52}}, {"pk": 62, "model": "admin.logentry", "fields": {"action_flag": 2, "action_time": "2011-06-22 08:09:28", "object_repr": "The Cars", "object_id": "9", "change_message": "Added membership \"Drummer\". Added membership \"SInger & guitar player\". Added membership \"\".", "user": 1, "content_type": 49}}, {"pk": 61, "model": "admin.logentry", "fields": {"action_flag": 1, "action_time": "2011-06-22 08:09:23", "object_repr": "Benjamin Orr", "object_id": "12", "change_message": "", "user": 1, "content_type": 52}}, {"pk": 60, "model": "admin.logentry", "fields": {"action_flag": 1, "action_time": "2011-06-22 08:08:38", "object_repr": "Rick Ocasek", "object_id": "11", "change_message": "", "user": 1, "content_type": 52}}, {"pk": 59, "model": "admin.logentry", "fields": {"action_flag": 2, "action_time": "2011-06-22 08:07:59", "object_repr": "The Modern Lovers", "object_id": "7", "change_message": "Changed importance_to_entity for membership \"Bass guitar player\".", "user": 1, "content_type": 49}}, {"pk": 58, "model": "admin.logentry", "fields": {"action_flag": 1, "action_time": "2011-06-22 08:07:37", "object_repr": "Ernie Brooks", "object_id": "10", "change_message": "", "user": 1, "content_type": 52}}, {"pk": 57, "model": "admin.logentry", "fields": {"action_flag": 2, "action_time": "2011-06-22 08:06:00", "object_repr": "Talking Heads", "object_id": "10", "change_message": "Changed auto_news_page and auto_contacts_page.", "user": 1, "content_type": 49}}, {"pk": 56, "model": "admin.logentry", "fields": {"action_flag": 2, "action_time": "2011-06-22 08:05:51", "object_repr": "The Cars", "object_id": "9", "change_message": "Changed auto_news_page and auto_contacts_page.", "user": 1, "content_type": 49}}, {"pk": 55, "model": "admin.logentry", "fields": {"action_flag": 2, "action_time": "2011-06-22 08:05:39", "object_repr": "The Modern Lovers", "object_id": "7", "change_message": "Changed auto_news_page and auto_contacts_page.", "user": 1, "content_type": 49}}, {"pk": 54, "model": "admin.logentry", "fields": {"action_flag": 2, "action_time": "2011-06-22 08:05:29", "object_repr": "The Velvet Underground", "object_id": "2", "change_message": "No fields changed.", "user": 1, "content_type": 49}}, {"pk": 53, "model": "admin.logentry", "fields": {"action_flag": 1, "action_time": "2011-06-22 08:05:13", "object_repr": "Talking Heads", "object_id": "10", "change_message": "", "user": 1, "content_type": 49}}, {"pk": 52, "model": "admin.logentry", "fields": {"action_flag": 1, "action_time": "2011-06-22 08:04:51", "object_repr": "The Cars", "object_id": "9", "change_message": "", "user": 1, "content_type": 49}}, {"pk": 51, "model": "admin.logentry", "fields": {"action_flag": 2, "action_time": "2011-06-22 08:04:24", "object_repr": "The Modern Lovers", "object_id": "7", "change_message": "Changed website.", "user": 1, "content_type": 49}}, {"pk": 50, "model": "admin.logentry", "fields": {"action_flag": 1, "action_time": "2011-06-22 08:03:52", "object_repr": "Talking Heads", "object_id": "6", "change_message": "", "user": 1, "content_type": 3}}, {"pk": 49, "model": "admin.logentry", "fields": {"action_flag": 1, "action_time": "2011-06-22 08:03:22", "object_repr": "Galaxie 500", "object_id": "5", "change_message": "", "user": 1, "content_type": 3}}, {"pk": 48, "model": "admin.logentry", "fields": {"action_flag": 1, "action_time": "2011-06-22 08:03:12", "object_repr": "The Cars", "object_id": "4", "change_message": "", "user": 1, "content_type": 3}}, {"pk": 47, "model": "admin.logentry", "fields": {"action_flag": 1, "action_time": "2011-06-22 08:02:56", "object_repr": "The Modern Lovers", "object_id": "3", "change_message": "", "user": 1, "content_type": 3}}, {"pk": 46, "model": "admin.logentry", "fields": {"action_flag": 2, "action_time": "2011-06-22 00:21:18", "object_repr": "The Modern Lovers", "object_id": "7", "change_message": "Changed importance_to_entity for membership \"Drummer\".", "user": 1, "content_type": 49}}, {"pk": 45, "model": "admin.logentry", "fields": {"action_flag": 1, "action_time": "2011-06-22 00:21:07", "object_repr": "David Robinson", "object_id": "9", "change_message": "", "user": 1, "content_type": 52}}, {"pk": 44, "model": "admin.logentry", "fields": {"action_flag": 2, "action_time": "2011-06-22 00:20:12", "object_repr": "The Modern Lovers", "object_id": "7", "change_message": "Changed role and importance_to_entity for membership \"Keyboard & guitar player\". Deleted membership \"\".", "user": 1, "content_type": 49}}, {"pk": 43, "model": "admin.logentry", "fields": {"action_flag": 2, "action_time": "2011-06-22 00:19:51", "object_repr": "The Modern Lovers", "object_id": "7", "change_message": "Added membership \"Singer & guitar player\". Added membership \"\".", "user": 1, "content_type": 49}}, {"pk": 42, "model": "admin.logentry", "fields": {"action_flag": 1, "action_time": "2011-06-22 00:19:46", "object_repr": "Jerry Harrison", "object_id": "8", "change_message": "", "user": 1, "content_type": 52}}, {"pk": 41, "model": "admin.logentry", "fields": {"action_flag": 2, "action_time": "2011-06-22 00:18:13", "object_repr": "The Velvet Underground", "object_id": "2", "change_message": "Changed importance_to_entity for membership \"Guitarist\". Changed importance_to_entity for membership \"Drummer\".", "user": 1, "content_type": 49}}, {"pk": 40, "model": "admin.logentry", "fields": {"action_flag": 1, "action_time": "2011-06-22 00:17:45", "object_repr": "Mo Tucker", "object_id": "7", "change_message": "", "user": 1, "content_type": 52}}, {"pk": 39, "model": "admin.logentry", "fields": {"action_flag": 2, "action_time": "2011-06-22 00:15:01", "object_repr": "Nico", "object_id": "4", "change_message": "Changed description.", "user": 1, "content_type": 52}}, {"pk": 38, "model": "admin.logentry", "fields": {"action_flag": 2, "action_time": "2011-06-22 00:14:36", "object_repr": "Singers", "object_id": "8", "change_message": "Deleted membership \"\".", "user": 1, "content_type": 49}}, {"pk": 37, "model": "admin.logentry", "fields": {"action_flag": 2, "action_time": "2011-06-22 00:14:02", "object_repr": "Singers", "object_id": "8", "change_message": "Added membership \"\". Added membership \"\". Added membership \"\".", "user": 1, "content_type": 49}}, {"pk": 36, "model": "admin.logentry", "fields": {"action_flag": 1, "action_time": "2011-06-22 00:13:53", "object_repr": "Sterling Morrison", "object_id": "6", "change_message": "", "user": 1, "content_type": 52}}, {"pk": 35, "model": "admin.logentry", "fields": {"action_flag": 1, "action_time": "2011-06-22 00:13:21", "object_repr": "Jonathan Richman", "object_id": "5", "change_message": "", "user": 1, "content_type": 52}}, {"pk": 34, "model": "admin.logentry", "fields": {"action_flag": 2, "action_time": "2011-06-22 00:07:59", "object_repr": "Nico", "object_id": "4", "change_message": "Changed description. Changed importance_to_person for membership \"Chanteuse\".", "user": 1, "content_type": 52}}, {"pk": 33, "model": "admin.logentry", "fields": {"action_flag": 2, "action_time": "2011-06-22 00:06:48", "object_repr": "Nico", "object_id": "4", "change_message": "Changed description. Changed importance_to_person for membership \"Chanteuse\".", "user": 1, "content_type": 52}}, {"pk": 32, "model": "admin.logentry", "fields": {"action_flag": 2, "action_time": "2011-06-22 00:06:34", "object_repr": "Nico", "object_id": "4", "change_message": "Changed description. Changed importance_to_person for membership \"Chanteuse\".", "user": 1, "content_type": 52}}, {"pk": 31, "model": "admin.logentry", "fields": {"action_flag": 2, "action_time": "2011-06-21 19:45:52", "object_repr": "Musicians", "object_id": "5", "change_message": "Changed abstract_entity.", "user": 1, "content_type": 49}}, {"pk": 30, "model": "admin.logentry", "fields": {"action_flag": 2, "action_time": "2011-06-21 19:45:08", "object_repr": "Nico", "object_id": "4", "change_message": "Changed description and override_entity.", "user": 1, "content_type": 52}}, {"pk": 29, "model": "admin.logentry", "fields": {"action_flag": 2, "action_time": "2011-06-21 19:43:43", "object_repr": "Nico", "object_id": "4", "change_message": "Changed description. Added membership \"\".", "user": 1, "content_type": 52}}, {"pk": 28, "model": "admin.logentry", "fields": {"action_flag": 1, "action_time": "2011-06-21 19:43:34", "object_repr": "Singers", "object_id": "8", "change_message": "", "user": 1, "content_type": 49}}, {"pk": 27, "model": "admin.logentry", "fields": {"action_flag": 2, "action_time": "2011-06-21 19:42:24", "object_repr": "Nico", "object_id": "4", "change_message": "Changed description. Changed importance_to_person for membership \"Chanteuse\".", "user": 1, "content_type": 52}}, {"pk": 26, "model": "admin.logentry", "fields": {"action_flag": 2, "action_time": "2011-06-21 19:42:15", "object_repr": "Nico", "object_id": "4", "change_message": "Changed description. Changed importance_to_person for membership \"Chanteuse\".", "user": 1, "content_type": 52}}, {"pk": 25, "model": "admin.logentry", "fields": {"action_flag": 2, "action_time": "2011-06-21 17:38:55", "object_repr": "The Velvet Underground", "object_id": "2", "change_message": "Changed importance_to_entity for membership \"Viola/bass guitar player\". Changed importance_to_entity for membership \"Chanteuse\". Changed importance_to_entity for membership \"Singer & guitarist\".", "user": 1, "content_type": 49}}, {"pk": 24, "model": "admin.logentry", "fields": {"action_flag": 1, "action_time": "2011-06-21 17:35:20", "object_repr": "Nico", "object_id": "4", "change_message": "", "user": 1, "content_type": 52}}, {"pk": 23, "model": "admin.logentry", "fields": {"action_flag": 2, "action_time": "2011-06-21 17:34:56", "object_repr": "John Cale", "object_id": "3", "change_message": "Changed description. Added membership \"Viola/bass guitar player\".", "user": 1, "content_type": 52}}, {"pk": 22, "model": "admin.logentry", "fields": {"action_flag": 1, "action_time": "2011-06-21 17:34:02", "object_repr": "John Cale", "object_id": "3", "change_message": "", "user": 1, "content_type": 52}}, {"pk": 21, "model": "admin.logentry", "fields": {"action_flag": 1, "action_time": "2011-06-21 17:33:00", "object_repr": "The Modern Lovers", "object_id": "7", "change_message": "", "user": 1, "content_type": 49}}, {"pk": 20, "model": "admin.logentry", "fields": {"action_flag": 2, "action_time": "2011-06-21 17:32:22", "object_repr": "Bands", "object_id": "6", "change_message": "No fields changed.", "user": 1, "content_type": 49}}, {"pk": 19, "model": "admin.logentry", "fields": {"action_flag": 1, "action_time": "2011-06-21 17:32:19", "object_repr": "Bands", "object_id": "6", "change_message": "", "user": 1, "content_type": 49}}, {"pk": 18, "model": "admin.logentry", "fields": {"action_flag": 1, "action_time": "2011-06-21 17:31:50", "object_repr": "Musicians", "object_id": "5", "change_message": "", "user": 1, "content_type": 49}}, {"pk": 17, "model": "admin.logentry", "fields": {"action_flag": 1, "action_time": "2011-06-21 17:31:17", "object_repr": "Drummers", "object_id": "4", "change_message": "", "user": 1, "content_type": 49}}, {"pk": 16, "model": "admin.logentry", "fields": {"action_flag": 1, "action_time": "2011-06-21 17:30:59", "object_repr": "Guitarists", "object_id": "3", "change_message": "", "user": 1, "content_type": 49}}, {"pk": 15, "model": "admin.logentry", "fields": {"action_flag": 2, "action_time": "2011-06-21 16:35:51", "object_repr": "The Velvet Underground", "object_id": "2", "change_message": "Changed published, in_navigation and moderator_state.", "user": 1, "content_type": 3}}, {"pk": 14, "model": "admin.logentry", "fields": {"action_flag": 1, "action_time": "2011-06-21 16:35:36", "object_repr": "Lou Reed", "object_id": "2", "change_message": "", "user": 1, "content_type": 52}}, {"pk": 13, "model": "admin.logentry", "fields": {"action_flag": 1, "action_time": "2011-06-21 16:35:08", "object_repr": "The Velvet Underground", "object_id": "2", "change_message": "", "user": 1, "content_type": 49}}, {"pk": 12, "model": "admin.logentry", "fields": {"action_flag": 1, "action_time": "2011-06-21 16:33:32", "object_repr": "The Velvet Underground", "object_id": "2", "change_message": "", "user": 1, "content_type": 3}}, {"pk": 11, "model": "admin.logentry", "fields": {"action_flag": 1, "action_time": "2011-06-21 16:32:56", "object_repr": "New York: The Factory", "object_id": "2", "change_message": "", "user": 1, "content_type": 46}}, {"pk": 10, "model": "admin.logentry", "fields": {"action_flag": 1, "action_time": "2011-06-21 16:30:05", "object_repr": "New York", "object_id": "2", "change_message": "", "user": 1, "content_type": 45}}, {"pk": 9, "model": "admin.logentry", "fields": {"action_flag": 2, "action_time": "2011-06-21 16:28:12", "object_repr": "Fight Club", "object_id": "1", "change_message": "No fields changed.", "user": 1, "content_type": 49}}, {"pk": 8, "model": "admin.logentry", "fields": {"action_flag": 2, "action_time": "2011-06-21 16:10:29", "object_repr": "Fight Club", "object_id": "1", "change_message": "Changed building.", "user": 1, "content_type": 49}}, {"pk": 7, "model": "admin.logentry", "fields": {"action_flag": 1, "action_time": "2011-06-21 16:10:01", "object_repr": "Site!: Fight Club", "object_id": "1", "change_message": "", "user": 1, "content_type": 46}}, {"pk": 6, "model": "admin.logentry", "fields": {"action_flag": 1, "action_time": "2011-06-21 16:09:47", "object_repr": "Site!", "object_id": "1", "change_message": "", "user": 1, "content_type": 45}}, {"pk": 5, "model": "admin.logentry", "fields": {"action_flag": 1, "action_time": "2011-06-21 16:08:34", "object_repr": "Sarah Harries", "object_id": "1", "change_message": "", "user": 1, "content_type": 52}}, {"pk": 4, "model": "admin.logentry", "fields": {"action_flag": 1, "action_time": "2011-06-21 16:07:47", "object_repr": "Fight Club", "object_id": "1", "change_message": "", "user": 1, "content_type": 49}}, {"pk": 3, "model": "admin.logentry", "fields": {"action_flag": 2, "action_time": "2011-06-21 16:07:16", "object_repr": "Fight club", "object_id": "1", "change_message": "Changed moderator_state.", "user": 1, "content_type": 3}}, {"pk": 2, "model": "admin.logentry", "fields": {"action_flag": 2, "action_time": "2011-06-21 16:05:44", "object_repr": "Fight club", "object_id": "1", "change_message": "Changed meta_description, published, in_navigation and moderator_state.", "user": 1, "content_type": 3}}, {"pk": 1, "model": "admin.logentry", "fields": {"action_flag": 1, "action_time": "2011-06-21 16:04:48", "object_repr": "Fight club", "object_id": "1", "change_message": "", "user": 1, "content_type": 3}}, {"pk": 1, "model": "contacts_and_people.site", "fields": {"post_town": "gstsysg", "country": "UK", "site_name": "Site!", "description": ""}}, {"pk": 2, "model": "contacts_and_people.site", "fields": {"post_town": "New York", "country": "USA", "site_name": "New York", "description": ""}}, {"pk": 3, "model": "contacts_and_people.building", "fields": {"map": true, "zoom": 17, "name": "CBGB", "image": null, "additional_street_address": "", "getting_here": 43, "site": 2, "longitude": -74.005972999999997, "number": "", "street": "", "postcode": "", "access_and_parking": 44, "latitude": 40.714353000000003, "summary": "Hilly Kristal's legendary dive-bar music club, the spiritual home of New York's punk and new wave movements", "slug": "new-york-cbgb", "description": 42}}, {"pk": 2, "model": "contacts_and_people.building", "fields": {"map": true, "zoom": 17, "name": "The Galen Building", "image": null, "additional_street_address": "Manhattan", "getting_here": 17, "site": 2, "longitude": -73.970731999999998, "number": "231", "street": "East 47th Street", "postcode": "", "access_and_parking": 18, "latitude": 40.753414999999997, "summary": "The Galen Building is home to the Institute for the Promotion of Mediaeval Medicine as well as a number of other research-related institutions", "slug": "new-york-galen-building", "description": 16}}, {"pk": 1, "model": "contacts_and_people.building", "fields": {"map": false, "zoom": 17, "name": "Dentistry Tower", "image": null, "additional_street_address": null, "getting_here": 11, "site": 2, "longitude": 0.0, "number": "", "street": "Fake Street", "postcode": "", "access_and_parking": 12, "latitude": 0.0, "summary": "The newly-opened state-of-the-art facility for the Centre for Research into Mediaeval Dentistry", "slug": "new-york-dentistry-tower", "description": 10}}, {"pk": 1, "model": "contacts_and_people.phonecontact", "fields": {"country_code": "44", "area_code": "029", "number": "2074 3199", "object_id": 1, "label": "Fax", "content_type": 52, "internal_extension": "4321"}}, {"pk": 2, "model": "contacts_and_people.phonecontact", "fields": {"country_code": "44", "area_code": "029", "number": "2074 3949", "object_id": 1, "label": "Office", "content_type": 52, "internal_extension": "2144"}}, {"pk": 3, "model": "contacts_and_people.phonecontact", "fields": {"country_code": "44", "area_code": "029", "number": "2074 2020", "object_id": 1, "label": "Office", "content_type": 52, "internal_extension": "2020"}}, {"pk": 1, "model": "contacts_and_people.entitylite", "fields": {"name": "Institute of Mediaeval Medicine"}}, {"pk": 2, "model": "contacts_and_people.entitylite", "fields": {"name": "Centre for Research into Mediaeval Dentistry"}}, {"pk": 6, "model": "contacts_and_people.entitylite", "fields": {"name": "Research Centres"}}, {"pk": 7, "model": "contacts_and_people.entitylite", "fields": {"name": "Centre for Research into Mediaeval Surgery"}}, {"pk": 9, "model": "contacts_and_people.entitylite", "fields": {"name": "Bad Air Research Centre"}}, {"pk": 11, "model": "contacts_and_people.entitylite", "fields": {"name": "BBC"}}, {"pk": 12, "model": "contacts_and_people.entitylite", "fields": {"name": "Dark Ages Society"}}, {"pk": 13, "model": "contacts_and_people.entitylite", "fields": {"name": "Evil Eye Research Project"}}, {"pk": 1, "model": "contacts_and_people.entity", "fields": {"rght": 12, "image": null, "lft": 1, "short_name": "Institute of Mediaeval Medicine", "access_note": "", "auto_news_page": true, "tree_id": 1, "news_page_menu_title": "News & events", "email": "", "website": 1, "parent": null, "display_parent": true, "auto_vacancies_page": true, "slug": "institute-mediaevel-medicine", "building": 1, "auto_contacts_page": true, "precise_location": "", "url": "", "level": 0, "vacancies_page_menu_title": "Jobs", "abstract_entity": false, "contacts_page_menu_title": "Contact", "external_url": null}}, {"pk": 6, "model": "contacts_and_people.entity", "fields": {"rght": 11, "image": null, "lft": 2, "short_name": "Research Centres", "access_note": "", "auto_news_page": false, "tree_id": 1, "news_page_menu_title": "News & events", "email": "", "website": null, "parent": 1, "display_parent": true, "auto_vacancies_page": false, "slug": "research-centres", "building": null, "auto_contacts_page": false, "precise_location": "", "url": "", "level": 1, "vacancies_page_menu_title": "Vacancies & studentships", "abstract_entity": true, "contacts_page_menu_title": "Contacts & people", "external_url": null}}, {"pk": 2, "model": "contacts_and_people.entity", "fields": {"rght": 4, "image": null, "lft": 3, "short_name": "Mediaeval Dentistry", "access_note": "", "auto_news_page": true, "tree_id": 1, "news_page_menu_title": "News & events", "email": "", "website": 2, "parent": 6, "display_parent": true, "auto_vacancies_page": true, "slug": "mediaeval-dentistry", "building": 2, "auto_contacts_page": true, "precise_location": "5th Floor", "url": "", "level": 2, "vacancies_page_menu_title": "Vacancies & studentships", "abstract_entity": false, "contacts_page_menu_title": "Contacts & people", "external_url": null}}, {"pk": 7, "model": "contacts_and_people.entity", "fields": {"rght": 6, "image": null, "lft": 5, "short_name": "Mediaeval Surgery", "access_note": "", "auto_news_page": true, "tree_id": 1, "news_page_menu_title": "News & events", "email": "", "website": 3, "parent": 6, "display_parent": true, "auto_vacancies_page": false, "slug": "mediaeval-surgery", "building": null, "auto_contacts_page": true, "precise_location": "Mediaeval Surgery", "url": "", "level": 2, "vacancies_page_menu_title": "Vacancies & studentships", "abstract_entity": false, "contacts_page_menu_title": "Contacts & people", "external_url": null}}, {"pk": 9, "model": "contacts_and_people.entity", "fields": {"rght": 8, "image": null, "lft": 7, "short_name": "Bad Air Research Centre", "access_note": "", "auto_news_page": true, "tree_id": 1, "news_page_menu_title": "News & events", "email": "", "website": 4, "parent": 6, "display_parent": true, "auto_vacancies_page": false, "slug": "bad-air", "building": null, "auto_contacts_page": true, "precise_location": "", "url": "", "level": 2, "vacancies_page_menu_title": "vacancies & studentships", "abstract_entity": false, "contacts_page_menu_title": "Contacts & people", "external_url": null}}, {"pk": 13, "model": "contacts_and_people.entity", "fields": {"rght": 10, "image": null, "lft": 9, "short_name": "Evil Eye Research Project", "access_note": "", "auto_news_page": true, "tree_id": 1, "news_page_menu_title": "News & events", "email": "", "website": null, "parent": 6, "display_parent": true, "auto_vacancies_page": true, "slug": "evil-eye-research-project", "building": null, "auto_contacts_page": true, "precise_location": "", "url": "", "level": 2, "vacancies_page_menu_title": "Vacancies & studentships", "abstract_entity": false, "contacts_page_menu_title": "Contacts & people", "external_url": null}}, {"pk": 11, "model": "contacts_and_people.entity", "fields": {"rght": 2, "image": null, "lft": 1, "short_name": "BBC", "access_note": "", "auto_news_page": false, "tree_id": 7, "news_page_menu_title": "News & events", "email": "", "website": null, "parent": null, "display_parent": true, "auto_vacancies_page": false, "slug": "bbc", "building": null, "auto_contacts_page": false, "precise_location": "", "url": "", "level": 0, "vacancies_page_menu_title": "Vacancies & studentships", "abstract_entity": false, "contacts_page_menu_title": "Contacts & people", "external_url": 1}}, {"pk": 12, "model": "contacts_and_people.entity", "fields": {"rght": 2, "image": null, "lft": 1, "short_name": "Dark Ages Society", "access_note": "", "auto_news_page": false, "tree_id": 8, "news_page_menu_title": "News & events", "email": "", "website": null, "parent": null, "display_parent": true, "auto_vacancies_page": false, "slug": "dark-ages-society", "building": null, "auto_contacts_page": false, "precise_location": "", "url": "", "level": 0, "vacancies_page_menu_title": "Vacancies & studentships", "abstract_entity": false, "contacts_page_menu_title": "Contacts & people", "external_url": 4}}, {"pk": 2, "model": "contacts_and_people.title", "fields": {"abbreviation": "Dr", "title": "Doctor"}}, {"pk": 1, "model": "contacts_and_people.title", "fields": {"abbreviation": "Prof", "title": "Professor"}}, {"pk": 1, "model": "contacts_and_people.personlite", "fields": {"middle_names": "Marco", "surname": "Harries", "given_name": "Sarah", "title": null}}, {"pk": 2, "model": "contacts_and_people.personlite", "fields": {"middle_names": "", "surname": "Reed", "given_name": "Lou", "title": null}}, {"pk": 3, "model": "contacts_and_people.personlite", "fields": {"middle_names": "", "surname": "Cale", "given_name": "John", "title": null}}, {"pk": 4, "model": "contacts_and_people.personlite", "fields": {"middle_names": "", "surname": "Nico", "given_name": "", "title": null}}, {"pk": 5, "model": "contacts_and_people.personlite", "fields": {"middle_names": "", "surname": "Richman", "given_name": "Jonathan", "title": null}}, {"pk": 6, "model": "contacts_and_people.personlite", "fields": {"middle_names": "", "surname": "Morrison", "given_name": "Sterling", "title": null}}, {"pk": 7, "model": "contacts_and_people.personlite", "fields": {"middle_names": "", "surname": "Tucker", "given_name": "Mo", "title": "Dr"}}, {"pk": 8, "model": "contacts_and_people.personlite", "fields": {"middle_names": "", "surname": "Harrison", "given_name": "Jerry", "title": null}}, {"pk": 9, "model": "contacts_and_people.personlite", "fields": {"middle_names": "", "surname": "Robinson", "given_name": "David", "title": null}}, {"pk": 10, "model": "contacts_and_people.personlite", "fields": {"middle_names": "", "surname": "Brooks", "given_name": "Ernie", "title": "Prof"}}, {"pk": 11, "model": "contacts_and_people.personlite", "fields": {"middle_names": "", "surname": "Ocasek", "given_name": "Rick", "title": null}}, {"pk": 12, "model": "contacts_and_people.personlite", "fields": {"middle_names": "", "surname": "Orr", "given_name": "Benjamin", "title": "Prof"}}, {"pk": 13, "model": "contacts_and_people.personlite", "fields": {"middle_names": "", "surname": "Hawkes", "given_name": "Greg", "title": null}}, {"pk": 14, "model": "contacts_and_people.personlite", "fields": {"middle_names": "", "surname": "Easton", "given_name": "Elliott", "title": null}}, {"pk": 10, "model": "contacts_and_people.person", "fields": {"building": null, "data_feed_locked": false, "staff_id": "", "description": 33, "access_note": "", "precise_location": "Room 2.34", "url": "", "override_entity": null, "image": null, "institutional_username": "", "slug": "ernie-brooks", "user": null, "active": true, "please_contact": 3, "email": "ernie-brooks@example.com", "external_url": null}}, {"pk": 3, "model": "contacts_and_people.person", "fields": {"building": null, "data_feed_locked": false, "staff_id": "", "description": 21, "access_note": "", "precise_location": "", "url": "", "override_entity": null, "image": null, "institutional_username": "", "slug": "john-cale", "user": null, "active": true, "please_contact": null, "email": "", "external_url": 1}}, {"pk": 14, "model": "contacts_and_people.person", "fields": {"building": null, "data_feed_locked": false, "staff_id": "", "description": 38, "access_note": "", "precise_location": "", "url": "", "override_entity": null, "image": null, "institutional_username": "", "slug": "elliott-easton", "user": null, "active": true, "please_contact": null, "email": "", "external_url": null}}, {"pk": 1, "model": "contacts_and_people.person", "fields": {"building": null, "data_feed_locked": false, "staff_id": "06489", "description": 3, "access_note": "Disabled access is available", "precise_location": "Lecture Theatre 1", "url": "", "override_entity": null, "image": null, "institutional_username": "sagdp6", "slug": "sarah-marco-harries", "user": null, "active": true, "please_contact": null, "email": "Go-Africa@cf.ac.uk", "external_url": null}}, {"pk": 8, "model": "contacts_and_people.person", "fields": {"building": null, "data_feed_locked": false, "staff_id": "", "description": 26, "access_note": "", "precise_location": "", "url": "", "override_entity": null, "image": null, "institutional_username": "", "slug": "jerry-harrison", "user": null, "active": true, "please_contact": null, "email": "", "external_url": null}}, {"pk": 13, "model": "contacts_and_people.person", "fields": {"building": null, "data_feed_locked": false, "staff_id": "", "description": 36, "access_note": "", "precise_location": "", "url": "", "override_entity": null, "image": null, "institutional_username": "", "slug": "greg-hawkes", "user": null, "active": true, "please_contact": null, "email": "", "external_url": null}}, {"pk": 6, "model": "contacts_and_people.person", "fields": {"building": null, "data_feed_locked": false, "staff_id": "", "description": 24, "access_note": "", "precise_location": "", "url": "", "override_entity": null, "image": null, "institutional_username": "", "slug": "sterling-morrison", "user": null, "active": true, "please_contact": null, "email": "", "external_url": null}}, {"pk": 4, "model": "contacts_and_people.person", "fields": {"building": null, "data_feed_locked": false, "staff_id": "", "description": 22, "access_note": "", "precise_location": "", "url": "", "override_entity": null, "image": null, "institutional_username": "", "slug": "nico", "user": null, "active": true, "please_contact": null, "email": "", "external_url": null}}, {"pk": 11, "model": "contacts_and_people.person", "fields": {"building": null, "data_feed_locked": false, "staff_id": "", "description": 34, "access_note": "", "precise_location": "", "url": "", "override_entity": null, "image": null, "institutional_username": "", "slug": "rick-ocasek", "user": null, "active": true, "please_contact": null, "email": "", "external_url": null}}, {"pk": 12, "model": "contacts_and_people.person", "fields": {"building": null, "data_feed_locked": false, "staff_id": "", "description": 35, "access_note": "", "precise_location": "", "url": "", "override_entity": null, "image": null, "institutional_username": "", "slug": "benjamin-orr", "user": null, "active": true, "please_contact": null, "email": "", "external_url": null}}, {"pk": 2, "model": "contacts_and_people.person", "fields": {"building": null, "data_feed_locked": false, "staff_id": "", "description": 20, "access_note": "", "precise_location": "", "url": "", "override_entity": null, "image": null, "institutional_username": "", "slug": "lou-reed", "user": null, "active": true, "please_contact": null, "email": "", "external_url": null}}, {"pk": 5, "model": "contacts_and_people.person", "fields": {"building": null, "data_feed_locked": false, "staff_id": "", "description": 23, "access_note": "", "precise_location": "", "url": "", "override_entity": null, "image": null, "institutional_username": "", "slug": "jonathan-richman", "user": null, "active": true, "please_contact": null, "email": "", "external_url": null}}, {"pk": 9, "model": "contacts_and_people.person", "fields": {"building": null, "data_feed_locked": false, "staff_id": "", "description": 28, "access_note": "", "precise_location": "", "url": "", "override_entity": null, "image": null, "institutional_username": "", "slug": "david-robinson", "user": null, "active": true, "please_contact": null, "email": "", "external_url": null}}, {"pk": 7, "model": "contacts_and_people.person", "fields": {"building": null, "data_feed_locked": false, "staff_id": "", "description": 25, "access_note": "", "precise_location": "", "url": "", "override_entity": null, "image": null, "institutional_username": "", "slug": "mo-tucker", "user": null, "active": true, "please_contact": null, "email": "", "external_url": null}}, {"pk": 23, "model": "contacts_and_people.membership", "fields": {"importance_to_person": 5, "person": 14, "entity": 9, "display_role": null, "role": "Director of Research", "importance_to_entity": 5, "key_contact": false}}, {"pk": 29, "model": "contacts_and_people.membership", "fields": {"importance_to_person": 5, "person": 4, "entity": 13, "display_role": null, "role": "Director", "importance_to_entity": 5, "key_contact": false}}, {"pk": 20, "model": "contacts_and_people.membership", "fields": {"importance_to_person": 2, "person": 11, "entity": 9, "display_role": null, "role": "General Manager", "importance_to_entity": 5, "key_contact": false}}, {"pk": 14, "model": "contacts_and_people.membership", "fields": {"importance_to_person": 2, "person": 5, "entity": 7, "display_role": null, "role": "Director of Research", "importance_to_entity": 5, "key_contact": false}}, {"pk": 17, "model": "contacts_and_people.membership", "fields": {"importance_to_person": 5, "person": 10, "entity": 1, "display_role": null, "role": "Dean of Research", "importance_to_entity": 4, "key_contact": false}}, {"pk": 13, "model": "contacts_and_people.membership", "fields": {"importance_to_person": 4, "person": 8, "entity": 7, "display_role": null, "role": "Manager", "importance_to_entity": 4, "key_contact": false}}, {"pk": 27, "model": "contacts_and_people.membership", "fields": {"importance_to_person": 2, "person": 2, "entity": 9, "display_role": null, "role": "Professor of Air Sounding", "importance_to_entity": 4, "key_contact": false}}, {"pk": 16, "model": "contacts_and_people.membership", "fields": {"importance_to_person": 4, "person": 9, "entity": 7, "display_role": null, "role": "Public Engagement Manager", "importance_to_entity": 3, "key_contact": false}}, {"pk": 26, "model": "contacts_and_people.membership", "fields": {"importance_to_person": 2, "person": 10, "entity": 7, "display_role": null, "role": "Professor in Mediaeval Surgery", "importance_to_entity": 2, "key_contact": false}}, {"pk": 24, "model": "contacts_and_people.membership", "fields": {"importance_to_person": 2, "person": 10, "entity": 12, "display_role": null, "role": "Fellow", "importance_to_entity": 2, "key_contact": false}}, {"pk": 25, "model": "contacts_and_people.membership", "fields": {"importance_to_person": 2, "person": 10, "entity": 11, "display_role": null, "role": "Advisor on Mediaeval Science & Medicine", "importance_to_entity": 2, "key_contact": false}}, {"pk": 3, "model": "contacts_and_people.membership", "fields": {"importance_to_person": 2, "person": 3, "entity": 7, "display_role": null, "role": "Secretary to the Director of Research", "importance_to_entity": 2, "key_contact": true}}, {"pk": 1, "model": "contacts_and_people.membership", "fields": {"importance_to_person": 2, "person": 1, "entity": 1, "display_role": null, "role": "Secretary", "importance_to_entity": 2, "key_contact": false}}, {"pk": 22, "model": "contacts_and_people.membership", "fields": {"importance_to_person": 5, "person": 13, "entity": 9, "display_role": null, "role": "Secretary", "importance_to_entity": 2, "key_contact": true}}, {"pk": 30, "model": "contacts_and_people.membership", "fields": {"importance_to_person": 5, "person": 12, "entity": 13, "display_role": null, "role": "Principal Investigator", "importance_to_entity": 2, "key_contact": false}}, {"pk": 28, "model": "contacts_and_people.membership", "fields": {"importance_to_person": 5, "person": 7, "entity": 1, "display_role": null, "role": "Director of Recruitment", "importance_to_entity": 2, "key_contact": false}}, {"pk": 2, "model": "news_and_events.newsarticle", "fields": {"body": 67, "hosted_by": 9, "external_news_source": null, "subtitle": "The Institute's work into malaria is helping lift the veil on a terrible disease", "title": "Advances in malaria research", "url": null, "sticky_until": null, "image": null, "display_indefinitely": false, "short_title": "Advances in malaria research", "publish_to": [1], "content": null, "importance": 0, "enquiries": [], "is_sticky_everywhere": false, "date": "2011-06-30 19:18:55", "slug": "advances-malaria-research", "external_url": null}}, {"pk": 1, "model": "news_and_events.newsarticle", "fields": {"body": 47, "hosted_by": 1, "external_news_source": null, "subtitle": "Mediaeval techniques can double the chance of someone successfully quitting smoking, according to UK researchers.\r\n", "title": "Mediaeval techniques 'help smokers quit'", "url": "", "sticky_until": null, "image": null, "display_indefinitely": false, "short_title": "Mediaeval techniques 'help smokers quit'", "publish_to": [], "content": null, "importance": 0, "enquiries": [], "is_sticky_everywhere": false, "date": "2011-06-22 22:05:18", "slug": "", "external_url": 15}}, {"pk": 3, "model": "news_and_events.newsarticle", "fields": {"body": 71, "hosted_by": 1, "external_news_source": null, "subtitle": "Prof Ernie Brooks, Dean of Research at the Institute, has been awarded the 2011 Nobel prize for Medicine", "title": "Prof Ernie Brooks awarded Nobel prize for Mdicine", "url": null, "sticky_until": "2012-01-10", "image": null, "display_indefinitely": false, "short_title": "Nobel Committee honours Prof Ernie Brooks", "publish_to": [], "content": null, "importance": 10, "enquiries": [], "is_sticky_everywhere": false, "date": "2011-06-06 01:07:01", "slug": "prof-ernie-brooks-awarded-nobel-prize-mdicine", "external_url": null}}, {"pk": 1, "model": "news_and_events.event", "fields": {"rght": 4, "single_day_event": false, "subtitle": "The Annual Conference is a key multidisciplinary meeting for scholars in the field", "do_not_advertise_children": false, "series": true, "image": null, "lft": 1, "no_direct_access_to_children": true, "inherit_name": false, "end_date": null, "access_note": "", "title": "Annual Conference of the Dark Ages Society", "content": null, "tree_id": 1, "featuring": [], "type": 1, "start_date": null, "body": 63, "always_display_series": false, "hosted_by": 12, "parent": null, "importance": 0, "start_time": null, "jumps_queue_everywhere": false, "slug": "annual-conference-dark-ages-society", "building": null, "precise_location": "", "url": "", "level": 0, "publish_to": [], "short_title": "Annual Conference of the Dark Ages Society", "end_time": null, "jumps_queue_on": null, "child_list_heading": "Annual conferences", "external_url": null}}, {"pk": 2, "model": "news_and_events.event", "fields": {"rght": 3, "single_day_event": false, "subtitle": "The Annual Conference is a key multidisciplinary meeting for scholars in the field", "do_not_advertise_children": false, "series": false, "image": null, "lft": 2, "no_direct_access_to_children": false, "inherit_name": false, "end_date": "2011-12-08", "access_note": "", "title": "2011 Conference of the Dark Ages Society", "content": null, "tree_id": 1, "featuring": [10], "type": 1, "start_date": "2011-12-05", "body": 65, "always_display_series": false, "hosted_by": 12, "parent": 1, "importance": 0, "start_time": null, "jumps_queue_everywhere": false, "slug": "2011-dark-ages-society-conference", "building": null, "precise_location": "", "url": null, "level": 1, "publish_to": [1], "short_title": "2011 Dark Ages Society Conference", "end_time": null, "jumps_queue_on": null, "child_list_heading": "", "external_url": 4}}, {"pk": 1, "model": "news_and_events.eventtype", "fields": {"event_type": "Conference"}}, {"pk": 10, "model": "news_and_events.newsandeventsplugin", "fields": {"order_by": "importance/date", "format": "featured vertical", "show_previous_events": false, "entity": null, "news_heading_text": "News", "limit_to": 3, "layout": "sidebyside", "heading_level": 2, "display": "events", "events_heading_text": "Events"}}, {"pk": 12, "model": "news_and_events.newsandeventsplugin", "fields": {"order_by": "importance/date", "format": "featured horizontal", "show_previous_events": false, "entity": null, "news_heading_text": "News", "limit_to": 3, "layout": "stacked", "heading_level": 2, "display": "news", "events_heading_text": "Events"}}, {"pk": 20, "model": "news_and_events.newsandeventsplugin", "fields": {"order_by": "date", "format": "title", "show_previous_events": false, "entity": null, "news_heading_text": "News", "limit_to": 5, "layout": "sidebyside", "heading_level": 2, "display": "news_and_events", "events_heading_text": "Events"}}, {"pk": 1, "model": "vacancies_and_studentships.vacancy", "fields": {"body": 69, "salary": "by negotiation", "hosted_by": 2, "description": null, "title": "Tooth puller", "closing_date": "2012-06-15", "image": null, "publish_to": [1], "short_title": "Tooth puller", "summary": "A qualified tooth puller is required to assist both in a clinical capacity and for research purposes", "url": null, "enquiries": [7], "job_number": "1342", "importance": 0, "slug": "tooth-puller", "external_url": null}}, {"pk": 1, "model": "vacancies_and_studentships.studentship", "fields": {"body": 73, "hosted_by": 13, "description": null, "title": "Evil Eye - identifying signs", "closing_date": "2011-06-05", "image": null, "publish_to": [], "short_title": "Evil Eye - identifying signs", "summary": "A three-year doctoral opportunity working as part of the Evil Eye special research project", "url": null, "enquiries": [4], "supervisors": [12], "importance": 0, "slug": "evil-eye-identifying-signs", "external_url": null}}, {"pk": 131, "model": "auth.permission", "fields": {"codename": "add_logentry", "name": "Can add log entry", "content_type": 44}}, {"pk": 132, "model": "auth.permission", "fields": {"codename": "change_logentry", "name": "Can change log entry", "content_type": 44}}, {"pk": 133, "model": "auth.permission", "fields": {"codename": "delete_logentry", "name": "Can delete log entry", "content_type": 44}}, {"pk": 197, "model": "auth.permission", "fields": {"codename": "add_filerimage", "name": "Can add filer image", "content_type": 66}}, {"pk": 198, "model": "auth.permission", "fields": {"codename": "change_filerimage", "name": "Can change filer image", "content_type": 66}}, {"pk": 199, "model": "auth.permission", "fields": {"codename": "delete_filerimage", "name": "Can delete filer image", "content_type": 66}}, {"pk": 76, "model": "auth.permission", "fields": {"codename": "add_arkestratwittersearch", "name": "Can add arkestra twitter search", "content_type": 26}}, {"pk": 77, "model": "auth.permission", "fields": {"codename": "change_arkestratwittersearch", "name": "Can change arkestra twitter search", "content_type": 26}}, {"pk": 78, "model": "auth.permission", "fields": {"codename": "delete_arkestratwittersearch", "name": "Can delete arkestra twitter search", "content_type": 26}}, {"pk": 203, "model": "auth.permission", "fields": {"codename": "add_insertionpoint", "name": "Can add insertion point", "content_type": 68}}, {"pk": 204, "model": "auth.permission", "fields": {"codename": "change_insertionpoint", "name": "Can change insertion point", "content_type": 68}}, {"pk": 205, "model": "auth.permission", "fields": {"codename": "delete_insertionpoint", "name": "Can delete insertion point", "content_type": 68}}, {"pk": 113, "model": "auth.permission", "fields": {"codename": "add_group", "name": "Can add group", "content_type": 39}}, {"pk": 114, "model": "auth.permission", "fields": {"codename": "change_group", "name": "Can change group", "content_type": 39}}, {"pk": 115, "model": "auth.permission", "fields": {"codename": "delete_group", "name": "Can delete group", "content_type": 39}}, {"pk": 119, "model": "auth.permission", "fields": {"codename": "add_message", "name": "Can add message", "content_type": 40}}, {"pk": 120, "model": "auth.permission", "fields": {"codename": "change_message", "name": "Can change message", "content_type": 40}}, {"pk": 121, "model": "auth.permission", "fields": {"codename": "delete_message", "name": "Can delete message", "content_type": 40}}, {"pk": 110, "model": "auth.permission", "fields": {"codename": "add_permission", "name": "Can add permission", "content_type": 38}}, {"pk": 111, "model": "auth.permission", "fields": {"codename": "change_permission", "name": "Can change permission", "content_type": 38}}, {"pk": 112, "model": "auth.permission", "fields": {"codename": "delete_permission", "name": "Can delete permission", "content_type": 38}}, {"pk": 73, "model": "auth.permission", "fields": {"codename": "add_arkestrauser", "name": "Can add arkestra user", "content_type": 25}}, {"pk": 116, "model": "auth.permission", "fields": {"codename": "add_user", "name": "Can add user", "content_type": 25}}, {"pk": 74, "model": "auth.permission", "fields": {"codename": "change_arkestrauser", "name": "Can change arkestra user", "content_type": 25}}, {"pk": 117, "model": "auth.permission", "fields": {"codename": "change_user", "name": "Can change user", "content_type": 25}}, {"pk": 75, "model": "auth.permission", "fields": {"codename": "delete_arkestrauser", "name": "Can delete arkestra user", "content_type": 25}}, {"pk": 118, "model": "auth.permission", "fields": {"codename": "delete_user", "name": "Can delete user", "content_type": 25}}, {"pk": 4, "model": "auth.permission", "fields": {"codename": "add_cmsplugin", "name": "Can add cms plugin", "content_type": 2}}, {"pk": 5, "model": "auth.permission", "fields": {"codename": "change_cmsplugin", "name": "Can change cms plugin", "content_type": 2}}, {"pk": 6, "model": "auth.permission", "fields": {"codename": "delete_cmsplugin", "name": "Can delete cms plugin", "content_type": 2}}, {"pk": 16, "model": "auth.permission", "fields": {"codename": "add_globalpagepermission", "name": "Can add Page global permission", "content_type": 6}}, {"pk": 17, "model": "auth.permission", "fields": {"codename": "change_globalpagepermission", "name": "Can change Page global permission", "content_type": 6}}, {"pk": 18, "model": "auth.permission", "fields": {"codename": "delete_globalpagepermission", "name": "Can delete Page global permission", "content_type": 6}}, {"pk": 7, "model": "auth.permission", "fields": {"codename": "add_page", "name": "Can add page", "content_type": 3}}, {"pk": 8, "model": "auth.permission", "fields": {"codename": "change_page", "name": "Can change page", "content_type": 3}}, {"pk": 9, "model": "auth.permission", "fields": {"codename": "delete_page", "name": "Can delete page", "content_type": 3}}, {"pk": 10, "model": "auth.permission", "fields": {"codename": "add_pagemoderator", "name": "Can add PageModerator", "content_type": 4}}, {"pk": 11, "model": "auth.permission", "fields": {"codename": "change_pagemoderator", "name": "Can change PageModerator", "content_type": 4}}, {"pk": 12, "model": "auth.permission", "fields": {"codename": "delete_pagemoderator", "name": "Can delete PageModerator", "content_type": 4}}, {"pk": 13, "model": "auth.permission", "fields": {"codename": "add_pagemoderatorstate", "name": "Can add Page moderator state", "content_type": 5}}, {"pk": 14, "model": "auth.permission", "fields": {"codename": "change_pagemoderatorstate", "name": "Can change Page moderator state", "content_type": 5}}, {"pk": 15, "model": "auth.permission", "fields": {"codename": "delete_pagemoderatorstate", "name": "Can delete Page moderator state", "content_type": 5}}, {"pk": 19, "model": "auth.permission", "fields": {"codename": "add_pagepermission", "name": "Can add Page permission", "content_type": 7}}, {"pk": 20, "model": "auth.permission", "fields": {"codename": "change_pagepermission", "name": "Can change Page permission", "content_type": 7}}, {"pk": 21, "model": "auth.permission", "fields": {"codename": "delete_pagepermission", "name": "Can delete Page permission", "content_type": 7}}, {"pk": 22, "model": "auth.permission", "fields": {"codename": "add_pageuser", "name": "Can add User (page)", "content_type": 8}}, {"pk": 23, "model": "auth.permission", "fields": {"codename": "change_pageuser", "name": "Can change User (page)", "content_type": 8}}, {"pk": 24, "model": "auth.permission", "fields": {"codename": "delete_pageuser", "name": "Can delete User (page)", "content_type": 8}}, {"pk": 25, "model": "auth.permission", "fields": {"codename": "add_pageusergroup", "name": "Can add User group (page)", "content_type": 9}}, {"pk": 26, "model": "auth.permission", "fields": {"codename": "change_pageusergroup", "name": "Can change User group (page)", "content_type": 9}}, {"pk": 27, "model": "auth.permission", "fields": {"codename": "delete_pageusergroup", "name": "Can delete User group (page)", "content_type": 9}}, {"pk": 1, "model": "auth.permission", "fields": {"codename": "add_placeholder", "name": "Can add placeholder", "content_type": 1}}, {"pk": 2, "model": "auth.permission", "fields": {"codename": "change_placeholder", "name": "Can change placeholder", "content_type": 1}}, {"pk": 3, "model": "auth.permission", "fields": {"codename": "delete_placeholder", "name": "Can delete placeholder", "content_type": 1}}, {"pk": 28, "model": "auth.permission", "fields": {"codename": "add_title", "name": "Can add title", "content_type": 10}}, {"pk": 29, "model": "auth.permission", "fields": {"codename": "change_title", "name": "Can change title", "content_type": 10}}, {"pk": 30, "model": "auth.permission", "fields": {"codename": "delete_title", "name": "Can delete title", "content_type": 10}}, {"pk": 137, "model": "auth.permission", "fields": {"codename": "add_building", "name": "Can add building", "content_type": 46}}, {"pk": 138, "model": "auth.permission", "fields": {"codename": "change_building", "name": "Can change building", "content_type": 46}}, {"pk": 139, "model": "auth.permission", "fields": {"codename": "delete_building", "name": "Can delete building", "content_type": 46}}, {"pk": 146, "model": "auth.permission", "fields": {"codename": "add_entity", "name": "Can add entity", "content_type": 49}}, {"pk": 147, "model": "auth.permission", "fields": {"codename": "change_entity", "name": "Can change entity", "content_type": 49}}, {"pk": 148, "model": "auth.permission", "fields": {"codename": "delete_entity", "name": "Can delete entity", "content_type": 49}}, {"pk": 164, "model": "auth.permission", "fields": {"codename": "add_entityautopagelinkplugineditor", "name": "Can add entity auto page link plugin editor", "content_type": 55}}, {"pk": 165, "model": "auth.permission", "fields": {"codename": "change_entityautopagelinkplugineditor", "name": "Can change entity auto page link plugin editor", "content_type": 55}}, {"pk": 166, "model": "auth.permission", "fields": {"codename": "delete_entityautopagelinkplugineditor", "name": "Can delete entity auto page link plugin editor", "content_type": 55}}, {"pk": 167, "model": "auth.permission", "fields": {"codename": "add_entitydirectoryplugineditor", "name": "Can add entity directory plugin editor", "content_type": 56}}, {"pk": 168, "model": "auth.permission", "fields": {"codename": "change_entitydirectoryplugineditor", "name": "Can change entity directory plugin editor", "content_type": 56}}, {"pk": 169, "model": "auth.permission", "fields": {"codename": "delete_entitydirectoryplugineditor", "name": "Can delete entity directory plugin editor", "content_type": 56}}, {"pk": 143, "model": "auth.permission", "fields": {"codename": "add_entitylite", "name": "Can add entity lite", "content_type": 48}}, {"pk": 144, "model": "auth.permission", "fields": {"codename": "change_entitylite", "name": "Can change entity lite", "content_type": 48}}, {"pk": 145, "model": "auth.permission", "fields": {"codename": "delete_entitylite", "name": "Can delete entity lite", "content_type": 48}}, {"pk": 170, "model": "auth.permission", "fields": {"codename": "add_entitymembersplugineditor", "name": "Can add entity members plugin editor", "content_type": 57}}, {"pk": 171, "model": "auth.permission", "fields": {"codename": "change_entitymembersplugineditor", "name": "Can change entity members plugin editor", "content_type": 57}}, {"pk": 172, "model": "auth.permission", "fields": {"codename": "delete_entitymembersplugineditor", "name": "Can delete entity members plugin editor", "content_type": 57}}, {"pk": 161, "model": "auth.permission", "fields": {"codename": "add_membership", "name": "Can add membership", "content_type": 54}}, {"pk": 162, "model": "auth.permission", "fields": {"codename": "change_membership", "name": "Can change membership", "content_type": 54}}, {"pk": 163, "model": "auth.permission", "fields": {"codename": "delete_membership", "name": "Can delete membership", "content_type": 54}}, {"pk": 155, "model": "auth.permission", "fields": {"codename": "add_person", "name": "Can add person", "content_type": 52}}, {"pk": 156, "model": "auth.permission", "fields": {"codename": "change_person", "name": "Can change person", "content_type": 52}}, {"pk": 157, "model": "auth.permission", "fields": {"codename": "delete_person", "name": "Can delete person", "content_type": 52}}, {"pk": 152, "model": "auth.permission", "fields": {"codename": "add_personlite", "name": "Can add person lite", "content_type": 51}}, {"pk": 153, "model": "auth.permission", "fields": {"codename": "change_personlite", "name": "Can change person lite", "content_type": 51}}, {"pk": 154, "model": "auth.permission", "fields": {"codename": "delete_personlite", "name": "Can delete person lite", "content_type": 51}}, {"pk": 140, "model": "auth.permission", "fields": {"codename": "add_phonecontact", "name": "Can add phone contact", "content_type": 47}}, {"pk": 141, "model": "auth.permission", "fields": {"codename": "change_phonecontact", "name": "Can change phone contact", "content_type": 47}}, {"pk": 142, "model": "auth.permission", "fields": {"codename": "delete_phonecontact", "name": "Can delete phone contact", "content_type": 47}}, {"pk": 134, "model": "auth.permission", "fields": {"codename": "add_site", "name": "Can add site", "content_type": 45}}, {"pk": 135, "model": "auth.permission", "fields": {"codename": "change_site", "name": "Can change site", "content_type": 45}}, {"pk": 136, "model": "auth.permission", "fields": {"codename": "delete_site", "name": "Can delete site", "content_type": 45}}, {"pk": 158, "model": "auth.permission", "fields": {"codename": "add_teacher", "name": "Can add teacher", "content_type": 53}}, {"pk": 159, "model": "auth.permission", "fields": {"codename": "change_teacher", "name": "Can change teacher", "content_type": 53}}, {"pk": 160, "model": "auth.permission", "fields": {"codename": "delete_teacher", "name": "Can delete teacher", "content_type": 53}}, {"pk": 149, "model": "auth.permission", "fields": {"codename": "add_title", "name": "Can add title", "content_type": 50}}, {"pk": 150, "model": "auth.permission", "fields": {"codename": "change_title", "name": "Can change title", "content_type": 50}}, {"pk": 151, "model": "auth.permission", "fields": {"codename": "delete_title", "name": "Can delete title", "content_type": 50}}, {"pk": 122, "model": "auth.permission", "fields": {"codename": "add_contenttype", "name": "Can add content type", "content_type": 41}}, {"pk": 123, "model": "auth.permission", "fields": {"codename": "change_contenttype", "name": "Can change content type", "content_type": 41}}, {"pk": 124, "model": "auth.permission", "fields": {"codename": "delete_contenttype", "name": "Can delete content type", "content_type": 41}}, {"pk": 85, "model": "auth.permission", "fields": {"codename": "add_source", "name": "Can add source", "content_type": 30}}, {"pk": 86, "model": "auth.permission", "fields": {"codename": "change_source", "name": "Can change source", "content_type": 30}}, {"pk": 87, "model": "auth.permission", "fields": {"codename": "delete_source", "name": "Can delete source", "content_type": 30}}, {"pk": 88, "model": "auth.permission", "fields": {"codename": "add_thumbnail", "name": "Can add thumbnail", "content_type": 31}}, {"pk": 89, "model": "auth.permission", "fields": {"codename": "change_thumbnail", "name": "Can change thumbnail", "content_type": 31}}, {"pk": 90, "model": "auth.permission", "fields": {"codename": "delete_thumbnail", "name": "Can delete thumbnail", "content_type": 31}}, {"pk": 91, "model": "auth.permission", "fields": {"codename": "add_clipboard", "name": "Can add clipboard", "content_type": 32}}, {"pk": 92, "model": "auth.permission", "fields": {"codename": "change_clipboard", "name": "Can change clipboard", "content_type": 32}}, {"pk": 93, "model": "auth.permission", "fields": {"codename": "delete_clipboard", "name": "Can delete clipboard", "content_type": 32}}, {"pk": 94, "model": "auth.permission", "fields": {"codename": "add_clipboarditem", "name": "Can add clipboard item", "content_type": 33}}, {"pk": 95, "model": "auth.permission", "fields": {"codename": "change_clipboarditem", "name": "Can change clipboard item", "content_type": 33}}, {"pk": 96, "model": "auth.permission", "fields": {"codename": "delete_clipboarditem", "name": "Can delete clipboard item", "content_type": 33}}, {"pk": 104, "model": "auth.permission", "fields": {"codename": "add_file", "name": "Can add file", "content_type": 36}}, {"pk": 105, "model": "auth.permission", "fields": {"codename": "change_file", "name": "Can change file", "content_type": 36}}, {"pk": 106, "model": "auth.permission", "fields": {"codename": "delete_file", "name": "Can delete file", "content_type": 36}}, {"pk": 97, "model": "auth.permission", "fields": {"codename": "add_folder", "name": "Can add Folder", "content_type": 34}}, {"pk": 100, "model": "auth.permission", "fields": {"codename": "can_use_directory_listing", "name": "Can use directory listing", "content_type": 34}}, {"pk": 98, "model": "auth.permission", "fields": {"codename": "change_folder", "name": "Can change Folder", "content_type": 34}}, {"pk": 99, "model": "auth.permission", "fields": {"codename": "delete_folder", "name": "Can delete Folder", "content_type": 34}}, {"pk": 101, "model": "auth.permission", "fields": {"codename": "add_folderpermission", "name": "Can add folder permission", "content_type": 35}}, {"pk": 102, "model": "auth.permission", "fields": {"codename": "change_folderpermission", "name": "Can change folder permission", "content_type": 35}}, {"pk": 103, "model": "auth.permission", "fields": {"codename": "delete_folderpermission", "name": "Can delete folder permission", "content_type": 35}}, {"pk": 107, "model": "auth.permission", "fields": {"codename": "add_image", "name": "Can add image", "content_type": 37}}, {"pk": 108, "model": "auth.permission", "fields": {"codename": "change_image", "name": "Can change image", "content_type": 37}}, {"pk": 109, "model": "auth.permission", "fields": {"codename": "delete_image", "name": "Can delete image", "content_type": 37}}, {"pk": 61, "model": "auth.permission", "fields": {"codename": "add_carouselplugin", "name": "Can add carousel plugin", "content_type": 21}}, {"pk": 62, "model": "auth.permission", "fields": {"codename": "change_carouselplugin", "name": "Can change carousel plugin", "content_type": 21}}, {"pk": 63, "model": "auth.permission", "fields": {"codename": "delete_carouselplugin", "name": "Can delete carousel plugin", "content_type": 21}}, {"pk": 64, "model": "auth.permission", "fields": {"codename": "add_carouselpluginitem", "name": "Can add carousel plugin item", "content_type": 22}}, {"pk": 65, "model": "auth.permission", "fields": {"codename": "change_carouselpluginitem", "name": "Can change carousel plugin item", "content_type": 22}}, {"pk": 66, "model": "auth.permission", "fields": {"codename": "delete_carouselpluginitem", "name": "Can delete carousel plugin item", "content_type": 22}}, {"pk": 46, "model": "auth.permission", "fields": {"codename": "add_externallink", "name": "Can add external link", "content_type": 16}}, {"pk": 47, "model": "auth.permission", "fields": {"codename": "change_externallink", "name": "Can change external link", "content_type": 16}}, {"pk": 48, "model": "auth.permission", "fields": {"codename": "delete_externallink", "name": "Can delete external link", "content_type": 16}}, {"pk": 52, "model": "auth.permission", "fields": {"codename": "add_externalsite", "name": "Can add external site", "content_type": 18}}, {"pk": 53, "model": "auth.permission", "fields": {"codename": "change_externalsite", "name": "Can change external site", "content_type": 18}}, {"pk": 54, "model": "auth.permission", "fields": {"codename": "delete_externalsite", "name": "Can delete external site", "content_type": 18}}, {"pk": 67, "model": "auth.permission", "fields": {"codename": "add_focusonplugineditor", "name": "Can add focus on plugin editor", "content_type": 23}}, {"pk": 68, "model": "auth.permission", "fields": {"codename": "change_focusonplugineditor", "name": "Can change focus on plugin editor", "content_type": 23}}, {"pk": 69, "model": "auth.permission", "fields": {"codename": "delete_focusonplugineditor", "name": "Can delete focus on plugin editor", "content_type": 23}}, {"pk": 70, "model": "auth.permission", "fields": {"codename": "add_focusonpluginitemeditor", "name": "Can add focus on plugin item editor", "content_type": 24}}, {"pk": 71, "model": "auth.permission", "fields": {"codename": "change_focusonpluginitemeditor", "name": "Can change focus on plugin item editor", "content_type": 24}}, {"pk": 72, "model": "auth.permission", "fields": {"codename": "delete_focusonpluginitemeditor", "name": "Can delete focus on plugin item editor", "content_type": 24}}, {"pk": 55, "model": "auth.permission", "fields": {"codename": "add_genericlinklistplugin", "name": "Can add generic link list plugin", "content_type": 19}}, {"pk": 56, "model": "auth.permission", "fields": {"codename": "change_genericlinklistplugin", "name": "Can change generic link list plugin", "content_type": 19}}, {"pk": 57, "model": "auth.permission", "fields": {"codename": "delete_genericlinklistplugin", "name": "Can delete generic link list plugin", "content_type": 19}}, {"pk": 58, "model": "auth.permission", "fields": {"codename": "add_genericlinklistpluginitem", "name": "Can add generic link list plugin item", "content_type": 20}}, {"pk": 59, "model": "auth.permission", "fields": {"codename": "change_genericlinklistpluginitem", "name": "Can change generic link list plugin item", "content_type": 20}}, {"pk": 60, "model": "auth.permission", "fields": {"codename": "delete_genericlinklistpluginitem", "name": "Can delete generic link list plugin item", "content_type": 20}}, {"pk": 49, "model": "auth.permission", "fields": {"codename": "add_linktype", "name": "Can add link type", "content_type": 17}}, {"pk": 50, "model": "auth.permission", "fields": {"codename": "change_linktype", "name": "Can change link type", "content_type": 17}}, {"pk": 51, "model": "auth.permission", "fields": {"codename": "delete_linktype", "name": "Can delete link type", "content_type": 17}}, {"pk": 43, "model": "auth.permission", "fields": {"codename": "add_objectlink", "name": "Can add object link", "content_type": 15}}, {"pk": 44, "model": "auth.permission", "fields": {"codename": "change_objectlink", "name": "Can change object link", "content_type": 15}}, {"pk": 45, "model": "auth.permission", "fields": {"codename": "delete_objectlink", "name": "Can delete object link", "content_type": 15}}, {"pk": 31, "model": "auth.permission", "fields": {"codename": "add_cachekey", "name": "Can add cache key", "content_type": 11}}, {"pk": 32, "model": "auth.permission", "fields": {"codename": "change_cachekey", "name": "Can change cache key", "content_type": 11}}, {"pk": 33, "model": "auth.permission", "fields": {"codename": "delete_cachekey", "name": "Can delete cache key", "content_type": 11}}, {"pk": 176, "model": "auth.permission", "fields": {"codename": "add_event", "name": "Can add event", "content_type": 59}}, {"pk": 177, "model": "auth.permission", "fields": {"codename": "change_event", "name": "Can change event", "content_type": 59}}, {"pk": 178, "model": "auth.permission", "fields": {"codename": "delete_event", "name": "Can delete event", "content_type": 59}}, {"pk": 179, "model": "auth.permission", "fields": {"codename": "add_eventtype", "name": "Can add event type", "content_type": 60}}, {"pk": 180, "model": "auth.permission", "fields": {"codename": "change_eventtype", "name": "Can change event type", "content_type": 60}}, {"pk": 181, "model": "auth.permission", "fields": {"codename": "delete_eventtype", "name": "Can delete event type", "content_type": 60}}, {"pk": 185, "model": "auth.permission", "fields": {"codename": "add_newsandeventsplugin", "name": "Can add news and events plugin", "content_type": 62}}, {"pk": 186, "model": "auth.permission", "fields": {"codename": "change_newsandeventsplugin", "name": "Can change news and events plugin", "content_type": 62}}, {"pk": 187, "model": "auth.permission", "fields": {"codename": "delete_newsandeventsplugin", "name": "Can delete news and events plugin", "content_type": 62}}, {"pk": 173, "model": "auth.permission", "fields": {"codename": "add_newsarticle", "name": "Can add news article", "content_type": 58}}, {"pk": 174, "model": "auth.permission", "fields": {"codename": "change_newsarticle", "name": "Can change news article", "content_type": 58}}, {"pk": 175, "model": "auth.permission", "fields": {"codename": "delete_newsarticle", "name": "Can delete news article", "content_type": 58}}, {"pk": 182, "model": "auth.permission", "fields": {"codename": "add_newssource", "name": "Can add news source", "content_type": 61}}, {"pk": 183, "model": "auth.permission", "fields": {"codename": "change_newssource", "name": "Can change news source", "content_type": 61}}, {"pk": 184, "model": "auth.permission", "fields": {"codename": "delete_newssource", "name": "Can delete news source", "content_type": 61}}, {"pk": 82, "model": "auth.permission", "fields": {"codename": "add_cssclass", "name": "Can add CSS class", "content_type": 29}}, {"pk": 83, "model": "auth.permission", "fields": {"codename": "change_cssclass", "name": "Can change CSS class", "content_type": 29}}, {"pk": 84, "model": "auth.permission", "fields": {"codename": "delete_cssclass", "name": "Can delete CSS class", "content_type": 29}}, {"pk": 79, "model": "auth.permission", "fields": {"codename": "add_cssclasscategory", "name": "Can add CSS class category", "content_type": 28}}, {"pk": 80, "model": "auth.permission", "fields": {"codename": "change_cssclasscategory", "name": "Can change CSS class category", "content_type": 28}}, {"pk": 81, "model": "auth.permission", "fields": {"codename": "delete_cssclasscategory", "name": "Can delete CSS class category", "content_type": 28}}, {"pk": 125, "model": "auth.permission", "fields": {"codename": "add_session", "name": "Can add session", "content_type": 42}}, {"pk": 126, "model": "auth.permission", "fields": {"codename": "change_session", "name": "Can change session", "content_type": 42}}, {"pk": 127, "model": "auth.permission", "fields": {"codename": "delete_session", "name": "Can delete session", "content_type": 42}}, {"pk": 128, "model": "auth.permission", "fields": {"codename": "add_site", "name": "Can add site", "content_type": 43}}, {"pk": 129, "model": "auth.permission", "fields": {"codename": "change_site", "name": "Can change site", "content_type": 43}}, {"pk": 130, "model": "auth.permission", "fields": {"codename": "delete_site", "name": "Can delete site", "content_type": 43}}, {"pk": 37, "model": "auth.permission", "fields": {"codename": "add_snippet", "name": "Can add Snippet", "content_type": 13}}, {"pk": 38, "model": "auth.permission", "fields": {"codename": "change_snippet", "name": "Can change Snippet", "content_type": 13}}, {"pk": 39, "model": "auth.permission", "fields": {"codename": "delete_snippet", "name": "Can delete Snippet", "content_type": 13}}, {"pk": 40, "model": "auth.permission", "fields": {"codename": "add_snippetptr", "name": "Can add Snippet", "content_type": 14}}, {"pk": 41, "model": "auth.permission", "fields": {"codename": "change_snippetptr", "name": "Can change Snippet", "content_type": 14}}, {"pk": 42, "model": "auth.permission", "fields": {"codename": "delete_snippetptr", "name": "Can delete Snippet", "content_type": 14}}, {"pk": 34, "model": "auth.permission", "fields": {"codename": "add_text", "name": "Can add text", "content_type": 12}}, {"pk": 35, "model": "auth.permission", "fields": {"codename": "change_text", "name": "Can change text", "content_type": 12}}, {"pk": 36, "model": "auth.permission", "fields": {"codename": "delete_text", "name": "Can delete text", "content_type": 12}}, {"pk": 191, "model": "auth.permission", "fields": {"codename": "add_studentship", "name": "Can add studentship", "content_type": 64}}, {"pk": 192, "model": "auth.permission", "fields": {"codename": "change_studentship", "name": "Can change studentship", "content_type": 64}}, {"pk": 193, "model": "auth.permission", "fields": {"codename": "delete_studentship", "name": "Can delete studentship", "content_type": 64}}, {"pk": 194, "model": "auth.permission", "fields": {"codename": "add_vacanciesplugin", "name": "Can add vacancies plugin", "content_type": 65}}, {"pk": 195, "model": "auth.permission", "fields": {"codename": "change_vacanciesplugin", "name": "Can change vacancies plugin", "content_type": 65}}, {"pk": 196, "model": "auth.permission", "fields": {"codename": "delete_vacanciesplugin", "name": "Can delete vacancies plugin", "content_type": 65}}, {"pk": 188, "model": "auth.permission", "fields": {"codename": "add_vacancy", "name": "Can add vacancy", "content_type": 63}}, {"pk": 189, "model": "auth.permission", "fields": {"codename": "change_vacancy", "name": "Can change vacancy", "content_type": 63}}, {"pk": 190, "model": "auth.permission", "fields": {"codename": "delete_vacancy", "name": "Can delete vacancy", "content_type": 63}}, {"pk": 1, "model": "filer.image", "fields": {"subject_location": "178,292", "must_always_publish_copyright": false, "date_taken": "2011-06-30 21:24:02", "author": "", "_height": 500, "_width": 382, "must_always_publish_author_credit": false, "default_alt_text": "", "default_caption": ""}}, {"pk": 1, "model": "filer.file", "fields": {"sha1": "28e5b40dbd9e3d01d4cef5bcd4850a721af27611", "original_filename": "0020n040.jpg", "name": "Cutaway body", "description": "Latest research at the Institute has revealed the body's secrets", "modified_at": "2011-06-30 21:28:00", "_file_size": 47641, "uploaded_at": "2011-06-30 21:24:02", "file": "2011/06/30/0020n040.jpg", "owner": 1, "is_public": true, "folder": 1, "has_all_mandatory_data": true, "polymorphic_ctype": 37}}, {"pk": 1, "model": "links.genericlinklistpluginitem", "fields": {"metadata_override": "", "text_override": "", "html_title_attribute": "", "destination_object_id": 2, "description_override": "", "include_description": false, "destination_content_type": 52, "key_link": false, "heading_override": "", "plugin": 15}}, {"pk": 2, "model": "links.genericlinklistpluginitem", "fields": {"metadata_override": "", "text_override": "", "html_title_attribute": "", "destination_object_id": 14, "description_override": "", "include_description": false, "destination_content_type": 52, "key_link": false, "heading_override": "", "plugin": 15}}, {"pk": 3, "model": "links.genericlinklistpluginitem", "fields": {"metadata_override": "", "text_override": "", "html_title_attribute": "", "destination_object_id": 5, "description_override": "", "include_description": false, "destination_content_type": 52, "key_link": false, "heading_override": "", "plugin": 15}}, {"pk": 1, "model": "auth.user", "fields": {"username": "arkestra", "first_name": "", "last_name": "", "is_active": true, "is_superuser": true, "is_staff": true, "last_login": "2011-06-30 21:25:57", "groups": [], "user_permissions": [], "password": "sha1$d792a$5dcf9637d2e5d67e31c35fd42995822923dc0ae9", "email": "", "date_joined": "2011-06-21 15:54:28"}}]