[
    {
        "pk": 1,
        "model": "arkestra_utilities.insert",
        "fields": {
            "content": 77,
            "description": "Add a plugin, if you dare",
            "insertion_point": "newsflash"
        }
    },
    {
        "pk": 2,
        "model": "arkestra_utilities.insert",
        "fields": {
            "content": 78,
            "description": "A site-wide footer",
            "insertion_point": "footer-disabled"
        }
    },
    {
        "pk": 3,
        "model": "arkestra_utilities.insert",
        "fields": {
            "content": 97,
            "description": null,
            "insertion_point": "footer"
        }
    },
    {
        "pk": 1,
        "model": "cms.placeholder",
        "fields": {
            "slot": "body",
            "default_width": null
        }
    },
    {
        "pk": 2,
        "model": "cms.placeholder",
        "fields": {
            "slot": "body",
            "default_width": null
        }
    },
    {
        "pk": 3,
        "model": "cms.placeholder",
        "fields": {
            "slot": "body",
            "default_width": null
        }
    },
    {
        "pk": 4,
        "model": "cms.placeholder",
        "fields": {
            "slot": "body",
            "default_width": null
        }
    },
    {
        "pk": 5,
        "model": "cms.placeholder",
        "fields": {
            "slot": "simple",
            "default_width": null
        }
    },
    {
        "pk": 6,
        "model": "cms.placeholder",
        "fields": {
            "slot": "simple",
            "default_width": null
        }
    },
    {
        "pk": 7,
        "model": "cms.placeholder",
        "fields": {
            "slot": "body",
            "default_width": null
        }
    },
    {
        "pk": 8,
        "model": "cms.placeholder",
        "fields": {
            "slot": "simple",
            "default_width": null
        }
    },
    {
        "pk": 9,
        "model": "cms.placeholder",
        "fields": {
            "slot": "simple",
            "default_width": null
        }
    },
    {
        "pk": 10,
        "model": "cms.placeholder",
        "fields": {
            "slot": "body",
            "default_width": null
        }
    },
    {
        "pk": 11,
        "model": "cms.placeholder",
        "fields": {
            "slot": "simple",
            "default_width": null
        }
    },
    {
        "pk": 12,
        "model": "cms.placeholder",
        "fields": {
            "slot": "simple",
            "default_width": null
        }
    },
    {
        "pk": 13,
        "model": "cms.placeholder",
        "fields": {
            "slot": "body",
            "default_width": null
        }
    },
    {
        "pk": 14,
        "model": "cms.placeholder",
        "fields": {
            "slot": "simple",
            "default_width": null
        }
    },
    {
        "pk": 15,
        "model": "cms.placeholder",
        "fields": {
            "slot": "simple",
            "default_width": null
        }
    },
    {
        "pk": 16,
        "model": "cms.placeholder",
        "fields": {
            "slot": "body",
            "default_width": null
        }
    },
    {
        "pk": 17,
        "model": "cms.placeholder",
        "fields": {
            "slot": "simple",
            "default_width": null
        }
    },
    {
        "pk": 18,
        "model": "cms.placeholder",
        "fields": {
            "slot": "simple",
            "default_width": null
        }
    },
    {
        "pk": 19,
        "model": "cms.placeholder",
        "fields": {
            "slot": "body",
            "default_width": null
        }
    },
    {
        "pk": 20,
        "model": "cms.placeholder",
        "fields": {
            "slot": "body",
            "default_width": null
        }
    },
    {
        "pk": 21,
        "model": "cms.placeholder",
        "fields": {
            "slot": "body",
            "default_width": null
        }
    },
    {
        "pk": 22,
        "model": "cms.placeholder",
        "fields": {
            "slot": "body",
            "default_width": null
        }
    },
    {
        "pk": 23,
        "model": "cms.placeholder",
        "fields": {
            "slot": "body",
            "default_width": null
        }
    },
    {
        "pk": 24,
        "model": "cms.placeholder",
        "fields": {
            "slot": "body",
            "default_width": null
        }
    },
    {
        "pk": 25,
        "model": "cms.placeholder",
        "fields": {
            "slot": "body",
            "default_width": null
        }
    },
    {
        "pk": 26,
        "model": "cms.placeholder",
        "fields": {
            "slot": "body",
            "default_width": null
        }
    },
    {
        "pk": 27,
        "model": "cms.placeholder",
        "fields": {
            "slot": "body",
            "default_width": null
        }
    },
    {
        "pk": 28,
        "model": "cms.placeholder",
        "fields": {
            "slot": "body",
            "default_width": null
        }
    },
    {
        "pk": 29,
        "model": "cms.placeholder",
        "fields": {
            "slot": "body",
            "default_width": null
        }
    },
    {
        "pk": 30,
        "model": "cms.placeholder",
        "fields": {
            "slot": "body",
            "default_width": null
        }
    },
    {
        "pk": 31,
        "model": "cms.placeholder",
        "fields": {
            "slot": "body",
            "default_width": null
        }
    },
    {
        "pk": 32,
        "model": "cms.placeholder",
        "fields": {
            "slot": "body",
            "default_width": null
        }
    },
    {
        "pk": 33,
        "model": "cms.placeholder",
        "fields": {
            "slot": "body",
            "default_width": null
        }
    },
    {
        "pk": 34,
        "model": "cms.placeholder",
        "fields": {
            "slot": "body",
            "default_width": null
        }
    },
    {
        "pk": 35,
        "model": "cms.placeholder",
        "fields": {
            "slot": "body",
            "default_width": null
        }
    },
    {
        "pk": 36,
        "model": "cms.placeholder",
        "fields": {
            "slot": "body",
            "default_width": null
        }
    },
    {
        "pk": 37,
        "model": "cms.placeholder",
        "fields": {
            "slot": "body",
            "default_width": null
        }
    },
    {
        "pk": 38,
        "model": "cms.placeholder",
        "fields": {
            "slot": "body",
            "default_width": null
        }
    },
    {
        "pk": 39,
        "model": "cms.placeholder",
        "fields": {
            "slot": "body",
            "default_width": null
        }
    },
    {
        "pk": 40,
        "model": "cms.placeholder",
        "fields": {
            "slot": "simple",
            "default_width": null
        }
    },
    {
        "pk": 41,
        "model": "cms.placeholder",
        "fields": {
            "slot": "simple",
            "default_width": null
        }
    },
    {
        "pk": 42,
        "model": "cms.placeholder",
        "fields": {
            "slot": "body",
            "default_width": null
        }
    },
    {
        "pk": 43,
        "model": "cms.placeholder",
        "fields": {
            "slot": "simple",
            "default_width": null
        }
    },
    {
        "pk": 44,
        "model": "cms.placeholder",
        "fields": {
            "slot": "simple",
            "default_width": null
        }
    },
    {
        "pk": 45,
        "model": "cms.placeholder",
        "fields": {
            "slot": "body",
            "default_width": null
        }
    },
    {
        "pk": 46,
        "model": "cms.placeholder",
        "fields": {
            "slot": "body",
            "default_width": null
        }
    },
    {
        "pk": 47,
        "model": "cms.placeholder",
        "fields": {
            "slot": "body",
            "default_width": null
        }
    },
    {
        "pk": 48,
        "model": "cms.placeholder",
        "fields": {
            "slot": "description",
            "default_width": null
        }
    },
    {
        "pk": 49,
        "model": "cms.placeholder",
        "fields": {
            "slot": "description",
            "default_width": null
        }
    },
    {
        "pk": 50,
        "model": "cms.placeholder",
        "fields": {
            "slot": "description",
            "default_width": null
        }
    },
    {
        "pk": 51,
        "model": "cms.placeholder",
        "fields": {
            "slot": "description",
            "default_width": null
        }
    },
    {
        "pk": 52,
        "model": "cms.placeholder",
        "fields": {
            "slot": "description",
            "default_width": null
        }
    },
    {
        "pk": 53,
        "model": "cms.placeholder",
        "fields": {
            "slot": "description",
            "default_width": null
        }
    },
    {
        "pk": 54,
        "model": "cms.placeholder",
        "fields": {
            "slot": "description",
            "default_width": null
        }
    },
    {
        "pk": 55,
        "model": "cms.placeholder",
        "fields": {
            "slot": "description",
            "default_width": null
        }
    },
    {
        "pk": 56,
        "model": "cms.placeholder",
        "fields": {
            "slot": "description",
            "default_width": null
        }
    },
    {
        "pk": 57,
        "model": "cms.placeholder",
        "fields": {
            "slot": "description",
            "default_width": null
        }
    },
    {
        "pk": 58,
        "model": "cms.placeholder",
        "fields": {
            "slot": "description",
            "default_width": null
        }
    },
    {
        "pk": 59,
        "model": "cms.placeholder",
        "fields": {
            "slot": "description",
            "default_width": null
        }
    },
    {
        "pk": 60,
        "model": "cms.placeholder",
        "fields": {
            "slot": "description",
            "default_width": null
        }
    },
    {
        "pk": 61,
        "model": "cms.placeholder",
        "fields": {
            "slot": "body",
            "default_width": null
        }
    },
    {
        "pk": 62,
        "model": "cms.placeholder",
        "fields": {
            "slot": "body",
            "default_width": null
        }
    },
    {
        "pk": 63,
        "model": "cms.placeholder",
        "fields": {
            "slot": "body",
            "default_width": null
        }
    },
    {
        "pk": 64,
        "model": "cms.placeholder",
        "fields": {
            "slot": "body",
            "default_width": null
        }
    },
    {
        "pk": 65,
        "model": "cms.placeholder",
        "fields": {
            "slot": "body",
            "default_width": null
        }
    },
    {
        "pk": 66,
        "model": "cms.placeholder",
        "fields": {
            "slot": "body",
            "default_width": null
        }
    },
    {
        "pk": 67,
        "model": "cms.placeholder",
        "fields": {
            "slot": "body",
            "default_width": null
        }
    },
    {
        "pk": 68,
        "model": "cms.placeholder",
        "fields": {
            "slot": "description",
            "default_width": null
        }
    },
    {
        "pk": 69,
        "model": "cms.placeholder",
        "fields": {
            "slot": "body",
            "default_width": null
        }
    },
    {
        "pk": 70,
        "model": "cms.placeholder",
        "fields": {
            "slot": "body",
            "default_width": null
        }
    },
    {
        "pk": 71,
        "model": "cms.placeholder",
        "fields": {
            "slot": "body",
            "default_width": null
        }
    },
    {
        "pk": 72,
        "model": "cms.placeholder",
        "fields": {
            "slot": "description",
            "default_width": null
        }
    },
    {
        "pk": 73,
        "model": "cms.placeholder",
        "fields": {
            "slot": "body",
            "default_width": null
        }
    },
    {
        "pk": 74,
        "model": "cms.placeholder",
        "fields": {
            "slot": "inserter",
            "default_width": null
        }
    },
    {
        "pk": 75,
        "model": "cms.placeholder",
        "fields": {
            "slot": "inserter",
            "default_width": null
        }
    },
    {
        "pk": 76,
        "model": "cms.placeholder",
        "fields": {
            "slot": "inserter",
            "default_width": null
        }
    },
    {
        "pk": 77,
        "model": "cms.placeholder",
        "fields": {
            "slot": "insert",
            "default_width": null
        }
    },
    {
        "pk": 78,
        "model": "cms.placeholder",
        "fields": {
            "slot": "insert",
            "default_width": null
        }
    },
    {
        "pk": 79,
        "model": "cms.placeholder",
        "fields": {
            "slot": "body",
            "default_width": null
        }
    },
    {
        "pk": 80,
        "model": "cms.placeholder",
        "fields": {
            "slot": "body",
            "default_width": null
        }
    },
    {
        "pk": 81,
        "model": "cms.placeholder",
        "fields": {
            "slot": "body",
            "default_width": null
        }
    },
    {
        "pk": 82,
        "model": "cms.placeholder",
        "fields": {
            "slot": "body",
            "default_width": null
        }
    },
    {
        "pk": 83,
        "model": "cms.placeholder",
        "fields": {
            "slot": "body",
            "default_width": null
        }
    },
    {
        "pk": 84,
        "model": "cms.placeholder",
        "fields": {
            "slot": "body",
            "default_width": null
        }
    },
    {
        "pk": 85,
        "model": "cms.placeholder",
        "fields": {
            "slot": "body",
            "default_width": null
        }
    },
    {
        "pk": 86,
        "model": "cms.placeholder",
        "fields": {
            "slot": "body",
            "default_width": null
        }
    },
    {
        "pk": 87,
        "model": "cms.placeholder",
        "fields": {
            "slot": "body",
            "default_width": null
        }
    },
    {
        "pk": 88,
        "model": "cms.placeholder",
        "fields": {
            "slot": "body",
            "default_width": null
        }
    },
    {
        "pk": 89,
        "model": "cms.placeholder",
        "fields": {
            "slot": "body",
            "default_width": null
        }
    },
    {
        "pk": 90,
        "model": "cms.placeholder",
        "fields": {
            "slot": "body",
            "default_width": null
        }
    },
    {
        "pk": 91,
        "model": "cms.placeholder",
        "fields": {
            "slot": "body",
            "default_width": null
        }
    },
    {
        "pk": 92,
        "model": "cms.placeholder",
        "fields": {
            "slot": "body",
            "default_width": null
        }
    },
    {
        "pk": 93,
        "model": "cms.placeholder",
        "fields": {
            "slot": "body",
            "default_width": null
        }
    },
    {
        "pk": 94,
        "model": "cms.placeholder",
        "fields": {
            "slot": "body",
            "default_width": null
        }
    },
    {
        "pk": 95,
        "model": "cms.placeholder",
        "fields": {
            "slot": "body",
            "default_width": null
        }
    },
    {
        "pk": 96,
        "model": "cms.placeholder",
        "fields": {
            "slot": "body",
            "default_width": null
        }
    },
    {
        "pk": 97,
        "model": "cms.placeholder",
        "fields": {
            "slot": "insert",
            "default_width": null
        }
    },
    {
        "pk": 98,
        "model": "cms.placeholder",
        "fields": {
            "slot": "body",
            "default_width": null
        }
    },
    {
        "pk": 99,
        "model": "cms.placeholder",
        "fields": {
            "slot": "body",
            "default_width": null
        }
    },
    {
        "pk": 100,
        "model": "cms.placeholder",
        "fields": {
            "slot": "body",
            "default_width": null
        }
    },
    {
        "pk": 101,
        "model": "cms.placeholder",
        "fields": {
            "slot": "body",
            "default_width": null
        }
    },
    {
        "pk": 102,
        "model": "cms.placeholder",
        "fields": {
            "slot": "body",
            "default_width": null
        }
    },
    {
        "pk": 103,
        "model": "cms.placeholder",
        "fields": {
            "slot": "body",
            "default_width": null
        }
    },
    {
        "pk": 104,
        "model": "cms.placeholder",
        "fields": {
            "slot": "body",
            "default_width": null
        }
    },
    {
        "pk": 105,
        "model": "cms.placeholder",
        "fields": {
            "slot": "body",
            "default_width": null
        }
    },
    {
        "pk": 106,
        "model": "cms.placeholder",
        "fields": {
            "slot": "body",
            "default_width": null
        }
    },
    {
        "pk": 107,
        "model": "cms.placeholder",
        "fields": {
            "slot": "body",
            "default_width": null
        }
    },
    {
        "pk": 108,
        "model": "cms.placeholder",
        "fields": {
            "slot": "body",
            "default_width": null
        }
    },
    {
        "pk": 109,
        "model": "cms.placeholder",
        "fields": {
            "slot": "body",
            "default_width": null
        }
    },
    {
        "pk": 110,
        "model": "cms.placeholder",
        "fields": {
            "slot": "body",
            "default_width": null
        }
    },
    {
        "pk": 111,
        "model": "cms.placeholder",
        "fields": {
            "slot": "body",
            "default_width": null
        }
    },
    {
        "pk": 112,
        "model": "cms.placeholder",
        "fields": {
            "slot": "body",
            "default_width": null
        }
    },
    {
        "pk": 113,
        "model": "cms.placeholder",
        "fields": {
            "slot": "body",
            "default_width": null
        }
    },
    {
        "pk": 114,
        "model": "cms.placeholder",
        "fields": {
            "slot": "body",
            "default_width": null
        }
    },
    {
        "pk": 115,
        "model": "cms.placeholder",
        "fields": {
            "slot": "body",
            "default_width": null
        }
    },
    {
        "pk": 116,
        "model": "cms.placeholder",
        "fields": {
            "slot": "body",
            "default_width": null
        }
    },
    {
        "pk": 117,
        "model": "cms.placeholder",
        "fields": {
            "slot": "description",
            "default_width": null
        }
    },
    {
        "pk": 118,
        "model": "cms.placeholder",
        "fields": {
            "slot": "body",
            "default_width": null
        }
    },
    {
        "pk": 120,
        "model": "cms.placeholder",
        "fields": {
            "slot": "body",
            "default_width": null
        }
    },
    {
        "pk": 121,
        "model": "cms.placeholder",
        "fields": {
            "slot": "body",
            "default_width": null
        }
    },
    {
        "pk": 122,
        "model": "cms.placeholder",
        "fields": {
            "slot": "body",
            "default_width": null
        }
    },
    {
        "pk": 123,
        "model": "cms.placeholder",
        "fields": {
            "slot": "body",
            "default_width": null
        }
    },
    {
        "pk": 124,
        "model": "cms.placeholder",
        "fields": {
            "slot": "body",
            "default_width": null
        }
    },
    {
        "pk": 125,
        "model": "cms.placeholder",
        "fields": {
            "slot": "body",
            "default_width": null
        }
    },
    {
        "pk": 126,
        "model": "cms.placeholder",
        "fields": {
            "slot": "body",
            "default_width": null
        }
    },
    {
        "pk": 127,
        "model": "cms.placeholder",
        "fields": {
            "slot": "body",
            "default_width": null
        }
    },
    {
        "pk": 128,
        "model": "cms.placeholder",
        "fields": {
            "slot": "body",
            "default_width": null
        }
    },
    {
        "pk": 129,
        "model": "cms.placeholder",
        "fields": {
            "slot": "body",
            "default_width": null
        }
    },
    {
        "pk": 130,
        "model": "cms.placeholder",
        "fields": {
            "slot": "body",
            "default_width": null
        }
    },
    {
        "pk": 131,
        "model": "cms.placeholder",
        "fields": {
            "slot": "body",
            "default_width": null
        }
    },
    {
        "pk": 132,
        "model": "cms.placeholder",
        "fields": {
            "slot": "body",
            "default_width": null
        }
    },
    {
        "pk": 133,
        "model": "cms.placeholder",
        "fields": {
            "slot": "body",
            "default_width": null
        }
    },
    {
        "pk": 134,
        "model": "cms.placeholder",
        "fields": {
            "slot": "body",
            "default_width": null
        }
    },
    {
        "pk": 135,
        "model": "cms.placeholder",
        "fields": {
            "slot": "body",
            "default_width": null
        }
    },
    {
        "pk": 136,
        "model": "cms.placeholder",
        "fields": {
            "slot": "body",
            "default_width": null
        }
    },
    {
        "pk": 137,
        "model": "cms.placeholder",
        "fields": {
            "slot": "body",
            "default_width": null
        }
    },
    {
        "pk": 138,
        "model": "cms.placeholder",
        "fields": {
            "slot": "body",
            "default_width": null
        }
    },
    {
        "pk": 139,
        "model": "cms.placeholder",
        "fields": {
            "slot": "body",
            "default_width": null
        }
    },
    {
        "pk": 140,
        "model": "cms.placeholder",
        "fields": {
            "slot": "body",
            "default_width": null
        }
    },
    {
        "pk": 141,
        "model": "cms.placeholder",
        "fields": {
            "slot": "body",
            "default_width": null
        }
    },
    {
        "pk": 142,
        "model": "cms.placeholder",
        "fields": {
            "slot": "body",
            "default_width": null
        }
    },
    {
        "pk": 143,
        "model": "cms.placeholder",
        "fields": {
            "slot": "body",
            "default_width": null
        }
    },
    {
        "pk": 144,
        "model": "cms.placeholder",
        "fields": {
            "slot": "body",
            "default_width": null
        }
    },
    {
        "pk": 145,
        "model": "cms.placeholder",
        "fields": {
            "slot": "body",
            "default_width": null
        }
    },
    {
        "pk": 146,
        "model": "cms.placeholder",
        "fields": {
            "slot": "body",
            "default_width": null
        }
    },
    {
        "pk": 147,
        "model": "cms.placeholder",
        "fields": {
            "slot": "body",
            "default_width": null
        }
    },
    {
        "pk": 148,
        "model": "cms.placeholder",
        "fields": {
            "slot": "body",
            "default_width": null
        }
    },
    {
        "pk": 149,
        "model": "cms.placeholder",
        "fields": {
            "slot": "body",
            "default_width": null
        }
    },
    {
        "pk": 150,
        "model": "cms.placeholder",
        "fields": {
            "slot": "body",
            "default_width": null
        }
    },
    {
        "pk": 151,
        "model": "cms.placeholder",
        "fields": {
            "slot": "body",
            "default_width": null
        }
    },
    {
        "pk": 152,
        "model": "cms.placeholder",
        "fields": {
            "slot": "body",
            "default_width": null
        }
    },
    {
        "pk": 153,
        "model": "cms.placeholder",
        "fields": {
            "slot": "body",
            "default_width": null
        }
    },
    {
        "pk": 154,
        "model": "cms.placeholder",
        "fields": {
            "slot": "body",
            "default_width": null
        }
    },
    {
        "pk": 155,
        "model": "cms.placeholder",
        "fields": {
            "slot": "body",
            "default_width": null
        }
    },
    {
        "pk": 156,
        "model": "cms.placeholder",
        "fields": {
            "slot": "body",
            "default_width": null
        }
    },
    {
        "pk": 157,
        "model": "cms.placeholder",
        "fields": {
            "slot": "body",
            "default_width": null
        }
    },
    {
        "pk": 158,
        "model": "cms.placeholder",
        "fields": {
            "slot": "body",
            "default_width": null
        }
    },
    {
        "pk": 159,
        "model": "cms.placeholder",
        "fields": {
            "slot": "body",
            "default_width": null
        }
    },
    {
        "pk": 160,
        "model": "cms.placeholder",
        "fields": {
            "slot": "body",
            "default_width": null
        }
    },
    {
        "pk": 161,
        "model": "cms.placeholder",
        "fields": {
            "slot": "body",
            "default_width": null
        }
    },
    {
        "pk": 162,
        "model": "cms.placeholder",
        "fields": {
            "slot": "body",
            "default_width": null
        }
    },
    {
        "pk": 163,
        "model": "cms.placeholder",
        "fields": {
            "slot": "body",
            "default_width": null
        }
    },
    {
        "pk": 164,
        "model": "cms.placeholder",
        "fields": {
            "slot": "body",
            "default_width": null
        }
    },
    {
        "pk": 165,
        "model": "cms.placeholder",
        "fields": {
            "slot": "body",
            "default_width": null
        }
    },
    {
        "pk": 166,
        "model": "cms.placeholder",
        "fields": {
            "slot": "body",
            "default_width": null
        }
    },
    {
        "pk": 167,
        "model": "cms.placeholder",
        "fields": {
            "slot": "body",
            "default_width": null
        }
    },
    {
        "pk": 168,
        "model": "cms.placeholder",
        "fields": {
            "slot": "body",
            "default_width": null
        }
    },
    {
        "pk": 169,
        "model": "cms.placeholder",
        "fields": {
            "slot": "body",
            "default_width": null
        }
    },
    {
        "pk": 170,
        "model": "cms.placeholder",
        "fields": {
            "slot": "body",
            "default_width": null
        }
    },
    {
        "pk": 171,
        "model": "cms.placeholder",
        "fields": {
            "slot": "body",
            "default_width": null
        }
    },
    {
        "pk": 172,
        "model": "cms.placeholder",
        "fields": {
            "slot": "body",
            "default_width": null
        }
    },
    {
        "pk": 173,
        "model": "cms.placeholder",
        "fields": {
            "slot": "body",
            "default_width": null
        }
    },
    {
        "pk": 174,
        "model": "cms.placeholder",
        "fields": {
            "slot": "body",
            "default_width": null
        }
    },
    {
        "pk": 175,
        "model": "cms.placeholder",
        "fields": {
            "slot": "body",
            "default_width": null
        }
    },
    {
        "pk": 176,
        "model": "cms.placeholder",
        "fields": {
            "slot": "body",
            "default_width": null
        }
    },
    {
        "pk": 177,
        "model": "cms.placeholder",
        "fields": {
            "slot": "body",
            "default_width": null
        }
    },
    {
        "pk": 178,
        "model": "cms.placeholder",
        "fields": {
            "slot": "body",
            "default_width": null
        }
    },
    {
        "pk": 179,
        "model": "cms.placeholder",
        "fields": {
            "slot": "body",
            "default_width": null
        }
    },
    {
        "pk": 180,
        "model": "cms.placeholder",
        "fields": {
            "slot": "body",
            "default_width": null
        }
    },
    {
        "pk": 181,
        "model": "cms.placeholder",
        "fields": {
            "slot": "body",
            "default_width": null
        }
    },
    {
        "pk": 182,
        "model": "cms.placeholder",
        "fields": {
            "slot": "body",
            "default_width": null
        }
    },
    {
        "pk": 183,
        "model": "cms.placeholder",
        "fields": {
            "slot": "body",
            "default_width": null
        }
    },
    {
        "pk": 184,
        "model": "cms.placeholder",
        "fields": {
            "slot": "body",
            "default_width": null
        }
    },
    {
        "pk": 185,
        "model": "cms.placeholder",
        "fields": {
            "slot": "body",
            "default_width": null
        }
    },
    {
        "pk": 186,
        "model": "cms.placeholder",
        "fields": {
            "slot": "body",
            "default_width": null
        }
    },
    {
        "pk": 187,
        "model": "cms.placeholder",
        "fields": {
            "slot": "body",
            "default_width": null
        }
    },
    {
        "pk": 188,
        "model": "cms.placeholder",
        "fields": {
            "slot": "body",
            "default_width": null
        }
    },
    {
        "pk": 189,
        "model": "cms.placeholder",
        "fields": {
            "slot": "body",
            "default_width": null
        }
    },
    {
        "pk": 190,
        "model": "cms.placeholder",
        "fields": {
            "slot": "body",
            "default_width": null
        }
    },
    {
        "pk": 191,
        "model": "cms.placeholder",
        "fields": {
            "slot": "body",
            "default_width": null
        }
    },
    {
        "pk": 192,
        "model": "cms.placeholder",
        "fields": {
            "slot": "body",
            "default_width": null
        }
    },
    {
        "pk": 193,
        "model": "cms.placeholder",
        "fields": {
            "slot": "body",
            "default_width": null
        }
    },
    {
        "pk": 194,
        "model": "cms.placeholder",
        "fields": {
            "slot": "body",
            "default_width": null
        }
    },
    {
        "pk": 195,
        "model": "cms.placeholder",
        "fields": {
            "slot": "body",
            "default_width": null
        }
    },
    {
        "pk": 196,
        "model": "cms.placeholder",
        "fields": {
            "slot": "body",
            "default_width": null
        }
    },
    {
        "pk": 197,
        "model": "cms.placeholder",
        "fields": {
            "slot": "body",
            "default_width": null
        }
    },
    {
        "pk": 198,
        "model": "cms.placeholder",
        "fields": {
            "slot": "body",
            "default_width": null
        }
    },
    {
        "pk": 199,
        "model": "cms.placeholder",
        "fields": {
            "slot": "body",
            "default_width": null
        }
    },
    {
        "pk": 200,
        "model": "cms.placeholder",
        "fields": {
            "slot": "body",
            "default_width": null
        }
    },
    {
        "pk": 201,
        "model": "cms.placeholder",
        "fields": {
            "slot": "body",
            "default_width": null
        }
    },
    {
        "pk": 202,
        "model": "cms.placeholder",
        "fields": {
            "slot": "body",
            "default_width": null
        }
    },
    {
        "pk": 203,
        "model": "cms.placeholder",
        "fields": {
            "slot": "body",
            "default_width": null
        }
    },
    {
        "pk": 204,
        "model": "cms.placeholder",
        "fields": {
            "slot": "body",
            "default_width": null
        }
    },
    {
        "pk": 205,
        "model": "cms.placeholder",
        "fields": {
            "slot": "body",
            "default_width": null
        }
    },
    {
        "pk": 206,
        "model": "cms.placeholder",
        "fields": {
            "slot": "body",
            "default_width": null
        }
    },
    {
        "pk": 207,
        "model": "cms.placeholder",
        "fields": {
            "slot": "body",
            "default_width": null
        }
    },
    {
        "pk": 208,
        "model": "cms.placeholder",
        "fields": {
            "slot": "body",
            "default_width": null
        }
    },
    {
        "pk": 209,
        "model": "cms.placeholder",
        "fields": {
            "slot": "body",
            "default_width": null
        }
    },
    {
        "pk": 210,
        "model": "cms.placeholder",
        "fields": {
            "slot": "body",
            "default_width": null
        }
    },
    {
        "pk": 211,
        "model": "cms.placeholder",
        "fields": {
            "slot": "body",
            "default_width": null
        }
    },
    {
        "pk": 212,
        "model": "cms.placeholder",
        "fields": {
            "slot": "body",
            "default_width": null
        }
    },
    {
        "pk": 213,
        "model": "cms.placeholder",
        "fields": {
            "slot": "body",
            "default_width": null
        }
    },
    {
        "pk": 214,
        "model": "cms.placeholder",
        "fields": {
            "slot": "body",
            "default_width": null
        }
    },
    {
        "pk": 215,
        "model": "cms.placeholder",
        "fields": {
            "slot": "body",
            "default_width": null
        }
    },
    {
        "pk": 216,
        "model": "cms.placeholder",
        "fields": {
            "slot": "body",
            "default_width": null
        }
    },
    {
        "pk": 217,
        "model": "cms.placeholder",
        "fields": {
            "slot": "body",
            "default_width": null
        }
    },
    {
        "pk": 218,
        "model": "cms.placeholder",
        "fields": {
            "slot": "body",
            "default_width": null
        }
    },
    {
        "pk": 219,
        "model": "cms.placeholder",
        "fields": {
            "slot": "body",
            "default_width": null
        }
    },
    {
        "pk": 220,
        "model": "cms.placeholder",
        "fields": {
            "slot": "body",
            "default_width": null
        }
    },
    {
        "pk": 221,
        "model": "cms.placeholder",
        "fields": {
            "slot": "body",
            "default_width": null
        }
    },
    {
        "pk": 222,
        "model": "cms.placeholder",
        "fields": {
            "slot": "body",
            "default_width": null
        }
    },
    {
        "pk": 223,
        "model": "cms.placeholder",
        "fields": {
            "slot": "body",
            "default_width": null
        }
    },
    {
        "pk": 224,
        "model": "cms.placeholder",
        "fields": {
            "slot": "body",
            "default_width": null
        }
    },
    {
        "pk": 225,
        "model": "cms.placeholder",
        "fields": {
            "slot": "body",
            "default_width": null
        }
    },
    {
        "pk": 226,
        "model": "cms.placeholder",
        "fields": {
            "slot": "body",
            "default_width": null
        }
    },
    {
        "pk": 227,
        "model": "cms.placeholder",
        "fields": {
            "slot": "body",
            "default_width": null
        }
    },
    {
        "pk": 228,
        "model": "cms.placeholder",
        "fields": {
            "slot": "body",
            "default_width": null
        }
    },
    {
        "pk": 229,
        "model": "cms.placeholder",
        "fields": {
            "slot": "body",
            "default_width": null
        }
    },
    {
        "pk": 230,
        "model": "cms.placeholder",
        "fields": {
            "slot": "body",
            "default_width": null
        }
    },
    {
        "pk": 231,
        "model": "cms.placeholder",
        "fields": {
            "slot": "body",
            "default_width": null
        }
    },
    {
        "pk": 232,
        "model": "cms.placeholder",
        "fields": {
            "slot": "body",
            "default_width": null
        }
    },
    {
        "pk": 233,
        "model": "cms.placeholder",
        "fields": {
            "slot": "body",
            "default_width": null
        }
    },
    {
        "pk": 234,
        "model": "cms.placeholder",
        "fields": {
            "slot": "body",
            "default_width": null
        }
    },
    {
        "pk": 235,
        "model": "cms.placeholder",
        "fields": {
            "slot": "body",
            "default_width": null
        }
    },
    {
        "pk": 236,
        "model": "cms.placeholder",
        "fields": {
            "slot": "body",
            "default_width": null
        }
    },
    {
        "pk": 237,
        "model": "cms.placeholder",
        "fields": {
            "slot": "body",
            "default_width": null
        }
    },
    {
        "pk": 238,
        "model": "cms.placeholder",
        "fields": {
            "slot": "body",
            "default_width": null
        }
    },
    {
        "pk": 239,
        "model": "cms.placeholder",
        "fields": {
            "slot": "body",
            "default_width": null
        }
    },
    {
        "pk": 240,
        "model": "cms.placeholder",
        "fields": {
            "slot": "body",
            "default_width": null
        }
    },
    {
        "pk": 241,
        "model": "cms.placeholder",
        "fields": {
            "slot": "body",
            "default_width": null
        }
    },
    {
        "pk": 242,
        "model": "cms.placeholder",
        "fields": {
            "slot": "body",
            "default_width": null
        }
    },
    {
        "pk": 243,
        "model": "cms.placeholder",
        "fields": {
            "slot": "body",
            "default_width": null
        }
    },
    {
        "pk": 244,
        "model": "cms.placeholder",
        "fields": {
            "slot": "body",
            "default_width": null
        }
    },
    {
        "pk": 245,
        "model": "cms.placeholder",
        "fields": {
            "slot": "body",
            "default_width": null
        }
    },
    {
        "pk": 246,
        "model": "cms.placeholder",
        "fields": {
            "slot": "body",
            "default_width": null
        }
    },
    {
        "pk": 247,
        "model": "cms.placeholder",
        "fields": {
            "slot": "body",
            "default_width": null
        }
    },
    {
        "pk": 248,
        "model": "cms.placeholder",
        "fields": {
            "slot": "body",
            "default_width": null
        }
    },
    {
        "pk": 249,
        "model": "cms.placeholder",
        "fields": {
            "slot": "body",
            "default_width": null
        }
    },
    {
        "pk": 250,
        "model": "cms.placeholder",
        "fields": {
            "slot": "body",
            "default_width": null
        }
    },
    {
        "pk": 251,
        "model": "cms.placeholder",
        "fields": {
            "slot": "body",
            "default_width": null
        }
    },
    {
        "pk": 252,
        "model": "cms.placeholder",
        "fields": {
            "slot": "body",
            "default_width": null
        }
    },
    {
        "pk": 253,
        "model": "cms.placeholder",
        "fields": {
            "slot": "body",
            "default_width": null
        }
    },
    {
        "pk": 254,
        "model": "cms.placeholder",
        "fields": {
            "slot": "body",
            "default_width": null
        }
    },
    {
        "pk": 255,
        "model": "cms.placeholder",
        "fields": {
            "slot": "body",
            "default_width": null
        }
    },
    {
        "pk": 256,
        "model": "cms.placeholder",
        "fields": {
            "slot": "body",
            "default_width": null
        }
    },
    {
        "pk": 257,
        "model": "cms.placeholder",
        "fields": {
            "slot": "body",
            "default_width": null
        }
    },
    {
        "pk": 258,
        "model": "cms.placeholder",
        "fields": {
            "slot": "body",
            "default_width": null
        }
    },
    {
        "pk": 259,
        "model": "cms.placeholder",
        "fields": {
            "slot": "body",
            "default_width": null
        }
    },
    {
        "pk": 260,
        "model": "cms.placeholder",
        "fields": {
            "slot": "body",
            "default_width": null
        }
    },
    {
        "pk": 261,
        "model": "cms.placeholder",
        "fields": {
            "slot": "body",
            "default_width": null
        }
    },
    {
        "pk": 262,
        "model": "cms.placeholder",
        "fields": {
            "slot": "body",
            "default_width": null
        }
    },
    {
        "pk": 263,
        "model": "cms.placeholder",
        "fields": {
            "slot": "body",
            "default_width": null
        }
    },
    {
        "pk": 264,
        "model": "cms.placeholder",
        "fields": {
            "slot": "body",
            "default_width": null
        }
    },
    {
        "pk": 265,
        "model": "cms.placeholder",
        "fields": {
            "slot": "body",
            "default_width": null
        }
    },
    {
        "pk": 266,
        "model": "cms.placeholder",
        "fields": {
            "slot": "body",
            "default_width": null
        }
    },
    {
        "pk": 267,
        "model": "cms.placeholder",
        "fields": {
            "slot": "body",
            "default_width": null
        }
    },
    {
        "pk": 268,
        "model": "cms.placeholder",
        "fields": {
            "slot": "body",
            "default_width": null
        }
    },
    {
        "pk": 269,
        "model": "cms.placeholder",
        "fields": {
            "slot": "body",
            "default_width": null
        }
    },
    {
        "pk": 270,
        "model": "cms.placeholder",
        "fields": {
            "slot": "body",
            "default_width": null
        }
    },
    {
        "pk": 271,
        "model": "cms.placeholder",
        "fields": {
            "slot": "body",
            "default_width": null
        }
    },
    {
        "pk": 272,
        "model": "cms.placeholder",
        "fields": {
            "slot": "body",
            "default_width": null
        }
    },
    {
        "pk": 273,
        "model": "cms.placeholder",
        "fields": {
            "slot": "body",
            "default_width": null
        }
    },
    {
        "pk": 274,
        "model": "cms.placeholder",
        "fields": {
            "slot": "body",
            "default_width": null
        }
    },
    {
        "pk": 275,
        "model": "cms.placeholder",
        "fields": {
            "slot": "body",
            "default_width": null
        }
    },
    {
        "pk": 276,
        "model": "cms.placeholder",
        "fields": {
            "slot": "body",
            "default_width": null
        }
    },
    {
        "pk": 277,
        "model": "cms.placeholder",
        "fields": {
            "slot": "body",
            "default_width": null
        }
    },
    {
        "pk": 278,
        "model": "cms.placeholder",
        "fields": {
            "slot": "body",
            "default_width": null
        }
    },
    {
        "pk": 279,
        "model": "cms.placeholder",
        "fields": {
            "slot": "body",
            "default_width": null
        }
    },
    {
        "pk": 280,
        "model": "cms.placeholder",
        "fields": {
            "slot": "body",
            "default_width": null
        }
    },
    {
        "pk": 281,
        "model": "cms.placeholder",
        "fields": {
            "slot": "body",
            "default_width": null
        }
    },
    {
        "pk": 282,
        "model": "cms.placeholder",
        "fields": {
            "slot": "body",
            "default_width": null
        }
    },
    {
        "pk": 283,
        "model": "cms.placeholder",
        "fields": {
            "slot": "body",
            "default_width": null
        }
    },
    {
        "pk": 284,
        "model": "cms.placeholder",
        "fields": {
            "slot": "body",
            "default_width": null
        }
    },
    {
        "pk": 285,
        "model": "cms.placeholder",
        "fields": {
            "slot": "body",
            "default_width": null
        }
    },
    {
        "pk": 286,
        "model": "cms.placeholder",
        "fields": {
            "slot": "body",
            "default_width": null
        }
    },
    {
        "pk": 287,
        "model": "cms.placeholder",
        "fields": {
            "slot": "body",
            "default_width": null
        }
    },
    {
        "pk": 288,
        "model": "cms.placeholder",
        "fields": {
            "slot": "body",
            "default_width": null
        }
    },
    {
        "pk": 289,
        "model": "cms.placeholder",
        "fields": {
            "slot": "body",
            "default_width": null
        }
    },
    {
        "pk": 290,
        "model": "cms.placeholder",
        "fields": {
            "slot": "body",
            "default_width": null
        }
    },
    {
        "pk": 291,
        "model": "cms.placeholder",
        "fields": {
            "slot": "body",
            "default_width": null
        }
    },
    {
        "pk": 292,
        "model": "cms.placeholder",
        "fields": {
            "slot": "body",
            "default_width": null
        }
    },
    {
        "pk": 293,
        "model": "cms.placeholder",
        "fields": {
            "slot": "body",
            "default_width": null
        }
    },
    {
        "pk": 294,
        "model": "cms.placeholder",
        "fields": {
            "slot": "body",
            "default_width": null
        }
    },
    {
        "pk": 295,
        "model": "cms.placeholder",
        "fields": {
            "slot": "body",
            "default_width": null
        }
    },
    {
        "pk": 296,
        "model": "cms.placeholder",
        "fields": {
            "slot": "body",
            "default_width": null
        }
    },
    {
        "pk": 297,
        "model": "cms.placeholder",
        "fields": {
            "slot": "body",
            "default_width": null
        }
    },
    {
        "pk": 298,
        "model": "cms.placeholder",
        "fields": {
            "slot": "body",
            "default_width": null
        }
    },
    {
        "pk": 299,
        "model": "cms.placeholder",
        "fields": {
            "slot": "body",
            "default_width": null
        }
    },
    {
        "pk": 300,
        "model": "cms.placeholder",
        "fields": {
            "slot": "body",
            "default_width": null
        }
    },
    {
        "pk": 301,
        "model": "cms.placeholder",
        "fields": {
            "slot": "body",
            "default_width": null
        }
    },
    {
        "pk": 302,
        "model": "cms.placeholder",
        "fields": {
            "slot": "body",
            "default_width": null
        }
    },
    {
        "pk": 303,
        "model": "cms.placeholder",
        "fields": {
            "slot": "body",
            "default_width": null
        }
    },
    {
        "pk": 304,
        "model": "cms.placeholder",
        "fields": {
            "slot": "body",
            "default_width": null
        }
    },
    {
        "pk": 305,
        "model": "cms.placeholder",
        "fields": {
            "slot": "body",
            "default_width": null
        }
    },
    {
        "pk": 306,
        "model": "cms.placeholder",
        "fields": {
            "slot": "body",
            "default_width": null
        }
    },
    {
        "pk": 307,
        "model": "cms.placeholder",
        "fields": {
            "slot": "body",
            "default_width": null
        }
    },
    {
        "pk": 308,
        "model": "cms.placeholder",
        "fields": {
            "slot": "body",
            "default_width": null
        }
    },
    {
        "pk": 309,
        "model": "cms.placeholder",
        "fields": {
            "slot": "body",
            "default_width": null
        }
    },
    {
        "pk": 310,
        "model": "cms.placeholder",
        "fields": {
            "slot": "body",
            "default_width": null
        }
    },
    {
        "pk": 311,
        "model": "cms.placeholder",
        "fields": {
            "slot": "body",
            "default_width": null
        }
    },
    {
        "pk": 312,
        "model": "cms.placeholder",
        "fields": {
            "slot": "body",
            "default_width": null
        }
    },
    {
        "pk": 313,
        "model": "cms.placeholder",
        "fields": {
            "slot": "body",
            "default_width": null
        }
    },
    {
        "pk": 314,
        "model": "cms.placeholder",
        "fields": {
            "slot": "body",
            "default_width": null
        }
    },
    {
        "pk": 315,
        "model": "cms.placeholder",
        "fields": {
            "slot": "body",
            "default_width": null
        }
    },
    {
        "pk": 316,
        "model": "cms.placeholder",
        "fields": {
            "slot": "body",
            "default_width": null
        }
    },
    {
        "pk": 317,
        "model": "cms.placeholder",
        "fields": {
            "slot": "body",
            "default_width": null
        }
    },
    {
        "pk": 318,
        "model": "cms.placeholder",
        "fields": {
            "slot": "body",
            "default_width": null
        }
    },
    {
        "pk": 319,
        "model": "cms.placeholder",
        "fields": {
            "slot": "body",
            "default_width": null
        }
    },
    {
        "pk": 320,
        "model": "cms.placeholder",
        "fields": {
            "slot": "body",
            "default_width": null
        }
    },
    {
        "pk": 321,
        "model": "cms.placeholder",
        "fields": {
            "slot": "body",
            "default_width": null
        }
    },
    {
        "pk": 322,
        "model": "cms.placeholder",
        "fields": {
            "slot": "body",
            "default_width": null
        }
    },
    {
        "pk": 323,
        "model": "cms.placeholder",
        "fields": {
            "slot": "body",
            "default_width": null
        }
    },
    {
        "pk": 324,
        "model": "cms.placeholder",
        "fields": {
            "slot": "body",
            "default_width": null
        }
    },
    {
        "pk": 325,
        "model": "cms.placeholder",
        "fields": {
            "slot": "body",
            "default_width": null
        }
    },
    {
        "pk": 326,
        "model": "cms.placeholder",
        "fields": {
            "slot": "body",
            "default_width": null
        }
    },
    {
        "pk": 327,
        "model": "cms.placeholder",
        "fields": {
            "slot": "body",
            "default_width": null
        }
    },
    {
        "pk": 328,
        "model": "cms.placeholder",
        "fields": {
            "slot": "body",
            "default_width": null
        }
    },
    {
        "pk": 329,
        "model": "cms.placeholder",
        "fields": {
            "slot": "body",
            "default_width": null
        }
    },
    {
        "pk": 330,
        "model": "cms.placeholder",
        "fields": {
            "slot": "body",
            "default_width": null
        }
    },
    {
        "pk": 331,
        "model": "cms.placeholder",
        "fields": {
            "slot": "body",
            "default_width": null
        }
    },
    {
        "pk": 332,
        "model": "cms.placeholder",
        "fields": {
            "slot": "body",
            "default_width": null
        }
    },
    {
        "pk": 333,
        "model": "cms.placeholder",
        "fields": {
            "slot": "body",
            "default_width": null
        }
    },
    {
        "pk": 334,
        "model": "cms.placeholder",
        "fields": {
            "slot": "body",
            "default_width": null
        }
    },
    {
        "pk": 335,
        "model": "cms.placeholder",
        "fields": {
            "slot": "body",
            "default_width": null
        }
    },
    {
        "pk": 336,
        "model": "cms.placeholder",
        "fields": {
            "slot": "body",
            "default_width": null
        }
    },
    {
        "pk": 337,
        "model": "cms.placeholder",
        "fields": {
            "slot": "body",
            "default_width": null
        }
    },
    {
        "pk": 338,
        "model": "cms.placeholder",
        "fields": {
            "slot": "body",
            "default_width": null
        }
    },
    {
        "pk": 339,
        "model": "cms.placeholder",
        "fields": {
            "slot": "body",
            "default_width": null
        }
    },
    {
        "pk": 340,
        "model": "cms.placeholder",
        "fields": {
            "slot": "body",
            "default_width": null
        }
    },
    {
        "pk": 341,
        "model": "cms.placeholder",
        "fields": {
            "slot": "body",
            "default_width": null
        }
    },
    {
        "pk": 342,
        "model": "cms.placeholder",
        "fields": {
            "slot": "body",
            "default_width": null
        }
    },
    {
        "pk": 343,
        "model": "cms.placeholder",
        "fields": {
            "slot": "body",
            "default_width": null
        }
    },
    {
        "pk": 344,
        "model": "cms.placeholder",
        "fields": {
            "slot": "body",
            "default_width": null
        }
    },
    {
        "pk": 345,
        "model": "cms.placeholder",
        "fields": {
            "slot": "body",
            "default_width": null
        }
    },
    {
        "pk": 346,
        "model": "cms.placeholder",
        "fields": {
            "slot": "body",
            "default_width": null
        }
    },
    {
        "pk": 347,
        "model": "cms.placeholder",
        "fields": {
            "slot": "body",
            "default_width": null
        }
    },
    {
        "pk": 348,
        "model": "cms.placeholder",
        "fields": {
            "slot": "body",
            "default_width": null
        }
    },
    {
        "pk": 349,
        "model": "cms.placeholder",
        "fields": {
            "slot": "body",
            "default_width": null
        }
    },
    {
        "pk": 350,
        "model": "cms.placeholder",
        "fields": {
            "slot": "body",
            "default_width": null
        }
    },
    {
        "pk": 351,
        "model": "cms.placeholder",
        "fields": {
            "slot": "body",
            "default_width": null
        }
    },
    {
        "pk": 352,
        "model": "cms.placeholder",
        "fields": {
            "slot": "body",
            "default_width": null
        }
    },
    {
        "pk": 353,
        "model": "cms.placeholder",
        "fields": {
            "slot": "body",
            "default_width": null
        }
    },
    {
        "pk": 1,
        "model": "cms.cmsplugin",
        "fields": {
            "rght": 28,
            "changed_date": "1969-12-31T18:00:00",
            "parent": null,
            "language": "en",
            "level": 0,
            "creation_date": "2011-06-21T16:05:50",
            "lft": 1,
            "tree_id": 1,
            "position": 0,
            "placeholder": 1,
            "plugin_type": "SemanticTextPlugin"
        }
    },
    {
        "pk": 10,
        "model": "cms.cmsplugin",
        "fields": {
            "rght": 5,
            "changed_date": "1969-12-31T18:00:00",
            "parent": 1,
            "language": "en",
            "level": 1,
            "creation_date": "2011-06-30T17:03:08",
            "lft": 4,
            "tree_id": 1,
            "position": 0,
            "placeholder": 1,
            "plugin_type": "CMSNewsAndEventsPlugin"
        }
    },
    {
        "pk": 12,
        "model": "cms.cmsplugin",
        "fields": {
            "rght": 7,
            "changed_date": "1969-12-31T18:00:00",
            "parent": 1,
            "language": "en",
            "level": 1,
            "creation_date": "2011-06-30T17:12:54",
            "lft": 6,
            "tree_id": 1,
            "position": 1,
            "placeholder": 1,
            "plugin_type": "CMSNewsAndEventsPlugin"
        }
    },
    {
        "pk": 27,
        "model": "cms.cmsplugin",
        "fields": {
            "rght": 23,
            "changed_date": "2013-04-10T18:30:24.756",
            "parent": 1,
            "language": "en",
            "level": 1,
            "creation_date": "2013-04-10T00:00:00",
            "lft": 22,
            "tree_id": 1,
            "position": null,
            "placeholder": 1,
            "plugin_type": "ImageSetPublisher"
        }
    },
    {
        "pk": 66,
        "model": "cms.cmsplugin",
        "fields": {
            "rght": 25,
            "changed_date": "2013-04-10T18:30:24.791",
            "parent": 1,
            "language": "en",
            "level": 1,
            "creation_date": "2013-04-10T00:00:00",
            "lft": 24,
            "tree_id": 1,
            "position": null,
            "placeholder": 1,
            "plugin_type": "ImageSetPublisher"
        }
    },
    {
        "pk": 67,
        "model": "cms.cmsplugin",
        "fields": {
            "rght": 27,
            "changed_date": "2013-04-10T18:30:24.796",
            "parent": 1,
            "language": "en",
            "level": 1,
            "creation_date": "2013-04-10T00:00:00",
            "lft": 26,
            "tree_id": 1,
            "position": null,
            "placeholder": 1,
            "plugin_type": "ImageSetPublisher"
        }
    },
    {
        "pk": 13,
        "model": "cms.cmsplugin",
        "fields": {
            "rght": 2,
            "changed_date": "1969-12-31T18:00:00",
            "parent": null,
            "language": "en",
            "level": 0,
            "creation_date": "2011-06-30T17:55:44",
            "lft": 1,
            "tree_id": 3,
            "position": null,
            "placeholder": 33,
            "plugin_type": "SemanticTextPlugin"
        }
    },
    {
        "pk": 14,
        "model": "cms.cmsplugin",
        "fields": {
            "rght": 10,
            "changed_date": "1969-12-31T18:00:00",
            "parent": null,
            "language": "en",
            "level": 0,
            "creation_date": "2011-06-30T19:21:17",
            "lft": 1,
            "tree_id": 4,
            "position": null,
            "placeholder": 67,
            "plugin_type": "SemanticTextPlugin"
        }
    },
    {
        "pk": 15,
        "model": "cms.cmsplugin",
        "fields": {
            "rght": 3,
            "changed_date": "1969-12-31T18:00:00",
            "parent": 14,
            "language": "en",
            "level": 1,
            "creation_date": "2011-06-30T19:24:53",
            "lft": 2,
            "tree_id": 4,
            "position": 1,
            "placeholder": 67,
            "plugin_type": "LinksPlugin"
        }
    },
    {
        "pk": 20,
        "model": "cms.cmsplugin",
        "fields": {
            "rght": 5,
            "changed_date": "1969-12-31T18:00:00",
            "parent": 14,
            "language": "en",
            "level": 1,
            "creation_date": "2011-07-02T01:09:18",
            "lft": 4,
            "tree_id": 4,
            "position": 1,
            "placeholder": 67,
            "plugin_type": "CMSNewsAndEventsPlugin"
        }
    },
    {
        "pk": 16,
        "model": "cms.cmsplugin",
        "fields": {
            "rght": 2,
            "changed_date": "1969-12-31T18:00:00",
            "parent": null,
            "language": "en",
            "level": 0,
            "creation_date": "2011-07-01T01:04:30",
            "lft": 1,
            "tree_id": 5,
            "position": null,
            "placeholder": 69,
            "plugin_type": "SemanticTextPlugin"
        }
    },
    {
        "pk": 21,
        "model": "cms.cmsplugin",
        "fields": {
            "rght": 4,
            "changed_date": "1969-12-31T18:00:00",
            "parent": null,
            "language": "en",
            "level": 0,
            "creation_date": "2011-07-02T11:12:23",
            "lft": 1,
            "tree_id": 6,
            "position": null,
            "placeholder": 74,
            "plugin_type": "SemanticTextPlugin"
        }
    },
    {
        "pk": 24,
        "model": "cms.cmsplugin",
        "fields": {
            "rght": 3,
            "changed_date": "1969-12-31T18:00:00",
            "parent": 21,
            "language": "en",
            "level": 1,
            "creation_date": "2011-07-02T16:23:25",
            "lft": 2,
            "tree_id": 6,
            "position": null,
            "placeholder": 74,
            "plugin_type": "CMSNewsAndEventsPlugin"
        }
    },
    {
        "pk": 22,
        "model": "cms.cmsplugin",
        "fields": {
            "rght": 2,
            "changed_date": "1969-12-31T18:00:00",
            "parent": null,
            "language": "en",
            "level": 0,
            "creation_date": "2011-07-02T11:30:00",
            "lft": 1,
            "tree_id": 7,
            "position": null,
            "placeholder": 71,
            "plugin_type": "SemanticTextPlugin"
        }
    },
    {
        "pk": 25,
        "model": "cms.cmsplugin",
        "fields": {
            "rght": 4,
            "changed_date": "1969-12-31T18:00:00",
            "parent": null,
            "language": "en",
            "level": 0,
            "creation_date": "2011-07-02T18:44:38",
            "lft": 1,
            "tree_id": 8,
            "position": null,
            "placeholder": 78,
            "plugin_type": "SemanticTextPlugin"
        }
    },
    {
        "pk": 26,
        "model": "cms.cmsplugin",
        "fields": {
            "rght": 3,
            "changed_date": "1969-12-31T18:00:00",
            "parent": 25,
            "language": "en",
            "level": 1,
            "creation_date": "2011-07-02T18:47:16",
            "lft": 2,
            "tree_id": 8,
            "position": null,
            "placeholder": 78,
            "plugin_type": "CMSNewsAndEventsPlugin"
        }
    },
    {
        "pk": 29,
        "model": "cms.cmsplugin",
        "fields": {
            "rght": 2,
            "changed_date": "1969-12-31T18:00:00",
            "parent": null,
            "language": "en",
            "level": 0,
            "creation_date": "2011-07-05T22:13:23",
            "lft": 1,
            "tree_id": 9,
            "position": 0,
            "placeholder": 31,
            "plugin_type": "CMSVacanciesPlugin"
        }
    },
    {
        "pk": 35,
        "model": "cms.cmsplugin",
        "fields": {
            "rght": 8,
            "changed_date": "1969-12-31T18:00:00",
            "parent": null,
            "language": "en",
            "level": 0,
            "creation_date": "2011-07-06T21:06:59",
            "lft": 1,
            "tree_id": 14,
            "position": 0,
            "placeholder": 116,
            "plugin_type": "SemanticTextPlugin"
        }
    },
    {
        "pk": 36,
        "model": "cms.cmsplugin",
        "fields": {
            "rght": 3,
            "changed_date": "1969-12-31T18:00:00",
            "parent": 35,
            "language": "en",
            "level": 1,
            "creation_date": "2011-07-06T21:07:17",
            "lft": 2,
            "tree_id": 14,
            "position": null,
            "placeholder": 116,
            "plugin_type": "CMSVacanciesPlugin"
        }
    },
    {
        "pk": 37,
        "model": "cms.cmsplugin",
        "fields": {
            "rght": 5,
            "changed_date": "1969-12-31T18:00:00",
            "parent": 35,
            "language": "en",
            "level": 1,
            "creation_date": "2011-07-06T21:07:28",
            "lft": 4,
            "tree_id": 14,
            "position": null,
            "placeholder": 116,
            "plugin_type": "CMSVacanciesPlugin"
        }
    },
    {
        "pk": 38,
        "model": "cms.cmsplugin",
        "fields": {
            "rght": 7,
            "changed_date": "1969-12-31T18:00:00",
            "parent": 35,
            "language": "en",
            "level": 1,
            "creation_date": "2011-07-06T21:07:54",
            "lft": 6,
            "tree_id": 14,
            "position": null,
            "placeholder": 116,
            "plugin_type": "CMSVacanciesPlugin"
        }
    },
    {
        "pk": 41,
        "model": "cms.cmsplugin",
        "fields": {
            "rght": 14,
            "changed_date": "1969-12-31T18:00:00",
            "parent": null,
            "language": "en",
            "level": 0,
            "creation_date": "2011-07-10T22:34:29",
            "lft": 1,
            "tree_id": 16,
            "position": 1,
            "placeholder": 96,
            "plugin_type": "SemanticTextPlugin"
        }
    },
    {
        "pk": 43,
        "model": "cms.cmsplugin",
        "fields": {
            "rght": 3,
            "changed_date": "1969-12-31T18:00:00",
            "parent": 41,
            "language": "en",
            "level": 1,
            "creation_date": "2011-07-10T22:38:17",
            "lft": 2,
            "tree_id": 16,
            "position": 0,
            "placeholder": 96,
            "plugin_type": "CMSNewsAndEventsPlugin"
        }
    },
    {
        "pk": 44,
        "model": "cms.cmsplugin",
        "fields": {
            "rght": 5,
            "changed_date": "1969-12-31T18:00:00",
            "parent": 41,
            "language": "en",
            "level": 1,
            "creation_date": "2011-07-10T22:40:51",
            "lft": 4,
            "tree_id": 16,
            "position": 1,
            "placeholder": 96,
            "plugin_type": "CMSNewsAndEventsPlugin"
        }
    },
    {
        "pk": 45,
        "model": "cms.cmsplugin",
        "fields": {
            "rght": 7,
            "changed_date": "1969-12-31T18:00:00",
            "parent": 41,
            "language": "en",
            "level": 1,
            "creation_date": "2011-07-10T22:44:07",
            "lft": 6,
            "tree_id": 16,
            "position": 2,
            "placeholder": 96,
            "plugin_type": "CMSNewsAndEventsPlugin"
        }
    },
    {
        "pk": 56,
        "model": "cms.cmsplugin",
        "fields": {
            "rght": 9,
            "changed_date": "1969-12-31T18:00:00",
            "parent": 41,
            "language": "en",
            "level": 1,
            "creation_date": "2011-07-14T22:56:40",
            "lft": 8,
            "tree_id": 16,
            "position": 3,
            "placeholder": 96,
            "plugin_type": "CMSNewsAndEventsPlugin"
        }
    },
    {
        "pk": 57,
        "model": "cms.cmsplugin",
        "fields": {
            "rght": 13,
            "changed_date": "1969-12-31T18:00:00",
            "parent": 41,
            "language": "en",
            "level": 1,
            "creation_date": "2011-07-27T11:49:51",
            "lft": 12,
            "tree_id": 16,
            "position": null,
            "placeholder": 96,
            "plugin_type": "LinksPlugin"
        }
    },
    {
        "pk": 58,
        "model": "cms.cmsplugin",
        "fields": {
            "rght": 14,
            "changed_date": "1969-12-31T18:00:00",
            "parent": null,
            "language": "en",
            "level": 0,
            "creation_date": "2011-07-28T15:08:12",
            "lft": 1,
            "tree_id": 17,
            "position": 0,
            "placeholder": 122,
            "plugin_type": "SemanticTextPlugin"
        }
    },
    {
        "pk": 60,
        "model": "cms.cmsplugin",
        "fields": {
            "rght": 3,
            "changed_date": "2013-04-10T18:30:24.762",
            "parent": 58,
            "language": "en",
            "level": 1,
            "creation_date": "2013-04-10T00:00:00",
            "lft": 2,
            "tree_id": 17,
            "position": null,
            "placeholder": 122,
            "plugin_type": "ImageSetPublisher"
        }
    },
    {
        "pk": 61,
        "model": "cms.cmsplugin",
        "fields": {
            "rght": 5,
            "changed_date": "2013-04-10T18:30:24.768",
            "parent": 58,
            "language": "en",
            "level": 1,
            "creation_date": "2013-04-10T00:00:00",
            "lft": 4,
            "tree_id": 17,
            "position": null,
            "placeholder": 122,
            "plugin_type": "ImageSetPublisher"
        }
    },
    {
        "pk": 62,
        "model": "cms.cmsplugin",
        "fields": {
            "rght": 7,
            "changed_date": "2013-04-10T18:30:24.774",
            "parent": 58,
            "language": "en",
            "level": 1,
            "creation_date": "2013-04-10T00:00:00",
            "lft": 6,
            "tree_id": 17,
            "position": null,
            "placeholder": 122,
            "plugin_type": "ImageSetPublisher"
        }
    },
    {
        "pk": 63,
        "model": "cms.cmsplugin",
        "fields": {
            "rght": 9,
            "changed_date": "2013-04-10T18:30:24.779",
            "parent": 58,
            "language": "en",
            "level": 1,
            "creation_date": "2013-04-10T00:00:00",
            "lft": 8,
            "tree_id": 17,
            "position": null,
            "placeholder": 122,
            "plugin_type": "ImageSetPublisher"
        }
    },
    {
        "pk": 64,
        "model": "cms.cmsplugin",
        "fields": {
            "rght": 11,
            "changed_date": "2013-04-10T18:30:24.785",
            "parent": 58,
            "language": "en",
            "level": 1,
            "creation_date": "2013-04-10T00:00:00",
            "lft": 10,
            "tree_id": 17,
            "position": null,
            "placeholder": 122,
            "plugin_type": "ImageSetPublisher"
        }
    },
    {
        "pk": 65,
        "model": "cms.cmsplugin",
        "fields": {
            "rght": 13,
            "changed_date": "1969-12-31T18:00:00",
            "parent": 58,
            "language": "en",
            "level": 1,
            "creation_date": "2011-07-28T22:59:21",
            "lft": 12,
            "tree_id": 17,
            "position": null,
            "placeholder": 122,
            "plugin_type": "LinksPlugin"
        }
    },
    {
        "pk": 68,
        "model": "cms.cmsplugin",
        "fields": {
            "rght": 2,
            "changed_date": "1969-12-31T18:00:00",
            "parent": null,
            "language": "en",
            "level": 0,
            "creation_date": "2011-07-31T10:06:34",
            "lft": 1,
            "tree_id": 18,
            "position": 0,
            "placeholder": 152,
            "plugin_type": "SemanticTextPlugin"
        }
    },
    {
        "pk": 69,
        "model": "cms.cmsplugin",
        "fields": {
            "rght": 2,
            "changed_date": "1969-12-31T18:00:00",
            "parent": null,
            "language": "en",
            "level": 0,
            "creation_date": "2011-09-29T11:18:12",
            "lft": 1,
            "tree_id": 19,
            "position": null,
            "placeholder": 101,
            "plugin_type": "SemanticTextPlugin"
        }
    },
    {
        "pk": 1,
        "model": "cms.page",
        "fields": {
            "rght": 28,
            "navigation_extenders": "",
            "site": 1,
            "creation_date": "2011-06-21T16:04:48",
            "lft": 1,
            "in_navigation": true,
            "reverse_id": null,
            "login_required": false,
            "created_by": "sagdp6",
            "publication_end_date": null,
            "moderator_state": 0,
            "template": "institute.html",
            "tree_id": 1,
            "placeholders": [
                1
            ],
            "changed_date": "2011-10-03T18:04:20",
            "limit_visibility_in_menu": null,
            "parent": null,
            "publisher_state": 1,
            "soft_root": false,
            "publication_date": "2011-06-21T16:05:44",
            "publisher_public": null,
            "level": 0,
            "changed_by": "arkestra",
            "publisher_is_draft": true,
            "published": true
        }
    },
    {
        "pk": 8,
        "model": "cms.page",
        "fields": {
            "rght": 7,
            "navigation_extenders": "",
            "site": 1,
            "creation_date": "2011-07-05T23:17:27",
            "lft": 2,
            "in_navigation": true,
            "reverse_id": null,
            "login_required": false,
            "created_by": "arkestra",
            "publication_end_date": null,
            "moderator_state": 0,
            "template": "INHERIT",
            "tree_id": 1,
            "placeholders": [
                86
            ],
            "changed_date": "2011-07-05T23:17:42",
            "limit_visibility_in_menu": null,
            "parent": 1,
            "publisher_state": 1,
            "soft_root": false,
            "publication_date": "2011-07-05T23:17:38",
            "publisher_public": null,
            "level": 1,
            "changed_by": "arkestra",
            "publisher_is_draft": true,
            "published": true
        }
    },
    {
        "pk": 9,
        "model": "cms.page",
        "fields": {
            "rght": 4,
            "navigation_extenders": "",
            "site": 1,
            "creation_date": "2011-07-05T23:18:00",
            "lft": 3,
            "in_navigation": true,
            "reverse_id": null,
            "login_required": false,
            "created_by": "arkestra",
            "publication_end_date": null,
            "moderator_state": 0,
            "template": "INHERIT",
            "tree_id": 1,
            "placeholders": [
                87
            ],
            "changed_date": "2011-07-05T23:20:28",
            "limit_visibility_in_menu": null,
            "parent": 8,
            "publisher_state": 1,
            "soft_root": false,
            "publication_date": "2011-07-05T23:18:23",
            "publisher_public": null,
            "level": 2,
            "changed_by": "arkestra",
            "publisher_is_draft": true,
            "published": true
        }
    },
    {
        "pk": 5,
        "model": "cms.page",
        "fields": {
            "rght": 6,
            "navigation_extenders": "",
            "site": 1,
            "creation_date": "2011-06-22T08:03:22",
            "lft": 5,
            "in_navigation": true,
            "reverse_id": null,
            "login_required": false,
            "created_by": "sagdp6",
            "publication_end_date": null,
            "moderator_state": 0,
            "template": "INHERIT",
            "tree_id": 1,
            "placeholders": [
                31
            ],
            "changed_date": "2011-07-28T23:18:51",
            "limit_visibility_in_menu": null,
            "parent": 8,
            "publisher_state": 1,
            "soft_root": false,
            "publication_date": "2011-06-22T08:03:36",
            "publisher_public": null,
            "level": 2,
            "changed_by": "arkestra",
            "publisher_is_draft": true,
            "published": true
        }
    },
    {
        "pk": 7,
        "model": "cms.page",
        "fields": {
            "rght": 17,
            "navigation_extenders": "",
            "site": 1,
            "creation_date": "2011-06-30T00:56:18",
            "lft": 8,
            "in_navigation": true,
            "reverse_id": null,
            "login_required": false,
            "created_by": "sagdp6",
            "publication_end_date": null,
            "moderator_state": 0,
            "template": "INHERIT",
            "tree_id": 1,
            "placeholders": [
                61
            ],
            "changed_date": "2011-06-30T18:44:37",
            "limit_visibility_in_menu": null,
            "parent": 1,
            "publisher_state": 1,
            "soft_root": false,
            "publication_date": "2011-06-30T00:56:23",
            "publisher_public": null,
            "level": 1,
            "changed_by": "sagdp6",
            "publisher_is_draft": true,
            "published": true
        }
    },
    {
        "pk": 2,
        "model": "cms.page",
        "fields": {
            "rght": 10,
            "navigation_extenders": "",
            "site": 1,
            "creation_date": "2011-06-21T16:33:32",
            "lft": 9,
            "in_navigation": true,
            "reverse_id": null,
            "login_required": false,
            "created_by": "sagdp6",
            "publication_end_date": null,
            "moderator_state": 0,
            "template": "INHERIT",
            "tree_id": 1,
            "placeholders": [
                19
            ],
            "changed_date": "2011-07-27T15:40:13",
            "limit_visibility_in_menu": null,
            "parent": 7,
            "publisher_state": 1,
            "soft_root": false,
            "publication_date": "2011-06-21T16:35:51",
            "publisher_public": null,
            "level": 2,
            "changed_by": "arkestra",
            "publisher_is_draft": true,
            "published": true
        }
    },
    {
        "pk": 3,
        "model": "cms.page",
        "fields": {
            "rght": 12,
            "navigation_extenders": "",
            "site": 1,
            "creation_date": "2011-06-22T08:02:56",
            "lft": 11,
            "in_navigation": true,
            "reverse_id": null,
            "login_required": false,
            "created_by": "sagdp6",
            "publication_end_date": null,
            "moderator_state": 0,
            "template": "INHERIT",
            "tree_id": 1,
            "placeholders": [
                29
            ],
            "changed_date": "2011-07-27T15:40:18",
            "limit_visibility_in_menu": null,
            "parent": 7,
            "publisher_state": 1,
            "soft_root": false,
            "publication_date": "2011-06-22T08:03:34",
            "publisher_public": null,
            "level": 2,
            "changed_by": "arkestra",
            "publisher_is_draft": true,
            "published": true
        }
    },
    {
        "pk": 4,
        "model": "cms.page",
        "fields": {
            "rght": 14,
            "navigation_extenders": "",
            "site": 1,
            "creation_date": "2011-06-22T08:03:12",
            "lft": 13,
            "in_navigation": true,
            "reverse_id": null,
            "login_required": false,
            "created_by": "sagdp6",
            "publication_end_date": null,
            "moderator_state": 0,
            "template": "INHERIT",
            "tree_id": 1,
            "placeholders": [
                30
            ],
            "changed_date": "2011-07-27T12:56:57",
            "limit_visibility_in_menu": null,
            "parent": 7,
            "publisher_state": 1,
            "soft_root": false,
            "publication_date": "2011-06-22T08:03:34",
            "publisher_public": null,
            "level": 2,
            "changed_by": "arkestra",
            "publisher_is_draft": true,
            "published": true
        }
    },
    {
        "pk": 14,
        "model": "cms.page",
        "fields": {
            "rght": 16,
            "navigation_extenders": "",
            "site": 1,
            "creation_date": "2011-07-28T16:19:00",
            "lft": 15,
            "in_navigation": true,
            "reverse_id": null,
            "login_required": false,
            "created_by": "arkestra",
            "publication_end_date": null,
            "moderator_state": 0,
            "template": "INHERIT",
            "tree_id": 1,
            "placeholders": [
                123
            ],
            "changed_date": "2011-07-28T16:19:36",
            "limit_visibility_in_menu": null,
            "parent": 7,
            "publisher_state": 1,
            "soft_root": false,
            "publication_date": "2011-07-28T16:19:36",
            "publisher_public": null,
            "level": 2,
            "changed_by": "arkestra",
            "publisher_is_draft": true,
            "published": true
        }
    },
    {
        "pk": 6,
        "model": "cms.page",
        "fields": {
            "rght": 27,
            "navigation_extenders": "",
            "site": 1,
            "creation_date": "2011-06-22T08:03:52",
            "lft": 18,
            "in_navigation": true,
            "reverse_id": null,
            "login_required": false,
            "created_by": "sagdp6",
            "publication_end_date": null,
            "moderator_state": 0,
            "template": "INHERIT",
            "tree_id": 1,
            "placeholders": [
                32
            ],
            "changed_date": "2011-10-03T18:11:47",
            "limit_visibility_in_menu": null,
            "parent": 1,
            "publisher_state": 1,
            "soft_root": false,
            "publication_date": "2011-06-22T08:03:56",
            "publisher_public": null,
            "level": 1,
            "changed_by": "arkestra",
            "publisher_is_draft": true,
            "published": true
        }
    },
    {
        "pk": 10,
        "model": "cms.page",
        "fields": {
            "rght": 20,
            "navigation_extenders": "",
            "site": 1,
            "creation_date": "2011-07-06T00:08:44",
            "lft": 19,
            "in_navigation": true,
            "reverse_id": null,
            "login_required": false,
            "created_by": "arkestra",
            "publication_end_date": null,
            "moderator_state": 0,
            "template": "INHERIT",
            "tree_id": 1,
            "placeholders": [
                96
            ],
            "changed_date": "2011-07-28T23:01:01",
            "limit_visibility_in_menu": null,
            "parent": 6,
            "publisher_state": 1,
            "soft_root": false,
            "publication_date": "2011-07-06T00:26:59",
            "publisher_public": null,
            "level": 2,
            "changed_by": "arkestra",
            "publisher_is_draft": true,
            "published": true
        }
    },
    {
        "pk": 11,
        "model": "cms.page",
        "fields": {
            "rght": 22,
            "navigation_extenders": "",
            "site": 1,
            "creation_date": "2011-07-06T21:06:14",
            "lft": 21,
            "in_navigation": true,
            "reverse_id": null,
            "login_required": false,
            "created_by": "arkestra",
            "publication_end_date": null,
            "moderator_state": 0,
            "template": "INHERIT",
            "tree_id": 1,
            "placeholders": [
                116
            ],
            "changed_date": "2011-07-28T23:03:40",
            "limit_visibility_in_menu": null,
            "parent": 6,
            "publisher_state": 1,
            "soft_root": false,
            "publication_date": "2011-07-06T21:06:29",
            "publisher_public": null,
            "level": 2,
            "changed_by": "arkestra",
            "publisher_is_draft": true,
            "published": true
        }
    },
    {
        "pk": 13,
        "model": "cms.page",
        "fields": {
            "rght": 24,
            "navigation_extenders": "",
            "site": 1,
            "creation_date": "2011-07-28T15:07:51",
            "lft": 23,
            "in_navigation": true,
            "reverse_id": null,
            "login_required": false,
            "created_by": "arkestra",
            "publication_end_date": null,
            "moderator_state": 0,
            "template": "INHERIT",
            "tree_id": 1,
            "placeholders": [
                122
            ],
            "changed_date": "2011-07-28T22:59:57",
            "limit_visibility_in_menu": null,
            "parent": 6,
            "publisher_state": 1,
            "soft_root": false,
            "publication_date": "2011-07-28T22:59:57",
            "publisher_public": null,
            "level": 2,
            "changed_by": "arkestra",
            "publisher_is_draft": true,
            "published": true
        }
    },
    {
        "pk": 15,
        "model": "cms.page",
        "fields": {
            "rght": 26,
            "navigation_extenders": "",
            "site": 1,
            "creation_date": "2011-07-31T10:06:12",
            "lft": 25,
            "in_navigation": true,
            "reverse_id": null,
            "login_required": false,
            "created_by": "arkestra",
            "publication_end_date": null,
            "moderator_state": 0,
            "template": "INHERIT",
            "tree_id": 1,
            "placeholders": [
                152
            ],
            "changed_date": "2011-10-03T18:11:20",
            "limit_visibility_in_menu": null,
            "parent": 6,
            "publisher_state": 1,
            "soft_root": false,
            "publication_date": "2011-07-31T11:54:19",
            "publisher_public": null,
            "level": 2,
            "changed_by": "arkestra",
            "publisher_is_draft": true,
            "published": true
        }
    },
    {
        "pk": 1,
        "model": "cms.title",
        "fields": {
            "menu_title": "Home",
            "redirect": "",
            "meta_keywords": "",
            "page_title": "",
            "language": "en",
            "title": "Institute of Mediaeval Medicine",
            "has_url_overwrite": false,
            "application_urls": "",
            "creation_date": "2011-06-21T16:04:48",
            "page": 1,
            "path": "",
            "meta_description": "The Institute for the Promotion of Mediaeval Medicine works to reverse the advancements of post-15th Century science, and to restore the theories and practices of mediaeval medicine to the status they enjoyed in the Dark Ages",
            "slug": "institute"
        }
    },
    {
        "pk": 2,
        "model": "cms.title",
        "fields": {
            "menu_title": "Dentistry",
            "redirect": "",
            "meta_keywords": "",
            "page_title": "",
            "language": "en",
            "title": "Centre for Research into Mediaeval Dentistry",
            "has_url_overwrite": false,
            "application_urls": "",
            "creation_date": "2011-06-21T16:33:32",
            "page": 2,
            "path": "research-centres/mediaeval-dentistry",
            "meta_description": "",
            "slug": "mediaeval-dentistry"
        }
    },
    {
        "pk": 3,
        "model": "cms.title",
        "fields": {
            "menu_title": "Surgery",
            "redirect": "",
            "meta_keywords": "",
            "page_title": "",
            "language": "en",
            "title": "Centre for Research into Mediaeval Surgery",
            "has_url_overwrite": false,
            "application_urls": "",
            "creation_date": "2011-06-22T08:02:56",
            "page": 3,
            "path": "research-centres/mediaeval-surgery",
            "meta_description": "",
            "slug": "mediaeval-surgery"
        }
    },
    {
        "pk": 4,
        "model": "cms.title",
        "fields": {
            "menu_title": "Bad Air",
            "redirect": "",
            "meta_keywords": "",
            "page_title": "",
            "language": "en",
            "title": "Bad Air Research Centre",
            "has_url_overwrite": false,
            "application_urls": "",
            "creation_date": "2011-06-22T08:03:12",
            "page": 4,
            "path": "research-centres/bad-air",
            "meta_description": "",
            "slug": "bad-air"
        }
    },
    {
        "pk": 5,
        "model": "cms.title",
        "fields": {
            "menu_title": "Public Information",
            "redirect": "",
            "meta_keywords": "",
            "page_title": "",
            "language": "en",
            "title": "Department for Public Information and Education",
            "has_url_overwrite": false,
            "application_urls": "",
            "creation_date": "2011-06-22T08:03:22",
            "page": 5,
            "path": "departments/public-education",
            "meta_description": "",
            "slug": "public-education"
        }
    },
    {
        "pk": 6,
        "model": "cms.title",
        "fields": {
            "menu_title": "",
            "redirect": "",
            "meta_keywords": "",
            "page_title": "",
            "language": "en",
            "title": "Technical demonstrations",
            "has_url_overwrite": false,
            "application_urls": "",
            "creation_date": "2011-06-22T08:03:52",
            "page": 6,
            "path": "technical-demonstrations",
            "meta_description": "",
            "slug": "technical-demonstrations"
        }
    },
    {
        "pk": 7,
        "model": "cms.title",
        "fields": {
            "menu_title": "",
            "redirect": "",
            "meta_keywords": "",
            "page_title": "",
            "language": "en",
            "title": "Research Centres",
            "has_url_overwrite": false,
            "application_urls": "",
            "creation_date": "2011-06-30T00:56:18",
            "page": 7,
            "path": "research-centres",
            "meta_description": "",
            "slug": "research-centres"
        }
    },
    {
        "pk": 8,
        "model": "cms.title",
        "fields": {
            "menu_title": "",
            "redirect": "",
            "meta_keywords": "",
            "page_title": "",
            "language": "en",
            "title": "Departments",
            "has_url_overwrite": false,
            "application_urls": "",
            "creation_date": "2011-07-05T23:17:27",
            "page": 8,
            "path": "departments",
            "meta_description": "",
            "slug": "departments"
        }
    },
    {
        "pk": 9,
        "model": "cms.title",
        "fields": {
            "menu_title": "Witchcraft",
            "redirect": "",
            "meta_keywords": "",
            "page_title": "",
            "language": "en",
            "title": "Department of Witchcraft",
            "has_url_overwrite": false,
            "application_urls": "",
            "creation_date": "2011-07-05T23:18:00",
            "page": 9,
            "path": "departments/witchcraft",
            "meta_description": "The Department of Witchcraft has pioneered modern science-based teaching in one of the oldest fields in medicine",
            "slug": "witchcraft"
        }
    },
    {
        "pk": 10,
        "model": "cms.title",
        "fields": {
            "menu_title": "",
            "redirect": "",
            "meta_keywords": "",
            "page_title": "",
            "language": "en",
            "title": "News & Events",
            "has_url_overwrite": false,
            "application_urls": "",
            "creation_date": "2011-07-06T00:08:44",
            "page": 10,
            "path": "technical-demonstrations/news-events-plugin",
            "meta_description": "",
            "slug": "news-events-plugin"
        }
    },
    {
        "pk": 11,
        "model": "cms.title",
        "fields": {
            "menu_title": "",
            "redirect": "",
            "meta_keywords": "",
            "page_title": "",
            "language": "en",
            "title": "Vacancies & Studentships",
            "has_url_overwrite": false,
            "application_urls": "",
            "creation_date": "2011-07-06T21:06:14",
            "page": 11,
            "path": "technical-demonstrations/vacancies-studentships-plugin",
            "meta_description": "",
            "slug": "vacancies-studentships-plugin"
        }
    },
    {
        "pk": 13,
        "model": "cms.title",
        "fields": {
            "menu_title": "",
            "redirect": "",
            "meta_keywords": "",
            "page_title": "",
            "language": "en",
            "title": "Images",
            "has_url_overwrite": false,
            "application_urls": "",
            "creation_date": "2011-07-28T15:07:51",
            "page": 13,
            "path": "technical-demonstrations/images",
            "meta_description": "",
            "slug": "images"
        }
    },
    {
        "pk": 14,
        "model": "cms.title",
        "fields": {
            "menu_title": "",
            "redirect": "",
            "meta_keywords": "",
            "page_title": "",
            "language": "en",
            "title": "Evil Eye Research Project",
            "has_url_overwrite": false,
            "application_urls": "",
            "creation_date": "2011-07-28T16:19:00",
            "page": 14,
            "path": "research-centres/evil-eye-research-project",
            "meta_description": "",
            "slug": "evil-eye-research-project"
        }
    },
    {
        "pk": 15,
        "model": "cms.title",
        "fields": {
            "menu_title": "",
            "redirect": "",
            "meta_keywords": "",
            "page_title": "",
            "language": "en",
            "title": "Rows & columns",
            "has_url_overwrite": false,
            "application_urls": "",
            "creation_date": "2011-07-31T10:06:12",
            "page": 15,
            "path": "technical-demonstrations/rows-columns",
            "meta_description": "",
            "slug": "rows-columns"
        }
    },
    {
        "pk": 1,
        "model": "menus.cachekey",
        "fields": {
            "key": "cms-menu_nodes_en_1_/",
            "site": 1,
            "language": "en"
        }
    },
    {
        "pk": 2,
        "model": "menus.cachekey",
        "fields": {
            "key": "cms-menu_nodes_en_1_1_user",
            "site": 1,
            "language": "en"
        }
    },
    {
        "pk": 3,
        "model": "menus.cachekey",
        "fields": {
            "key": "cms-menu_nodes_en_1_/_1_user",
            "site": 1,
            "language": "en"
        }
    },
    {
        "pk": 4,
        "model": "menus.cachekey",
        "fields": {
            "key": "cms-menu_nodes_en_1_/technical-demonstrations/_1_user",
            "site": 1,
            "language": "en"
        }
    },
    {
        "pk": 5,
        "model": "menus.cachekey",
        "fields": {
            "key": "cms-menu_nodes_en_1_/technical-demonstrations/images/_1_user",
            "site": 1,
            "language": "en"
        }
    },
    {
        "pk": 1,
        "model": "text.text",
        "fields": {
            "body": "\r\n  \r\n    <p>The Institute for the Promotion of Mediaeval Medicine works to reverse the advancements of post-15th Century science, and to restore the theories and practices of mediaeval medicine to the status they enjoyed in the Dark Ages.</p>\r\n    <p>The Institute is a major research and teaching centre.</p>\r\n    <div class=\"row columns3\">\r\n      <div class=\"column firstcolumn\">\r\n        <div>\r\n          <div class=\"div\">\r\n            <img src=\"/media/filer_thumbnails/2011/06/30/0020n040.jpg__32x32_q85_crop_subject_location-178%2C292_upscale.jpg\" alt=\"Image - Cutaway body\" title=\"Image - Cutaway body\" id=\"plugin_obj_27\" />\r\n          </div>\r\n        </div>\r\n      </div>\r\n      <div class=\"column\">\r\n        <div>\r\n          <h2>News &amp; Events plugins</h2>\r\n          <p>This page features two <em>News &amp; Events</em> plugins.</p>\r\n          <p>News and events items are added to the database; a News &amp; Events plugin in a page will publish the appropriate ones for that page and at the particular moment the page is loaded.</p>\r\n          <p>\r\n            <img src=\"/media/filer_thumbnails/2011/07/28/arrow-right.png__32x32_q85_crop_upscale.png\" alt=\"Image - Arrow right\" title=\"Image - Arrow right\" id=\"plugin_obj_66\" />One, on the right, is configured to publish the <em>top</em>\r\n            <em>three</em>\r\n            <em>events</em> in a <em>vertical format</em>, together with their <em>summaries and metadata<strong>.</strong>\r\n            </em>\r\n          </p>\r\n          <p>\r\n            <img src=\"/media/filer_thumbnails/2011/07/28/arrow-down.png__32x32_q85_crop_upscale.png\" alt=\"Image - Arrow down\" title=\"Image - Arrow down\" id=\"plugin_obj_67\" />The other, below, publishes the <em>top</em>\r\n            <em>three</em>\r\n            <em>news articles</em>, in <em>horizontal format</em>.</p>\r\n        </div>\r\n      </div>\r\n      <div class=\"column lastcolumn\">\r\n        <div>\r\n          <div class=\"div\">\r\n            <img src=\"/static/plugin_icons/news_and_events.png\" alt=\"News &amp; events - 10\" title=\"News &amp; events - 10\" id=\"plugin_obj_10\" />\r\n          </div>\r\n        </div>\r\n      </div>\r\n    </div>\r\n    <div class=\"row\">\r\n      <div>\r\n        <div>\r\n          <div class=\"div\">\r\n            <img src=\"/static/plugin_icons/news_and_events.png\" alt=\"News &amp; events - 12\" title=\"News &amp; events - 12\" id=\"plugin_obj_12\" />\r\n          </div>\r\n        </div>\r\n      </div>\r\n    </div>\r\n  \r\n\r\n"
        }
    },
    {
        "pk": 13,
        "model": "text.text",
        "fields": {
            "body": "\r\n  \r\n    <h2>Please contact</h2>\r\n    <p>This person has the \"Please contact\" field set up so that a colleague's contact details will be published instead of his own.</p>\r\n    <p>This is useful when a Person is away on leave, or perhaps is simply lucky enough to have a secretary who will take calls for them (as this one is).</p>\r\n    <h2>Roles</h2>\r\n    <p>The Professor, as well as his roles in the Institute, is also a member of other important organisations in the field, as you can see under <em>Roles &amp; memberships</em>.</p>\r\n    <h2>Events</h2>\r\n    <p>Professor Brooks is also a featured speaker at the 2011 Dark Ages Society Conference, as you can see in <em>Events</em>.</p>\r\n  \r\n\r\n"
        }
    },
    {
        "pk": 14,
        "model": "text.text",
        "fields": {
            "body": "\r\n  \r\n    <p>Contrary to the claims of modern science, more and more evidence is accumulating to demonstrate that malaria, far from being a virus transmitted in the saliva of the mosquito, is actually caused by bad air.</p>\r\n    <div class=\"row columns2\">\r\n      <div class=\"column firstcolumn\">\r\n        <div>\r\n          <p>Researchers at the Bad Air Research Centre, led by , have recently completed widely-acclaimed research across the undrained swamps of coastal southern Italy.</p>\r\n        </div>\r\n      </div>\r\n      <div class=\"column lastcolumn\">\r\n        <div>\r\n          <p>The links in the paragraph on the left have been added using the Links plugin. Arkestra is intelligent enough to know how to punctuate an inline list of items correctly: by separating items with commas, no comma after the second last item, and inserting <em>and</em> between the last two items (<em>and</em> is the default, but can be overridden if required - for example, sometimes <em>or</em> might be appropriate).</p>\r\n          <div class=\"div\">\r\n            <img src=\"/static/plugin_icons/news_and_events.png\" alt=\"News &amp; events - 20\" title=\"News &amp; events - 20\" id=\"plugin_obj_20\" />\r\n          </div>\r\n        </div>\r\n      </div>\r\n    </div>\r\n  \r\n\r\n"
        }
    },
    {
        "pk": 16,
        "model": "text.text",
        "fields": {
            "body": "\r\n  \r\n    <p>Vacancies and Studentships are very similar.</p>\r\n    <p>Each belongs to a particular Entity - the organisation or part of the organisation that will be responsible for it - but can also be sent to be published at the pages of other entities if required.</p>\r\n    <p>This one belongs to (is <em>hosted by</em>) the Centre for Research into Mediaeval Dentistry, but will also appear elsewhere - in <em>Publish to</em>, the Institute of Mediaeval Medicine has also been chosen.</p>\r\n    <p>Like News and Events items, Vacancies and Studentships have date (a <em>Closing date</em> for applications) and other metadata.</p>\r\n    <p>Again, just like most Arkestra objects, they can be external - if a vacancy appears on some other website, it's very easy to add them to Arkestra if they are of interest.</p>\r\n  \r\n\r\n"
        }
    },
    {
        "pk": 21,
        "model": "text.text",
        "fields": {
            "body": "\r\n  \r\n    <div class=\"row columns3\">\r\n      <div class=\"column firstcolumn\">\r\n        <div>\r\n          <h2>InsertionPoints</h2>\r\n          <p>This footer, three columns wide, is defined as an <em>InsertionPoint</em>. It allows content to be defined, using a freestanding Placeholder and all the plugins you allow for it, and then delivered into templates.</p>\r\n          <p>This footer will appear throughout the site, except where a template overrides it (which perhaps could use its own InsertionPoint).</p>\r\n        </div>\r\n      </div>\r\n      <div class=\"column\">\r\n        <div>\r\n          <h2>How to use</h2>\r\n          <ol>\r\n            <li>in your template(s), place a {% insert \"&lt;insertion_point&gt;\" %} (if there wasn't one already, this will create a new InsertionPoint object in the database)</li>\r\n            <li>add the content to the InsertionPoint in the admin as required</li>\r\n            <li>there's no step 3</li>\r\n          </ol>\r\n        </div>\r\n      </div>\r\n      <div class=\"column lastcolumn\">\r\n        <div>\r\n          <div class=\"div\">\r\n            <img src=\"/static/plugin_icons/news_and_events.png\" alt=\"News &amp; events - 24\" title=\"News &amp; events - 24\" id=\"plugin_obj_24\" />\r\n          </div>\r\n        </div>\r\n      </div>\r\n    </div>\r\n  \r\n\r\n"
        }
    },
    {
        "pk": 22,
        "model": "text.text",
        "fields": {
            "body": "\r\n  \r\n    <p>The showered him with petals and gifts</p>\r\n  \r\n\r\n"
        }
    },
    {
        "pk": 25,
        "model": "text.text",
        "fields": {
            "body": "\r\n  \r\n    <div class=\"row columns3\">\r\n      <div class=\"column firstcolumn\">\r\n        <div>\r\n          <h2>About this footer</h2>\r\n          <p>This footer, and everything in it (including the dynamic content in the final column) is provided by an <em>Insert</em>.</p>\r\n        </div>\r\n      </div>\r\n      <div class=\"column\">\r\n        <div>\r\n          <h2>Using Inserts</h2>\r\n          <ol>\r\n            <li>in your template(s), use {% insert \"my_insertion_point\" %} -this templatetag will then get_or_create() the appropriate Insert object in the database</li>\r\n            <li>find the Insert in the admin, and adds plug-based content to its Placeholder.</li>\r\n            <li>there is no step three</li>\r\n          </ol>\r\n        </div>\r\n      </div>\r\n      <div class=\"column lastcolumn\">\r\n        <div>\r\n          <div class=\"div\">\r\n            <img src=\"/static/plugin_icons/news_and_events.png\" alt=\"News &amp; events - 26\" title=\"News &amp; events - 26\" id=\"plugin_obj_26\" />\r\n          </div>\r\n        </div>\r\n      </div>\r\n    </div>\r\n  \r\n\r\n"
        }
    },
    {
        "pk": 35,
        "model": "text.text",
        "fields": {
            "body": "\r\n  \r\n    <h2>Default settings</h2>\r\n    <div class=\"div\">\r\n      <img src=\"/static/plugin_icons/vacancies_and_studentships.png\" alt=\"Vacancies &amp; Studentships - 36\" title=\"Vacancies &amp; Studentships - 36\" id=\"plugin_obj_36\" />\r\n    </div>\r\n    <h2>Titles only, date order</h2>\r\n    <div class=\"div\">\r\n      <img src=\"/static/plugin_icons/vacancies_and_studentships.png\" alt=\"Vacancies &amp; Studentships - 37\" title=\"Vacancies &amp; Studentships - 37\" id=\"plugin_obj_37\" />\r\n    </div>\r\n    <h2>Horizontal</h2>\r\n    <div class=\"div\">\r\n      <img src=\"/static/plugin_icons/vacancies_and_studentships.png\" alt=\"Vacancies &amp; Studentships - 38\" title=\"Vacancies &amp; Studentships - 38\" id=\"plugin_obj_38\" />\r\n    </div>\r\n  \r\n\r\n"
        }
    },
    {
        "pk": 41,
        "model": "text.text",
        "fields": {
            "body": "\r\n  \r\n    <p>The News &amp; Events plugin provides a convenient way to place lists of current news and events items into other content.</p>\r\n    <p>The way these lists are displayed is configured in the plugin. This site's <img src=\"/static/plugin_icons/links.png\" alt=\"Link(s) - 57\" title=\"Link(s) - 57\" id=\"plugin_obj_57\" /> contains two examples; some others are show below.</p>\r\n    <h2>The default</h2>\r\n    <p>News &amp; events, side-by-side, listed vertically, showing details, ordered by importance as well as date, and showing date groups:</p>\r\n    <div class=\"div\">\r\n      <img src=\"/static/plugin_icons/news_and_events.png\" alt=\"News &amp; events - 43\" title=\"News &amp; events - 43\" id=\"plugin_obj_43\" />\r\n    </div>\r\n    <div class=\"row\">\r\n      <div>\r\n        <div>\r\n          <h2>A horizontal list</h2>\r\n          <div class=\"div\">\r\n            <img src=\"http://l003.medcn.uwcm.ac.uk:8000/static/plugin_icons/news_and_events.png\" alt=\"News &amp; events - 56\" title=\"News &amp; events - 56\" id=\"plugin_obj_56\" />\r\n          </div>\r\n        </div>\r\n      </div>\r\n    </div>\r\n    <div class=\"row columns3\">\r\n      <div class=\"column firstcolumn doublecolumn\">\r\n        <div>\r\n          <h2>Simpler lists</h2>\r\n          <p>Three items each, titles only:</p>\r\n          <div class=\"div\">\r\n            <img src=\"/static/plugin_icons/news_and_events.png\" alt=\"News &amp; events - 44\" title=\"News &amp; events - 44\" id=\"plugin_obj_44\" />\r\n          </div>\r\n        </div>\r\n      </div>\r\n      <div class=\"column lastcolumn\">\r\n        <div>\r\n          <h2>A stacked view</h2>\r\n          <p>The lists can be stacked as well as placed side-by-side:</p>\r\n          <div class=\"div\">\r\n            <img src=\"/static/plugin_icons/news_and_events.png\" alt=\"News &amp; events - 45\" title=\"News &amp; events - 45\" id=\"plugin_obj_45\" />\r\n          </div>\r\n        </div>\r\n      </div>\r\n    </div>\r\n  \r\n\r\n"
        }
    },
    {
        "pk": 58,
        "model": "text.text",
        "fields": {
            "body": "\r\n  \r\n    <p>Arkestra makes <strong>intelligent use</strong> of images.</p>\r\n    <p>Arkestra can associate images with other objects, displaying them automatically as required, resizing them for different purposes.</p>\r\n    <p>Using <img src=\"/static/plugin_icons/links.png\" alt=\"Link(s) - 65\" title=\"Link(s) - 65\" id=\"plugin_obj_65\" /> Arkestra will scale and crop images automatically, preserving important detail.</p>\r\n    <p>Images can also be inserted manually into content using a flexible and sophisticated plugin which also calculates appropriate sizes.</p>\r\n    <p>Arkestra uses image metadata to work out which parts of the image are most significant.</p>\r\n    <p>In these examples, Shane MacGowan's <strong>blessed teeth</strong> have been set as the focus of the image.</p>\r\n    <div class=\"row\">\r\n      <div>\r\n        <div class=\"image-borders\">\r\n          <p>\r\n            <img src=\"/media/filer_thumbnails/2011/07/28/15644525.jpg__32x32_q85_crop_subject_location-457%2C409_upscale.jpg\" alt=\"Image - Shane MacGowan\" title=\"Image - Shane MacGowan\" id=\"plugin_obj_64\" />\r\n            <img src=\"/media/filer_thumbnails/2011/07/28/15644525.jpg__32x32_q85_crop_subject_location-457%2C409_upscale.jpg\" alt=\"Image - Shane MacGowan\" title=\"Image - Shane MacGowan\" id=\"plugin_obj_61\" />\r\n            <img src=\"/media/filer_thumbnails/2011/07/28/15644525.jpg__32x32_q85_crop_subject_location-457%2C409_upscale.jpg\" alt=\"Image - Shane MacGowan\" title=\"Image - Shane MacGowan\" id=\"plugin_obj_60\" />\r\n            <img src=\"/media/filer_thumbnails/2011/07/28/15644525.jpg__32x32_q85_crop_subject_location-457%2C409_upscale.jpg\" alt=\"Image - Shane MacGowan\" title=\"Image - Shane MacGowan\" id=\"plugin_obj_63\" />\r\n            <img src=\"/media/filer_thumbnails/2011/07/28/15644525.jpg__32x32_q85_crop_subject_location-457%2C409_upscale.jpg\" alt=\"Image - Shane MacGowan\" title=\"Image - Shane MacGowan\" id=\"plugin_obj_62\" />How neatly all these lines line up, thanks to the magic of Arkestra!</p>\r\n        </div>\r\n      </div>\r\n    </div>\r\n  \r\n\r\n"
        }
    },
    {
        "pk": 68,
        "model": "text.text",
        "fields": {
            "body": "\r\n  \r\n    <div class=\"row\">\r\n      <div>\r\n        <div class=\"has-background-green\">\r\n          <p>one column</p>\r\n        </div>\r\n      </div>\r\n    </div>\r\n    <div class=\"row columns2\">\r\n      <div class=\"column column-1 firstcolumn\">\r\n        <div class=\"has-background-green\">\r\n          <p>column one</p>\r\n        </div>\r\n      </div>\r\n      <div class=\"column column-2 lastcolumn\">\r\n        <div class=\"has-background-green\">\r\n          <p>column two</p>\r\n        </div>\r\n      </div>\r\n    </div>\r\n    <div class=\"row columns4\">\r\n      <div class=\"column column-1 firstcolumn\">\r\n        <div class=\"has-background-green\">\r\n          <p>column one</p>\r\n        </div>\r\n      </div>\r\n      <div class=\"column column-2\">\r\n        <div class=\"has-background-green\">\r\n          <p>column two</p>\r\n        </div>\r\n      </div>\r\n      <div class=\"column column-3\">\r\n        <div class=\"has-background-green\">\r\n          <p>column three</p>\r\n        </div>\r\n      </div>\r\n      <div class=\"column column-4 lastcolumn\">\r\n        <div class=\"has-background-green\">\r\n          <p>column four</p>\r\n        </div>\r\n      </div>\r\n    </div>\r\n    <div class=\"row columns4\">\r\n      <div class=\"column column-1 firstcolumn doublecolumn\">\r\n        <div class=\"has-background-green\">\r\n          <p>column one - double width</p>\r\n        </div>\r\n      </div>\r\n      <div class=\"column column-2\">\r\n        <div class=\"has-background-green\">\r\n          <p>column two</p>\r\n        </div>\r\n      </div>\r\n      <div class=\"column column-3 lastcolumn\">\r\n        <div class=\"has-background-green\">\r\n          <p>column three</p>\r\n        </div>\r\n      </div>\r\n    </div>\r\n    <div class=\"row columns4\">\r\n      <div class=\"column column-1 firstcolumn triplecolumn\">\r\n        <div class=\"has-background-green\">\r\n          <p>column one - triple width</p>\r\n        </div>\r\n      </div>\r\n      <div class=\"column column-2 lastcolumn\">\r\n        <div class=\"has-background-green\">\r\n          <p>column two</p>\r\n        </div>\r\n      </div>\r\n    </div>\r\n    <div class=\"row columns3\">\r\n      <div class=\"column column-1 firstcolumn\">\r\n        <div class=\"has-background-green\">\r\n          <p>column one</p>\r\n        </div>\r\n      </div>\r\n      <div class=\"column column-2\">\r\n        <div class=\"has-background-green\">\r\n          <p>column two</p>\r\n        </div>\r\n      </div>\r\n      <div class=\"column column-3 lastcolumn\">\r\n        <div class=\"has-background-green\">\r\n          <p>column three</p>\r\n        </div>\r\n      </div>\r\n    </div>\r\n    <div class=\"row columns3\">\r\n      <div class=\"column column-1 firstcolumn doublecolumn\">\r\n        <div class=\"has-background-green\">\r\n          <p>column one</p>\r\n        </div>\r\n      </div>\r\n      <div class=\"column column-2 lastcolumn\">\r\n        <div class=\"has-background-green\">\r\n          <p>column two</p>\r\n        </div>\r\n      </div>\r\n    </div>\r\n    <div class=\"row columns6\">\r\n      <div class=\"column column-1 firstcolumn\">\r\n        <div class=\"has-background-green\">\r\n          <p>column one</p>\r\n        </div>\r\n      </div>\r\n      <div class=\"column column-2\">\r\n        <div class=\"has-background-green\">\r\n          <p>column two</p>\r\n        </div>\r\n      </div>\r\n      <div class=\"column column-3\">\r\n        <div class=\"has-background-green\">\r\n          <p>column three</p>\r\n        </div>\r\n      </div>\r\n      <div class=\"column column-4\">\r\n        <div class=\"has-background-green\">\r\n          <p>column four</p>\r\n        </div>\r\n      </div>\r\n      <div class=\"column column-5\">\r\n        <div class=\"has-background-green\">\r\n          <p>column five</p>\r\n        </div>\r\n      </div>\r\n      <div class=\"column column-6 lastcolumn\">\r\n        <div class=\"has-background-green\">\r\n          <p>column six</p>\r\n        </div>\r\n      </div>\r\n    </div>\r\n    <div class=\"row columns6\">\r\n      <div class=\"column column-1 firstcolumn triplecolumn\">\r\n        <div class=\"has-background-green\">\r\n          <p>column one - triple column</p>\r\n        </div>\r\n      </div>\r\n      <div class=\"column column-2 doublecolumn\">\r\n        <div class=\"has-background-green\">\r\n          <p>column two - double column</p>\r\n        </div>\r\n      </div>\r\n      <div class=\"column column-3 lastcolumn\">\r\n        <div class=\"has-background-green\">\r\n          <p>column three</p>\r\n        </div>\r\n      </div>\r\n    </div>\r\n    <div class=\"row columns5\">\r\n      <div class=\"column column-1 firstcolumn\">\r\n        <div class=\"has-background-green\">\r\n          <p>column one</p>\r\n        </div>\r\n      </div>\r\n      <div class=\"column column-2\">\r\n        <div class=\"has-background-green\">\r\n          <p>column two</p>\r\n        </div>\r\n      </div>\r\n      <div class=\"column column-3\">\r\n        <div class=\"has-background-green\">\r\n          <p>column three</p>\r\n        </div>\r\n      </div>\r\n      <div class=\"column column-4\">\r\n        <div class=\"has-background-green\">\r\n          <p>column four</p>\r\n        </div>\r\n      </div>\r\n      <div class=\"column column-5 lastcolumn\">\r\n        <div class=\"has-background-green\">\r\n          <p>column five</p>\r\n        </div>\r\n      </div>\r\n    </div>\r\n    <div class=\"row columns5\">\r\n      <div class=\"column column-1 firstcolumn triplecolumn\">\r\n        <div class=\"has-background-green\">\r\n          <p>column one</p>\r\n        </div>\r\n      </div>\r\n      <div class=\"column column-2\">\r\n        <div class=\"has-background-green\">\r\n          <p>column two </p>\r\n        </div>\r\n      </div>\r\n      <div class=\"column column-3 lastcolumn\">\r\n        <div class=\"has-background-green\">\r\n          <p>column three</p>\r\n        </div>\r\n      </div>\r\n    </div>\r\n    <div class=\"row columns5\">\r\n      <div class=\"column column-1 firstcolumn triplecolumn\">\r\n        <div class=\"has-background-green\">\r\n          <p>column one</p>\r\n        </div>\r\n      </div>\r\n      <div class=\"column column-2 lastcolumn doublecolumn\">\r\n        <div class=\"has-background-green\">\r\n          <p>column two</p>\r\n        </div>\r\n      </div>\r\n    </div>\r\n  \r\n\r\n"
        }
    },
    {
        "pk": 69,
        "model": "text.text",
        "fields": {
            "body": "<p>A great deal of nonsense has been written about witchcraft in recent years.</p>\n    <p>In this lecture, Professor Sterling Morrison looks at the science behind witchcraft.</p>\n  \n\n"
        }
    },
    {
        "pk": 1,
        "model": "contacts_and_people.site",
        "fields": {
            "post_town": "gstsysg",
            "country": "UK",
            "site_name": "Site!",
            "description": ""
        }
    },
    {
        "pk": 2,
        "model": "contacts_and_people.site",
        "fields": {
            "post_town": "New York",
            "country": "USA",
            "site_name": "New York",
            "description": ""
        }
    },
    {
        "pk": 3,
        "model": "contacts_and_people.building",
        "fields": {
            "map": true,
            "zoom": 17,
            "name": "CBGB",
            "image": null,
            "additional_street_address": "",
            "getting_here": 43,
            "site": 2,
            "longitude": -74.005973,
            "number": "",
            "street": "",
            "postcode": "",
            "access_and_parking": 44,
            "latitude": 40.714353,
            "summary": "Hilly Kristal's legendary dive-bar music club, the spiritual home of New York's punk and new wave movements",
            "slug": "new-york-cbgb",
            "description": 42
        }
    },
    {
        "pk": 2,
        "model": "contacts_and_people.building",
        "fields": {
            "map": true,
            "zoom": 17,
            "name": "The Galen Building",
            "image": null,
            "additional_street_address": "Manhattan",
            "getting_here": 17,
            "site": 2,
            "longitude": -73.970732,
            "number": "231",
            "street": "East 47th Street",
            "postcode": "",
            "access_and_parking": 18,
            "latitude": 40.753415,
            "summary": "The Galen Building is home to the Institute for the Promotion of Mediaeval Medicine as well as a number of other research-related institutions",
            "slug": "new-york-galen-building",
            "description": 16
        }
    },
    {
        "pk": 1,
        "model": "contacts_and_people.building",
        "fields": {
            "map": false,
            "zoom": 17,
            "name": "Dentistry Tower",
            "image": null,
            "additional_street_address": null,
            "getting_here": 11,
            "site": 2,
            "longitude": 0.0,
            "number": "",
            "street": "Fake Street",
            "postcode": "",
            "access_and_parking": 12,
            "latitude": 0.0,
            "summary": "The newly-opened state-of-the-art facility for the Centre for Research into Mediaeval Dentistry",
            "slug": "new-york-dentistry-tower",
            "description": 10
        }
    },
    {
        "pk": 1,
        "model": "contacts_and_people.phonecontact",
        "fields": {
            "country_code": "44",
            "area_code": "029",
            "number": "2074 3199",
            "object_id": 1,
            "label": "Fax",
            "content_type": [
                "contacts_and_people",
                "personlite"
            ],
            "internal_extension": "4321"
        }
    },
    {
        "pk": 2,
        "model": "contacts_and_people.phonecontact",
        "fields": {
            "country_code": "44",
            "area_code": "029",
            "number": "2074 3949",
            "object_id": 1,
            "label": "Office",
            "content_type": [
                "contacts_and_people",
                "personlite"
            ],
            "internal_extension": "2144"
        }
    },
    {
        "pk": 3,
        "model": "contacts_and_people.phonecontact",
        "fields": {
            "country_code": "44",
            "area_code": "029",
            "number": "2074 2020",
            "object_id": 1,
            "label": "Office",
            "content_type": [
                "contacts_and_people",
                "personlite"
            ],
            "internal_extension": "2020"
        }
    },
    {
        "pk": 1,
        "model": "contacts_and_people.entitylite",
        "fields": {
            "name": "Institute of Mediaeval Medicine"
        }
    },
    {
        "pk": 2,
        "model": "contacts_and_people.entitylite",
        "fields": {
            "name": "Centre for Research into Mediaeval Dentistry"
        }
    },
    {
        "pk": 6,
        "model": "contacts_and_people.entitylite",
        "fields": {
            "name": "Research Centres"
        }
    },
    {
        "pk": 7,
        "model": "contacts_and_people.entitylite",
        "fields": {
            "name": "Centre for Research into Mediaeval Surgery"
        }
    },
    {
        "pk": 9,
        "model": "contacts_and_people.entitylite",
        "fields": {
            "name": "Bad Air Research Centre"
        }
    },
    {
        "pk": 11,
        "model": "contacts_and_people.entitylite",
        "fields": {
            "name": "BBC"
        }
    },
    {
        "pk": 12,
        "model": "contacts_and_people.entitylite",
        "fields": {
            "name": "Dark Ages Society"
        }
    },
    {
        "pk": 13,
        "model": "contacts_and_people.entitylite",
        "fields": {
            "name": "Evil Eye Research Project"
        }
    },
    {
        "pk": 14,
        "model": "contacts_and_people.entitylite",
        "fields": {
            "name": "Departments"
        }
    },
    {
        "pk": 15,
        "model": "contacts_and_people.entitylite",
        "fields": {
            "name": "Department of Witchcraft"
        }
    },
    {
        "pk": 1,
        "model": "contacts_and_people.entity",
        "fields": {
            "rght": 16,
            "image": null,
            "lft": 1,
            "contacts_page_intro": null,
            "short_name": "Institute of Mediaeval Medicine",
            "access_note": "",
            "auto_news_page": true,
            "building_recapitulates_entity_name": false,
            "vacancies_page_intro": null,
            "tree_id": 1,
            "news_page_menu_title": "News & events",
            "email": "",
            "website": 1,
            "parent": null,
            "display_parent": true,
            "auto_vacancies_page": true,
            "slug": "institute-mediaevel-medicine",
            "building": 1,
            "auto_contacts_page": true,
            "precise_location": "",
            "url": "",
            "level": 0,
            "news_page_intro": null,
            "vacancies_page_menu_title": "Jobs",
            "abstract_entity": false,
            "contacts_page_menu_title": "Contact",
            "external_url": null
        }
    },
    {
        "pk": 14,
        "model": "contacts_and_people.entity",
        "fields": {
            "rght": 5,
            "image": null,
            "lft": 2,
            "contacts_page_intro": null,
            "short_name": "Departments",
            "access_note": "",
            "auto_news_page": false,
            "building_recapitulates_entity_name": false,
            "vacancies_page_intro": null,
            "tree_id": 1,
            "news_page_menu_title": "News & events",
            "email": "",
            "website": null,
            "parent": 1,
            "display_parent": true,
            "auto_vacancies_page": false,
            "slug": "departments",
            "building": null,
            "auto_contacts_page": false,
            "precise_location": "",
            "url": "",
            "level": 1,
            "news_page_intro": null,
            "vacancies_page_menu_title": "Vacancies & studentships",
            "abstract_entity": true,
            "contacts_page_menu_title": "Contacts & people",
            "external_url": null
        }
    },
    {
        "pk": 15,
        "model": "contacts_and_people.entity",
        "fields": {
            "rght": 4,
            "image": null,
            "lft": 3,
            "contacts_page_intro": null,
            "short_name": "Department of Witchcraft",
            "access_note": "",
            "auto_news_page": false,
            "building_recapitulates_entity_name": false,
            "vacancies_page_intro": null,
            "tree_id": 1,
            "news_page_menu_title": "News & events",
            "email": "",
            "website": 9,
            "parent": 14,
            "display_parent": true,
            "auto_vacancies_page": false,
            "slug": "department-witchcraft",
            "building": null,
            "auto_contacts_page": false,
            "precise_location": "",
            "url": "",
            "level": 2,
            "news_page_intro": null,
            "vacancies_page_menu_title": "Vacancies & studentships",
            "abstract_entity": false,
            "contacts_page_menu_title": "Contacts & people",
            "external_url": null
        }
    },
    {
        "pk": 6,
        "model": "contacts_and_people.entity",
        "fields": {
            "rght": 15,
            "image": null,
            "lft": 6,
            "contacts_page_intro": null,
            "short_name": "Research Centres",
            "access_note": "",
            "auto_news_page": false,
            "building_recapitulates_entity_name": false,
            "vacancies_page_intro": null,
            "tree_id": 1,
            "news_page_menu_title": "News & events",
            "email": "",
            "website": null,
            "parent": 1,
            "display_parent": true,
            "auto_vacancies_page": false,
            "slug": "research-centres",
            "building": null,
            "auto_contacts_page": false,
            "precise_location": "",
            "url": "",
            "level": 1,
            "news_page_intro": null,
            "vacancies_page_menu_title": "Vacancies & studentships",
            "abstract_entity": true,
            "contacts_page_menu_title": "Contacts & people",
            "external_url": null
        }
    },
    {
        "pk": 2,
        "model": "contacts_and_people.entity",
        "fields": {
            "rght": 8,
            "image": null,
            "lft": 7,
            "contacts_page_intro": null,
            "short_name": "Mediaeval Dentistry",
            "access_note": "",
            "auto_news_page": true,
            "building_recapitulates_entity_name": false,
            "vacancies_page_intro": null,
            "tree_id": 1,
            "news_page_menu_title": "News & events",
            "email": "",
            "website": 2,
            "parent": 6,
            "display_parent": true,
            "auto_vacancies_page": true,
            "slug": "mediaeval-dentistry",
            "building": 2,
            "auto_contacts_page": true,
            "precise_location": "5th Floor",
            "url": "",
            "level": 2,
            "news_page_intro": null,
            "vacancies_page_menu_title": "Vacancies & studentships",
            "abstract_entity": false,
            "contacts_page_menu_title": "Contacts & people",
            "external_url": null
        }
    },
    {
        "pk": 7,
        "model": "contacts_and_people.entity",
        "fields": {
            "rght": 10,
            "image": null,
            "lft": 9,
            "contacts_page_intro": null,
            "short_name": "Mediaeval Surgery",
            "access_note": "",
            "auto_news_page": true,
            "building_recapitulates_entity_name": false,
            "vacancies_page_intro": null,
            "tree_id": 1,
            "news_page_menu_title": "News & events",
            "email": "",
            "website": 3,
            "parent": 6,
            "display_parent": true,
            "auto_vacancies_page": false,
            "slug": "mediaeval-surgery",
            "building": null,
            "auto_contacts_page": true,
            "precise_location": "Mediaeval Surgery",
            "url": "",
            "level": 2,
            "news_page_intro": null,
            "vacancies_page_menu_title": "Vacancies & studentships",
            "abstract_entity": false,
            "contacts_page_menu_title": "Contacts & people",
            "external_url": null
        }
    },
    {
        "pk": 9,
        "model": "contacts_and_people.entity",
        "fields": {
            "rght": 12,
            "image": null,
            "lft": 11,
            "contacts_page_intro": null,
            "short_name": "Bad Air Research Centre",
            "access_note": "",
            "auto_news_page": true,
            "building_recapitulates_entity_name": false,
            "vacancies_page_intro": null,
            "tree_id": 1,
            "news_page_menu_title": "News & events",
            "email": "",
            "website": 4,
            "parent": 6,
            "display_parent": true,
            "auto_vacancies_page": false,
            "slug": "bad-air",
            "building": null,
            "auto_contacts_page": true,
            "precise_location": "",
            "url": "",
            "level": 2,
            "news_page_intro": null,
            "vacancies_page_menu_title": "vacancies & studentships",
            "abstract_entity": false,
            "contacts_page_menu_title": "Contacts & people",
            "external_url": null
        }
    },
    {
        "pk": 13,
        "model": "contacts_and_people.entity",
        "fields": {
            "rght": 14,
            "image": null,
            "lft": 13,
            "contacts_page_intro": null,
            "short_name": "Evil Eye Research Project",
            "access_note": "",
            "auto_news_page": true,
            "building_recapitulates_entity_name": false,
            "vacancies_page_intro": null,
            "tree_id": 1,
            "news_page_menu_title": "News & events",
            "email": "",
            "website": 14,
            "parent": 6,
            "display_parent": true,
            "auto_vacancies_page": true,
            "slug": "evil-eye-research-project",
            "building": null,
            "auto_contacts_page": true,
            "precise_location": "",
            "url": "",
            "level": 2,
            "news_page_intro": null,
            "vacancies_page_menu_title": "Vacancies & studentships",
            "abstract_entity": false,
            "contacts_page_menu_title": "Contacts & people",
            "external_url": null
        }
    },
    {
        "pk": 11,
        "model": "contacts_and_people.entity",
        "fields": {
            "rght": 2,
            "image": null,
            "lft": 1,
            "contacts_page_intro": null,
            "short_name": "BBC",
            "access_note": "",
            "auto_news_page": false,
            "building_recapitulates_entity_name": false,
            "vacancies_page_intro": null,
            "tree_id": 7,
            "news_page_menu_title": "News & events",
            "email": "",
            "website": null,
            "parent": null,
            "display_parent": true,
            "auto_vacancies_page": false,
            "slug": "bbc",
            "building": null,
            "auto_contacts_page": false,
            "precise_location": "",
            "url": "",
            "level": 0,
            "news_page_intro": null,
            "vacancies_page_menu_title": "Vacancies & studentships",
            "abstract_entity": false,
            "contacts_page_menu_title": "Contacts & people",
            "external_url": 1
        }
    },
    {
        "pk": 12,
        "model": "contacts_and_people.entity",
        "fields": {
            "rght": 2,
            "image": null,
            "lft": 1,
            "contacts_page_intro": null,
            "short_name": "Dark Ages Society",
            "access_note": "",
            "auto_news_page": false,
            "building_recapitulates_entity_name": false,
            "vacancies_page_intro": null,
            "tree_id": 8,
            "news_page_menu_title": "News & events",
            "email": "",
            "website": null,
            "parent": null,
            "display_parent": true,
            "auto_vacancies_page": false,
            "slug": "dark-ages-society",
            "building": null,
            "auto_contacts_page": false,
            "precise_location": "",
            "url": "",
            "level": 0,
            "news_page_intro": null,
            "vacancies_page_menu_title": "Vacancies & studentships",
            "abstract_entity": false,
            "contacts_page_menu_title": "Contacts & people",
            "external_url": 4
        }
    },
    {
        "pk": 2,
        "model": "contacts_and_people.title",
        "fields": {
            "abbreviation": "Dr",
            "title": "Dr"
        }
    },
    {
        "pk": 7,
        "model": "contacts_and_people.title",
        "fields": {
            "abbreviation": "Miss",
            "title": "Miss"
        }
    },
    {
        "pk": 4,
        "model": "contacts_and_people.title",
        "fields": {
            "abbreviation": "Mr",
            "title": "Mr"
        }
    },
    {
        "pk": 5,
        "model": "contacts_and_people.title",
        "fields": {
            "abbreviation": "Mrs",
            "title": "Mrs"
        }
    },
    {
        "pk": 3,
        "model": "contacts_and_people.title",
        "fields": {
            "abbreviation": "Ms",
            "title": "Ms"
        }
    },
    {
        "pk": 1,
        "model": "contacts_and_people.title",
        "fields": {
            "abbreviation": "Prof",
            "title": "Prof"
        }
    },
    {
        "pk": 6,
        "model": "contacts_and_people.title",
        "fields": {
            "abbreviation": "Rev",
            "title": "Rev"
        }
    },
    {
        "pk": 2,
        "model": "contacts_and_people.personlite",
        "fields": {
            "middle_names": "",
            "surname": "Reed",
            "given_name": "Lou",
            "title": 1
        }
    },
    {
        "pk": 3,
        "model": "contacts_and_people.personlite",
        "fields": {
            "middle_names": "",
            "surname": "Cale",
            "given_name": "John",
            "title": 4
        }
    },
    {
        "pk": 4,
        "model": "contacts_and_people.personlite",
        "fields": {
            "middle_names": "",
            "surname": "Nico",
            "given_name": "",
            "title": 2
        }
    },
    {
        "pk": 5,
        "model": "contacts_and_people.personlite",
        "fields": {
            "middle_names": "",
            "surname": "Richman",
            "given_name": "Jonathan",
            "title": 1
        }
    },
    {
        "pk": 6,
        "model": "contacts_and_people.personlite",
        "fields": {
            "middle_names": "",
            "surname": "Morrison",
            "given_name": "Sterling",
            "title": 1
        }
    },
    {
        "pk": 7,
        "model": "contacts_and_people.personlite",
        "fields": {
            "middle_names": "",
            "surname": "Tucker",
            "given_name": "Mo",
            "title": 3
        }
    },
    {
        "pk": 8,
        "model": "contacts_and_people.personlite",
        "fields": {
            "middle_names": "",
            "surname": "Harrison",
            "given_name": "Jerry",
            "title": 4
        }
    },
    {
        "pk": 9,
        "model": "contacts_and_people.personlite",
        "fields": {
            "middle_names": "",
            "surname": "Robinson",
            "given_name": "David",
            "title": 4
        }
    },
    {
        "pk": 10,
        "model": "contacts_and_people.personlite",
        "fields": {
            "middle_names": "",
            "surname": "Brooks",
            "given_name": "Ernie",
            "title": 1
        }
    },
    {
        "pk": 11,
        "model": "contacts_and_people.personlite",
        "fields": {
            "middle_names": "",
            "surname": "Ocasek",
            "given_name": "Rick",
            "title": 4
        }
    },
    {
        "pk": 12,
        "model": "contacts_and_people.personlite",
        "fields": {
            "middle_names": "",
            "surname": "Orr",
            "given_name": "Benjamin",
            "title": 2
        }
    },
    {
        "pk": 13,
        "model": "contacts_and_people.personlite",
        "fields": {
            "middle_names": "",
            "surname": "Hawkes",
            "given_name": "Greg",
            "title": 4
        }
    },
    {
        "pk": 14,
        "model": "contacts_and_people.personlite",
        "fields": {
            "middle_names": "",
            "surname": "Easton",
            "given_name": "Elliott",
            "title": 1
        }
    },
    {
        "pk": 23,
        "model": "contacts_and_people.membership",
        "fields": {
            "importance_to_person": 5,
            "person": 14,
            "entity": 9,
            "display_role": null,
            "role": "Director of Research",
            "importance_to_entity": 5,
            "key_contact": false
        }
    },
    {
        "pk": 29,
        "model": "contacts_and_people.membership",
        "fields": {
            "importance_to_person": 5,
            "person": 4,
            "entity": 13,
            "display_role": null,
            "role": "Director",
            "importance_to_entity": 5,
            "key_contact": false
        }
    },
    {
        "pk": 20,
        "model": "contacts_and_people.membership",
        "fields": {
            "importance_to_person": 2,
            "person": 11,
            "entity": 9,
            "display_role": null,
            "role": "General Manager",
            "importance_to_entity": 5,
            "key_contact": false
        }
    },
    {
        "pk": 14,
        "model": "contacts_and_people.membership",
        "fields": {
            "importance_to_person": 2,
            "person": 5,
            "entity": 7,
            "display_role": null,
            "role": "Director of Research",
            "importance_to_entity": 5,
            "key_contact": false
        }
    },
    {
        "pk": 17,
        "model": "contacts_and_people.membership",
        "fields": {
            "importance_to_person": 5,
            "person": 10,
            "entity": 1,
            "display_role": null,
            "role": "Dean of Research",
            "importance_to_entity": 4,
            "key_contact": false
        }
    },
    {
        "pk": 13,
        "model": "contacts_and_people.membership",
        "fields": {
            "importance_to_person": 4,
            "person": 8,
            "entity": 7,
            "display_role": null,
            "role": "Manager",
            "importance_to_entity": 4,
            "key_contact": false
        }
    },
    {
        "pk": 27,
        "model": "contacts_and_people.membership",
        "fields": {
            "importance_to_person": 2,
            "person": 2,
            "entity": 9,
            "display_role": null,
            "role": "Professor of Air Sounding",
            "importance_to_entity": 4,
            "key_contact": false
        }
    },
    {
        "pk": 16,
        "model": "contacts_and_people.membership",
        "fields": {
            "importance_to_person": 4,
            "person": 9,
            "entity": 7,
            "display_role": null,
            "role": "Public Engagement Manager",
            "importance_to_entity": 3,
            "key_contact": false
        }
    },
    {
        "pk": 24,
        "model": "contacts_and_people.membership",
        "fields": {
            "importance_to_person": 2,
            "person": 10,
            "entity": 12,
            "display_role": null,
            "role": "Fellow",
            "importance_to_entity": 2,
            "key_contact": false
        }
    },
    {
        "pk": 25,
        "model": "contacts_and_people.membership",
        "fields": {
            "importance_to_person": 2,
            "person": 10,
            "entity": 11,
            "display_role": null,
            "role": "Advisor on Mediaeval Science & Medicine",
            "importance_to_entity": 2,
            "key_contact": false
        }
    },
    {
        "pk": 26,
        "model": "contacts_and_people.membership",
        "fields": {
            "importance_to_person": 2,
            "person": 10,
            "entity": 7,
            "display_role": null,
            "role": "Professor in Mediaeval Surgery",
            "importance_to_entity": 2,
            "key_contact": false
        }
    },
    {
        "pk": 3,
        "model": "contacts_and_people.membership",
        "fields": {
            "importance_to_person": 2,
            "person": 3,
            "entity": 7,
            "display_role": null,
            "role": "Secretary to the Director of Research",
            "importance_to_entity": 2,
            "key_contact": true
        }
    },
    {
        "pk": 22,
        "model": "contacts_and_people.membership",
        "fields": {
            "importance_to_person": 5,
            "person": 13,
            "entity": 9,
            "display_role": null,
            "role": "Secretary",
            "importance_to_entity": 2,
            "key_contact": true
        }
    },
    {
        "pk": 31,
        "model": "contacts_and_people.membership",
        "fields": {
            "importance_to_person": 5,
            "person": 6,
            "entity": 15,
            "display_role": null,
            "role": "MSc Director",
            "importance_to_entity": 2,
            "key_contact": false
        }
    },
    {
        "pk": 30,
        "model": "contacts_and_people.membership",
        "fields": {
            "importance_to_person": 5,
            "person": 12,
            "entity": 13,
            "display_role": null,
            "role": "Principal Investigator",
            "importance_to_entity": 2,
            "key_contact": false
        }
    },
    {
        "pk": 28,
        "model": "contacts_and_people.membership",
        "fields": {
            "importance_to_person": 5,
            "person": 7,
            "entity": 1,
            "display_role": null,
            "role": "Director of Recruitment",
            "importance_to_entity": 2,
            "key_contact": false
        }
    },
    {
        "pk": 1,
        "model": "vacancies_and_studentships.vacancy",
        "fields": {
            "body": 69,
            "salary": "by negotiation",
            "hosted_by": 2,
            "in_lists": true,
            "description": null,
            "title": "Tooth puller",
            "url": null,
            "closing_date": "2012-06-15",
            "image": 7,
            "publish_to": [
                1
            ],
            "short_title": "Tooth puller",
            "summary": "A qualified tooth puller is required to assist both in a clinical capacity and for research purposes",
            "importance": 0,
            "published": true,
            "job_number": "1342",
            "please_contact": [
                7
            ],
            "slug": "tooth-puller",
            "external_url": null
        }
    },
    {
        "pk": 2,
        "model": "vacancies_and_studentships.vacancy",
        "fields": {
            "body": 118,
            "salary": "a few groats",
            "hosted_by": 2,
            "in_lists": true,
            "description": null,
            "title": "Trainee tooth puller",
            "url": null,
            "closing_date": "2012-09-11",
            "image": 7,
            "publish_to": [],
            "short_title": "Trainee tooth puller",
            "summary": "A trainee tooth puller is required to work alongside qualified staff. No experience necessary",
            "importance": 0,
            "published": true,
            "job_number": "1342",
            "please_contact": [],
            "slug": "trainee-tooth-puller",
            "external_url": null
        }
    },
    {
        "pk": 1,
        "model": "vacancies_and_studentships.studentship",
        "fields": {
            "body": 73,
            "hosted_by": 13,
            "in_lists": true,
            "description": null,
            "title": "Evil Eye - identifying signs",
            "url": null,
            "closing_date": "2011-09-14",
            "image": 6,
            "publish_to": [],
            "short_title": "Evil Eye - identifying signs",
            "summary": "A three-year doctoral opportunity working as part of the Evil Eye special research project",
            "importance": 0,
            "supervisors": [
                12
            ],
            "published": true,
            "please_contact": [
                4
            ],
            "slug": "evil-eye-identifying-signs",
            "external_url": null
        }
    },
    {
        "pk": 29,
        "model": "vacancies_and_studentships.vacanciesplugin",
        "fields": {
            "order_by": "importance/date",
            "format": "featured vertical",
            "group_dates": true,
            "studentships_heading_text": "Studentships",
            "entity": 1,
            "vacancies_heading_text": "Vacancies",
            "display": "vacancies studentships",
            "limit_to": 5,
            "layout": "sidebyside",
            "heading_level": 2,
            "list_format": "vertical"
        }
    },
    {
        "pk": 36,
        "model": "vacancies_and_studentships.vacanciesplugin",
        "fields": {
            "order_by": "importance/date",
            "format": "details image",
            "group_dates": true,
            "studentships_heading_text": "Studentships",
            "entity": null,
            "vacancies_heading_text": "Vacancies",
            "display": "vacancies & studentships",
            "limit_to": 5,
            "layout": "sidebyside",
            "heading_level": 3,
            "list_format": "vertical"
        }
    },
    {
        "pk": 37,
        "model": "vacancies_and_studentships.vacanciesplugin",
        "fields": {
            "order_by": "date",
            "format": "title",
            "group_dates": true,
            "studentships_heading_text": "Studentships",
            "entity": null,
            "vacancies_heading_text": "Vacancies",
            "display": "vacancies & studentships",
            "limit_to": 5,
            "layout": "sidebyside",
            "heading_level": 3,
            "list_format": "vertical"
        }
    },
    {
        "pk": 38,
        "model": "vacancies_and_studentships.vacanciesplugin",
        "fields": {
            "order_by": "importance/date",
            "format": "details image",
            "group_dates": false,
            "studentships_heading_text": "Studentships",
            "entity": null,
            "vacancies_heading_text": "Vacancies",
            "display": "vacancies & studentships",
            "limit_to": 3,
            "layout": "stacked",
            "heading_level": 3,
            "list_format": "horizontal"
        }
    },
    {
        "pk": 8,
        "model": "news_and_events.newsarticle",
        "fields": {
            "body": 121,
            "hosted_by": 2,
            "in_lists": true,
            "title": "The teeth of the future",
            "url": null,
            "sticky_until": null,
            "image": 9,
            "is_sticky_everywhere": false,
            "publish_to": [],
            "display_indefinitely": false,
            "short_title": "The teeth of the future",
            "summary": "Will the people of the future enjoy mouths full of rotting teeth? Prognostical research probes the evidence",
            "content": null,
            "importance": 0,
            "external_news_source": null,
            "published": true,
            "date": "2011-07-28T13:09:10",
            "please_contact": [],
            "slug": "teeth-future",
            "external_url": null
        }
    },
    {
        "pk": 4,
        "model": "news_and_events.newsarticle",
        "fields": {
            "body": 89,
            "hosted_by": 15,
            "in_lists": true,
            "title": "Witchcraft MSc an enormous success for Institute",
            "url": null,
            "sticky_until": null,
            "image": null,
            "is_sticky_everywhere": false,
            "publish_to": [
                1
            ],
            "display_indefinitely": false,
            "short_title": "Witchcraft MSc success",
            "summary": "The Institute's MSc in Witchcraft, launched last year, has become one of the most popular in Europe",
            "content": null,
            "importance": 0,
            "external_news_source": null,
            "published": true,
            "date": "2011-07-03T23:15:39",
            "please_contact": [],
            "slug": "witchcraft-msc-enormous-success-institute",
            "external_url": null
        }
    },
    {
        "pk": 6,
        "model": "news_and_events.newsarticle",
        "fields": {
            "body": 93,
            "hosted_by": 1,
            "in_lists": true,
            "title": "Institute academic dismisses so-called \"germ theory\"",
            "url": null,
            "sticky_until": null,
            "image": null,
            "is_sticky_everywhere": false,
            "publish_to": [],
            "display_indefinitely": false,
            "short_title": "Institute academic dismisses \"germ theory\"",
            "summary": "A leading researcher at the Institute has shown the new and fashionable \"germ theory\" to have no scientific basis and to be contrary to the laws of nature",
            "content": null,
            "importance": 0,
            "external_news_source": null,
            "published": true,
            "date": "2011-07-01T23:21:34",
            "please_contact": [],
            "slug": "institute-academic-dismisses-germ-theory",
            "external_url": null
        }
    },
    {
        "pk": 1,
        "model": "news_and_events.newsarticle",
        "fields": {
            "body": 47,
            "hosted_by": 1,
            "in_lists": true,
            "title": "Mediaeval techniques 'help smokers quit'",
            "url": null,
            "sticky_until": null,
            "image": null,
            "is_sticky_everywhere": false,
            "publish_to": [],
            "display_indefinitely": false,
            "short_title": "Mediaeval techniques 'help smokers quit'",
            "summary": "Mediaeval techniques can double the chance of someone successfully quitting smoking, according to UK researchers.\r\n",
            "content": null,
            "importance": 0,
            "external_news_source": null,
            "published": true,
            "date": "2011-06-22T22:05:18",
            "please_contact": [],
            "slug": "",
            "external_url": 15
        }
    },
    {
        "pk": 3,
        "model": "news_and_events.newsarticle",
        "fields": {
            "body": 71,
            "hosted_by": 1,
            "in_lists": true,
            "title": "Prof Ernie Brooks awarded Nobel prize for Medicine",
            "url": null,
            "sticky_until": "2012-01-10",
            "image": 2,
            "is_sticky_everywhere": false,
            "publish_to": [],
            "display_indefinitely": false,
            "short_title": "Nobel Committee honour",
            "summary": "Prof Ernie Brooks, Dean of Research at the Institute, has been awarded the 2011 Nobel prize for Medicine",
            "content": null,
            "importance": 10,
            "external_news_source": null,
            "published": true,
            "date": "2011-06-06T01:07:01",
            "please_contact": [],
            "slug": "prof-ernie-brooks-awarded-nobel-prize",
            "external_url": null
        }
    },
    {
        "pk": 5,
        "model": "news_and_events.newsarticle",
        "fields": {
            "body": 91,
            "hosted_by": 1,
            "in_lists": true,
            "title": "Plague \"not a threat\"",
            "url": null,
            "sticky_until": null,
            "image": null,
            "is_sticky_everywhere": false,
            "publish_to": [],
            "display_indefinitely": false,
            "short_title": "Plague \"not a threat\"",
            "summary": "The recent plague sweeping the country will not affect the Institute's work",
            "content": null,
            "importance": 0,
            "external_news_source": null,
            "published": true,
            "date": "2011-05-07T10:20:52",
            "please_contact": [],
            "slug": "plague-not-threat",
            "external_url": null
        }
    },
    {
        "pk": 2,
        "model": "news_and_events.newsarticle",
        "fields": {
            "body": 67,
            "hosted_by": 9,
            "in_lists": true,
            "title": "Advances in malaria research",
            "url": null,
            "sticky_until": null,
            "image": null,
            "is_sticky_everywhere": false,
            "publish_to": [
                1
            ],
            "display_indefinitely": false,
            "short_title": "Advances in malaria research",
            "summary": "The Institute's work into malaria is helping lift the veil on a terrible disease",
            "content": null,
            "importance": 0,
            "external_news_source": null,
            "published": true,
            "date": "2011-04-30T19:18:55",
            "please_contact": [],
            "slug": "advances-malaria-research",
            "external_url": null
        }
    },
    {
        "pk": 7,
        "model": "news_and_events.newsarticle",
        "fields": {
            "body": 95,
            "hosted_by": 1,
            "in_lists": true,
            "title": "Evil spirits prompt Egyptian seed ban",
            "url": null,
            "sticky_until": null,
            "image": null,
            "is_sticky_everywhere": false,
            "publish_to": [],
            "display_indefinitely": false,
            "short_title": "Evil spirits prompt seed ban",
            "summary": "Evil spirits have infested recent supplies of Egyptian seeds; research by the Institute leads to a ban on imports",
            "content": null,
            "importance": 0,
            "external_news_source": null,
            "published": true,
            "date": "2010-07-04T23:27:19",
            "please_contact": [],
            "slug": "evil-spirits-prompt-egyptian-seed-ban",
            "external_url": 2
        }
    },
    {
        "pk": 1,
        "model": "news_and_events.event",
        "fields": {
            "rght": 4,
            "single_day_event": false,
            "series": true,
            "image": null,
            "lft": 1,
            "end_date": null,
            "access_note": "",
            "title": "Annual Conference of the Dark Ages Society",
            "content": null,
            "display_series_summary": false,
            "tree_id": 1,
            "featuring": [],
            "type": 1,
            "start_date": null,
            "body": 63,
            "hosted_by": 12,
            "parent": null,
            "registration_enquiries": [],
            "importance": 0,
            "start_time": null,
            "jumps_queue_everywhere": false,
            "slug": "annual-conference-dark-ages-society",
            "building": null,
            "in_lists": true,
            "precise_location": "",
            "url": null,
            "level": 0,
            "show_titles": "series children",
            "publish_to": [],
            "short_title": "Annual Dark Ages Society Conference",
            "summary": "The Annual Conference is a key multidisciplinary meeting for scholars in the field",
            "end_time": null,
            "published": true,
            "please_contact": [],
            "jumps_queue_on": null,
            "child_list_heading": "Annual conferences",
            "external_url": null
        }
    },
    {
        "pk": 2,
        "model": "news_and_events.event",
        "fields": {
            "rght": 3,
            "single_day_event": false,
            "series": false,
            "image": null,
            "lft": 2,
            "end_date": "2011-12-08",
            "access_note": "",
            "title": "2011 Conference of the Dark Ages Society",
            "content": null,
            "display_series_summary": false,
            "tree_id": 1,
            "featuring": [
                10
            ],
            "type": 1,
            "start_date": "2011-12-05",
            "body": 65,
            "hosted_by": 12,
            "parent": 1,
            "registration_enquiries": [],
            "importance": 0,
            "start_time": null,
            "jumps_queue_everywhere": false,
            "slug": "2011-dark-ages-society-conference",
            "building": null,
            "in_lists": true,
            "precise_location": "",
            "url": null,
            "level": 1,
            "show_titles": "children",
            "publish_to": [
                1
            ],
            "short_title": "2011 Dark Ages Society Conference",
            "summary": "The Annual Conference is a key multidisciplinary meeting for scholars in the field",
            "end_time": null,
            "published": true,
            "please_contact": [],
            "jumps_queue_on": null,
            "child_list_heading": "",
            "external_url": null
        }
    },
    {
        "pk": 4,
        "model": "news_and_events.event",
        "fields": {
            "rght": 2,
            "single_day_event": true,
            "series": false,
            "image": 3,
            "lft": 1,
            "end_date": "2011-09-30",
            "access_note": "",
            "title": "Why Witchcraft Works",
            "content": null,
            "display_series_summary": false,
            "tree_id": 3,
            "featuring": [
                6
            ],
            "type": 3,
            "start_date": "2011-09-30",
            "body": 101,
            "hosted_by": 15,
            "parent": null,
            "registration_enquiries": [],
            "importance": 0,
            "start_time": "12:00:00",
            "jumps_queue_everywhere": false,
            "slug": "why-witchcraft-works",
            "building": null,
            "in_lists": true,
            "precise_location": "",
            "url": null,
            "level": 0,
            "show_titles": "children",
            "publish_to": [
                1
            ],
            "short_title": "Why Witchcraft Works",
            "summary": "A lecture by Sterling Morrison, Director of our MSc in Witchcraft programme",
            "end_time": "13:00:00",
            "published": true,
            "please_contact": [],
            "jumps_queue_on": null,
            "child_list_heading": "",
            "external_url": null
        }
    },
    {
        "pk": 9,
        "model": "news_and_events.event",
        "fields": {
            "rght": 2,
            "single_day_event": true,
            "series": false,
            "image": 5,
            "lft": 1,
            "end_date": "2012-01-20",
            "access_note": "",
            "title": "Mediaeval medical forensic science",
            "content": null,
            "display_series_summary": false,
            "tree_id": 5,
            "featuring": [
                5
            ],
            "type": 3,
            "start_date": "2012-01-20",
            "body": 113,
            "hosted_by": 1,
            "parent": null,
            "registration_enquiries": [],
            "importance": 0,
            "start_time": "12:00:00",
            "jumps_queue_everywhere": false,
            "slug": "mediaeval-medical-forensic-science",
            "building": 3,
            "in_lists": true,
            "precise_location": "",
            "url": null,
            "level": 0,
            "show_titles": "children",
            "publish_to": [
                1
            ],
            "short_title": "Mediaeval medical forensic science",
            "summary": "Medical science at the forefront of the fight against crime",
            "end_time": "13:00:00",
            "published": true,
            "please_contact": [],
            "jumps_queue_on": null,
            "child_list_heading": "",
            "external_url": null
        }
    },
    {
        "pk": 5,
        "model": "news_and_events.event",
        "fields": {
            "rght": 10,
            "single_day_event": false,
            "series": true,
            "image": 6,
            "lft": 1,
            "end_date": null,
            "access_note": "",
            "title": "Malocchio seminar series",
            "content": null,
            "display_series_summary": false,
            "tree_id": 4,
            "featuring": [
                12
            ],
            "type": 4,
            "start_date": null,
            "body": 103,
            "hosted_by": 13,
            "parent": null,
            "registration_enquiries": [],
            "importance": 0,
            "start_time": null,
            "jumps_queue_everywhere": false,
            "slug": "malocchio-seminar-series",
            "building": 3,
            "in_lists": true,
            "precise_location": "",
            "url": null,
            "level": 0,
            "show_titles": "children",
            "publish_to": [
                1
            ],
            "short_title": "Malocchio seminar series",
            "summary": "The Malocchio seminar is a monthly interdisciplinary meeting held under the auspices of the Evil Eye Research Project",
            "end_time": null,
            "published": true,
            "please_contact": [],
            "jumps_queue_on": null,
            "child_list_heading": "",
            "external_url": null
        }
    },
    {
        "pk": 10,
        "model": "news_and_events.event",
        "fields": {
            "rght": 9,
            "single_day_event": true,
            "series": false,
            "image": null,
            "lft": 8,
            "end_date": "2011-06-08",
            "access_note": "",
            "title": "Theoretical approaches to the evil eye",
            "content": null,
            "display_series_summary": false,
            "tree_id": 4,
            "featuring": [],
            "type": 4,
            "start_date": "2011-06-08",
            "body": 115,
            "hosted_by": 13,
            "parent": 5,
            "registration_enquiries": [],
            "importance": 0,
            "start_time": "16:00:00",
            "jumps_queue_everywhere": false,
            "slug": "theoretical-approaches-to-the-evil-eye",
            "building": 3,
            "in_lists": true,
            "precise_location": "",
            "url": null,
            "level": 1,
            "show_titles": "children",
            "publish_to": [
                1
            ],
            "short_title": "Theoretical approaches to the evil eye",
            "summary": "Dr Elvis Presley (Vanderbilt School of Medical Studies) introduces his latest work in the field",
            "end_time": null,
            "published": true,
            "please_contact": [],
            "jumps_queue_on": null,
            "child_list_heading": "",
            "external_url": null
        }
    },
    {
        "pk": 7,
        "model": "news_and_events.event",
        "fields": {
            "rght": 5,
            "single_day_event": true,
            "series": false,
            "image": null,
            "lft": 4,
            "end_date": "2011-07-06",
            "access_note": "",
            "title": "\"Giving me the eye\" - new perspectives in Malocchio research",
            "content": null,
            "display_series_summary": false,
            "tree_id": 4,
            "featuring": [],
            "type": 4,
            "start_date": "2011-07-06",
            "body": 109,
            "hosted_by": 13,
            "parent": 5,
            "registration_enquiries": [],
            "importance": 0,
            "start_time": "16:00:00",
            "jumps_queue_everywhere": false,
            "slug": "new-perspectives-in-malocchio-research",
            "building": 3,
            "in_lists": true,
            "precise_location": "",
            "url": null,
            "level": 1,
            "show_titles": "children",
            "publish_to": [
                1
            ],
            "short_title": "New perspectives in Malocchio research",
            "summary": "Prof Orr reviews the latest international evil eye research papers",
            "end_time": null,
            "published": true,
            "please_contact": [],
            "jumps_queue_on": null,
            "child_list_heading": "",
            "external_url": null
        }
    },
    {
        "pk": 6,
        "model": "news_and_events.event",
        "fields": {
            "rght": 3,
            "single_day_event": true,
            "series": false,
            "image": 14,
            "lft": 2,
            "end_date": "2011-08-10",
            "access_note": "",
            "title": "\"An eye for an eye\" - fighting the curse",
            "content": null,
            "display_series_summary": false,
            "tree_id": 4,
            "featuring": [],
            "type": 4,
            "start_date": "2011-08-10",
            "body": 107,
            "hosted_by": 13,
            "parent": 5,
            "registration_enquiries": [],
            "importance": 0,
            "start_time": "16:00:00",
            "jumps_queue_everywhere": false,
            "slug": "giving-me-eye-new-perspectives-malocchio-research",
            "building": 3,
            "in_lists": true,
            "precise_location": "",
            "url": null,
            "level": 1,
            "show_titles": "children",
            "publish_to": [
                1
            ],
            "short_title": "An eye for an eye",
            "summary": "Prof Carl Perkins (New York Institute of Mediaeval Research) on tackling the evil eye",
            "end_time": null,
            "published": true,
            "please_contact": [],
            "jumps_queue_on": null,
            "child_list_heading": "",
            "external_url": null
        }
    },
    {
        "pk": 8,
        "model": "news_and_events.event",
        "fields": {
            "rght": 7,
            "single_day_event": true,
            "series": false,
            "image": 8,
            "lft": 6,
            "end_date": "2011-09-07",
            "access_note": "",
            "title": "\"Eye eye captain\" - the curse of the evil eye at sea",
            "content": null,
            "display_series_summary": false,
            "tree_id": 4,
            "featuring": [],
            "type": 4,
            "start_date": "2011-09-07",
            "body": 111,
            "hosted_by": 13,
            "parent": 5,
            "registration_enquiries": [],
            "importance": 0,
            "start_time": "16:00:00",
            "jumps_queue_everywhere": false,
            "slug": "the-evil-eye-at-sea",
            "building": 3,
            "in_lists": true,
            "precise_location": "",
            "url": null,
            "level": 1,
            "show_titles": "children",
            "publish_to": [
                1
            ],
            "short_title": "The evil eye at sea",
            "summary": "Captain Haddock provides a maritime perspective on the malocchio",
            "end_time": null,
            "published": true,
            "please_contact": [],
            "jumps_queue_on": null,
            "child_list_heading": "",
            "external_url": null
        }
    },
    {
        "pk": 3,
        "model": "news_and_events.event",
        "fields": {
            "rght": 2,
            "single_day_event": true,
            "series": false,
            "image": null,
            "lft": 1,
            "end_date": "2011-11-17",
            "access_note": "",
            "title": "Prime Ministerial visit",
            "content": null,
            "display_series_summary": false,
            "tree_id": 2,
            "featuring": [],
            "type": 2,
            "start_date": "2011-11-17",
            "body": 99,
            "hosted_by": 1,
            "parent": null,
            "registration_enquiries": [],
            "importance": 1,
            "start_time": null,
            "jumps_queue_everywhere": false,
            "slug": "prime-ministerial-visit",
            "building": null,
            "in_lists": true,
            "precise_location": "",
            "url": null,
            "level": 0,
            "show_titles": "children",
            "publish_to": [],
            "short_title": "Prime Ministerial visit",
            "summary": "The Prime Minister visits the Institute to learn more about our research",
            "end_time": null,
            "published": true,
            "please_contact": [],
            "jumps_queue_on": "2011-07-06",
            "child_list_heading": "",
            "external_url": null
        }
    },
    {
        "pk": 1,
        "model": "news_and_events.eventtype",
        "fields": {
            "event_type": "Conference"
        }
    },
    {
        "pk": 3,
        "model": "news_and_events.eventtype",
        "fields": {
            "event_type": "Public lecture"
        }
    },
    {
        "pk": 4,
        "model": "news_and_events.eventtype",
        "fields": {
            "event_type": "Seminar"
        }
    },
    {
        "pk": 2,
        "model": "news_and_events.eventtype",
        "fields": {
            "event_type": "Visit"
        }
    },
    {
        "pk": 10,
        "model": "news_and_events.newsandeventsplugin",
        "fields": {
            "order_by": "importance/date",
            "format": "details image",
            "group_dates": false,
            "show_previous_events": false,
            "entity": null,
            "display": "events",
            "news_heading_text": "News",
            "limit_to": 3,
            "layout": "sidebyside",
            "heading_level": 2,
            "list_format": "vertical",
            "events_heading_text": "Events"
        }
    },
    {
        "pk": 12,
        "model": "news_and_events.newsandeventsplugin",
        "fields": {
            "order_by": "importance/date",
            "format": "details image",
            "group_dates": false,
            "show_previous_events": false,
            "entity": null,
            "display": "news",
            "news_heading_text": "News",
            "limit_to": 3,
            "layout": "stacked",
            "heading_level": 2,
            "list_format": "horizontal",
            "events_heading_text": "Events"
        }
    },
    {
        "pk": 20,
        "model": "news_and_events.newsandeventsplugin",
        "fields": {
            "order_by": "date",
            "format": "title",
            "group_dates": true,
            "show_previous_events": false,
            "entity": null,
            "display": "news_and_events",
            "news_heading_text": "News",
            "limit_to": 5,
            "layout": "sidebyside",
            "heading_level": 2,
            "list_format": "vertical",
            "events_heading_text": "Events"
        }
    },
    {
        "pk": 24,
        "model": "news_and_events.newsandeventsplugin",
        "fields": {
            "order_by": "date",
            "format": "title",
            "group_dates": true,
            "show_previous_events": false,
            "entity": null,
            "display": "news",
            "news_heading_text": "News",
            "limit_to": 3,
            "layout": "sidebyside",
            "heading_level": 2,
            "list_format": "vertical",
            "events_heading_text": "Events"
        }
    },
    {
        "pk": 26,
        "model": "news_and_events.newsandeventsplugin",
        "fields": {
            "order_by": "date",
            "format": "title",
            "group_dates": true,
            "show_previous_events": false,
            "entity": null,
            "display": "news",
            "news_heading_text": "Latest news item",
            "limit_to": 1,
            "layout": "sidebyside",
            "heading_level": 2,
            "list_format": "vertical",
            "events_heading_text": "Events"
        }
    },
    {
        "pk": 43,
        "model": "news_and_events.newsandeventsplugin",
        "fields": {
            "order_by": "importance/date",
            "format": "details image",
            "group_dates": true,
            "show_previous_events": false,
            "entity": null,
            "display": "news & events",
            "news_heading_text": "News",
            "limit_to": 5,
            "layout": "sidebyside",
            "heading_level": 3,
            "list_format": "vertical",
            "events_heading_text": "Events"
        }
    },
    {
        "pk": 44,
        "model": "news_and_events.newsandeventsplugin",
        "fields": {
            "order_by": "date",
            "format": "title",
            "group_dates": false,
            "show_previous_events": false,
            "entity": null,
            "display": "news & events",
            "news_heading_text": "News",
            "limit_to": 3,
            "layout": "sidebyside",
            "heading_level": 3,
            "list_format": "vertical",
            "events_heading_text": "Events"
        }
    },
    {
        "pk": 45,
        "model": "news_and_events.newsandeventsplugin",
        "fields": {
            "order_by": "importance/date",
            "format": "title",
            "group_dates": true,
            "show_previous_events": false,
            "entity": null,
            "display": "news & events",
            "news_heading_text": "News",
            "limit_to": 3,
            "layout": "stacked",
            "heading_level": 3,
            "list_format": "vertical",
            "events_heading_text": "Events"
        }
    },
    {
        "pk": 56,
        "model": "news_and_events.newsandeventsplugin",
        "fields": {
            "order_by": "importance/date",
            "format": "details image",
            "group_dates": false,
            "show_previous_events": false,
            "entity": null,
            "display": "news & events",
            "news_heading_text": "News",
            "limit_to": 3,
            "layout": "stacked",
            "heading_level": 3,
            "list_format": "horizontal",
            "events_heading_text": "Events"
        }
    },
    {
        "pk": 1,
        "model": "links.objectlink",
        "fields": {
            "metadata_override": "",
            "text_override": "",
            "html_title_attribute": "",
            "destination_object_id": 10,
            "object_id": 3,
            "description_override": "",
            "include_description": false,
            "destination_content_type": [
                "contacts_and_people",
                "person"
            ],
            "content_type": [
                "news_and_events",
                "newsarticle"
            ],
            "key_link": false,
            "heading_override": ""
        }
    },
    {
        "pk": 1,
        "model": "links.genericlinklistpluginitem",
        "fields": {
            "metadata_override": "",
            "text_override": "",
            "html_title_attribute": "",
            "destination_object_id": 2,
            "key_link": false,
            "description_override": "",
            "include_description": false,
            "destination_content_type": [
                "contacts_and_people",
                "person"
            ],
            "active": true,
            "heading_override": "",
            "inline_item_ordering": 0,
            "plugin": 15
        }
    },
    {
        "pk": 2,
        "model": "links.genericlinklistpluginitem",
        "fields": {
            "metadata_override": "",
            "text_override": "",
            "html_title_attribute": "",
            "destination_object_id": 14,
            "key_link": false,
            "description_override": "",
            "include_description": false,
            "destination_content_type": [
                "contacts_and_people",
                "person"
            ],
            "active": true,
            "heading_override": "",
            "inline_item_ordering": 0,
            "plugin": 15
        }
    },
    {
        "pk": 3,
        "model": "links.genericlinklistpluginitem",
        "fields": {
            "metadata_override": "",
            "text_override": "",
            "html_title_attribute": "",
            "destination_object_id": 5,
            "key_link": false,
            "description_override": "",
            "include_description": false,
            "destination_content_type": [
                "contacts_and_people",
                "person"
            ],
            "active": true,
            "heading_override": "",
            "inline_item_ordering": 0,
            "plugin": 15
        }
    },
    {
        "pk": 5,
        "model": "links.genericlinklistpluginitem",
        "fields": {
            "metadata_override": "",
            "text_override": "home page",
            "html_title_attribute": "",
            "destination_object_id": 1,
            "key_link": false,
            "description_override": "",
            "include_description": false,
            "destination_content_type": [
                "cms",
                "page"
            ],
            "active": true,
            "heading_override": "",
            "inline_item_ordering": 0,
            "plugin": 57
        }
    },
    {
        "pk": 6,
        "model": "links.genericlinklistpluginitem",
        "fields": {
            "metadata_override": "",
            "text_override": "",
            "html_title_attribute": "",
            "destination_object_id": 3,
            "key_link": false,
            "description_override": "",
            "include_description": false,
            "destination_content_type": [
                "links",
                "externallink"
            ],
            "active": true,
            "heading_override": "",
            "inline_item_ordering": 0,
            "plugin": 65
        }
    },
    {
        "pk": 1,
        "model": "links.externallink",
        "fields": {
            "url": "http://bbc.co.uk/",
            "kind": 2,
            "external_site": 3,
            "description": "",
            "title": "BBC"
        }
    },
    {
        "pk": 3,
        "model": "links.externallink",
        "fields": {
            "url": "https://github.com/SmileyChris/easy-thumbnails",
            "kind": 1,
            "external_site": 16,
            "description": "",
            "title": "Easy Thumbnails by SmileyChris"
        }
    },
    {
        "pk": 2,
        "model": "links.externallink",
        "fields": {
            "url": "http://www.bbc.co.uk/news/world-europe-14035120",
            "kind": 2,
            "external_site": 15,
            "description": "",
            "title": "Evil spirits prompt Egyptian seed ban"
        }
    },
    {
        "pk": 4,
        "model": "links.externallink",
        "fields": {
            "url": "http://docs.djangoproject.com/en/dev/ref/contrib/messages/",
            "kind": 2,
            "external_site": 11,
            "description": "For the purposes of this demo, a link to an external item",
            "title": "Generic external page"
        }
    },
    {
        "pk": 15,
        "model": "links.externallink",
        "fields": {
            "url": "http://www.bbc.co.uk/news/health-13956252",
            "kind": 2,
            "external_site": 15,
            "description": "Mediaeval techniques can double the chance of someone successfully quitting smoking, according to UK researchers.\r\n",
            "title": "Mediaeval techniques 'help smokers quit'"
        }
    },
    {
        "pk": 7,
        "model": "links.externallink",
        "fields": {
            "url": "http://news.bbc.co.uk/abcdef",
            "kind": 2,
            "external_site": 8,
            "description": "from arkestra_settings import *",
            "title": "New York-Boston East Coast axis of music"
        }
    },
    {
        "pk": 8,
        "model": "links.externallink",
        "fields": {
            "url": "http://news.bbc.co.uk/bogu/",
            "kind": 2,
            "external_site": 8,
            "description": "from arkestra_settings import *",
            "title": "New York-Boston East Coast axis of music"
        }
    },
    {
        "pk": 10,
        "model": "links.externallink",
        "fields": {
            "url": "http://news.bbc.co.uk/shjshjhs",
            "kind": 2,
            "external_site": 8,
            "description": "from arkestra_settings import *",
            "title": "New York-Boston East Coast axis of music"
        }
    },
    {
        "pk": 11,
        "model": "links.externallink",
        "fields": {
            "url": "http://news.bbc.co.uk/a",
            "kind": 2,
            "external_site": 8,
            "description": "from arkestra_settings import *",
            "title": "New York-Boston East Coast axis of music"
        }
    },
    {
        "pk": 12,
        "model": "links.externallink",
        "fields": {
            "url": "http://aikidocardiff.com",
            "kind": 2,
            "external_site": 13,
            "description": "from arkestra_settings import *",
            "title": "New York-Boston East Coast axis of music"
        }
    },
    {
        "pk": 13,
        "model": "links.externallink",
        "fields": {
            "url": "http://www.aikidocardiff.com",
            "kind": 2,
            "external_site": 14,
            "description": "from arkestra_settings import *",
            "title": "New York-Boston East Coast axis of music"
        }
    },
    {
        "pk": 14,
        "model": "links.externallink",
        "fields": {
            "url": "http://www.aikidocardiff.com/aghagh",
            "kind": 2,
            "external_site": 14,
            "description": "from arkestra_settings import *",
            "title": "New York-Boston East Coast axis of music"
        }
    },
    {
        "pk": 1,
        "model": "links.linktype",
        "fields": {
            "scheme": "https",
            "name": "Secure hypertext"
        }
    },
    {
        "pk": 2,
        "model": "links.linktype",
        "fields": {
            "scheme": "http",
            "name": "Hypertext"
        }
    },
    {
        "pk": 3,
        "model": "links.linktype",
        "fields": {
            "scheme": "mailto",
            "name": "Email address"
        }
    },
    {
        "pk": 4,
        "model": "links.linktype",
        "fields": {
            "scheme": "ftp",
            "name": "File Transfer Protocol"
        }
    },
    {
        "pk": 4,
        "model": "links.externalsite",
        "fields": {
            "rght": 17,
            "domain": "ac.uk",
            "parent": 1,
            "level": 1,
            "site": "ac.uk",
            "lft": 10,
            "tree_id": 1
        }
    },
    {
        "pk": 13,
        "model": "links.externalsite",
        "fields": {
            "rght": 9,
            "domain": "aikidocardiff.com",
            "parent": 9,
            "level": 1,
            "site": "aikidocardiff.com",
            "lft": 6,
            "tree_id": 2
        }
    },
    {
        "pk": 3,
        "model": "links.externalsite",
        "fields": {
            "rght": 8,
            "domain": "bbc.co.uk",
            "parent": 2,
            "level": 2,
            "site": "BBC",
            "lft": 3,
            "tree_id": 1
        }
    },
    {
        "pk": 5,
        "model": "links.externalsite",
        "fields": {
            "rght": 16,
            "domain": "cf.ac.uk",
            "parent": 4,
            "level": 2,
            "site": "cf.ac.uk",
            "lft": 11,
            "tree_id": 1
        }
    },
    {
        "pk": 2,
        "model": "links.externalsite",
        "fields": {
            "rght": 9,
            "domain": "co.uk",
            "parent": 1,
            "level": 1,
            "site": "co.uk",
            "lft": 2,
            "tree_id": 1
        }
    },
    {
        "pk": 9,
        "model": "links.externalsite",
        "fields": {
            "rght": 12,
            "domain": "com",
            "parent": null,
            "level": 0,
            "site": "com",
            "lft": 1,
            "tree_id": 2
        }
    },
    {
        "pk": 6,
        "model": "links.externalsite",
        "fields": {
            "rght": 15,
            "domain": "cs.cf.ac.uk",
            "parent": 5,
            "level": 3,
            "site": "cs.cf.ac.uk",
            "lft": 12,
            "tree_id": 1
        }
    },
    {
        "pk": 10,
        "model": "links.externalsite",
        "fields": {
            "rght": 5,
            "domain": "djangoproject.com",
            "parent": 9,
            "level": 1,
            "site": "djangoproject.com",
            "lft": 2,
            "tree_id": 2
        }
    },
    {
        "pk": 11,
        "model": "links.externalsite",
        "fields": {
            "rght": 4,
            "domain": "docs.djangoproject.com",
            "parent": 10,
            "level": 2,
            "site": "docs.djangoproject.com",
            "lft": 3,
            "tree_id": 2
        }
    },
    {
        "pk": 16,
        "model": "links.externalsite",
        "fields": {
            "rght": 11,
            "domain": "github.com",
            "parent": 9,
            "level": 1,
            "site": "github.com",
            "lft": 10,
            "tree_id": 2
        }
    },
    {
        "pk": 8,
        "model": "links.externalsite",
        "fields": {
            "rght": 5,
            "domain": "news.bbc.co.uk",
            "parent": 3,
            "level": 3,
            "site": "news.bbc.co.uk",
            "lft": 4,
            "tree_id": 1
        }
    },
    {
        "pk": 1,
        "model": "links.externalsite",
        "fields": {
            "rght": 18,
            "domain": "uk",
            "parent": null,
            "level": 0,
            "site": "uk",
            "lft": 1,
            "tree_id": 1
        }
    },
    {
        "pk": 14,
        "model": "links.externalsite",
        "fields": {
            "rght": 8,
            "domain": "www.aikidocardiff.com",
            "parent": 13,
            "level": 2,
            "site": "www.aikidocardiff.com",
            "lft": 7,
            "tree_id": 2
        }
    },
    {
        "pk": 15,
        "model": "links.externalsite",
        "fields": {
            "rght": 7,
            "domain": "www.bbc.co.uk",
            "parent": 3,
            "level": 3,
            "site": "www.bbc.co.uk",
            "lft": 6,
            "tree_id": 1
        }
    },
    {
        "pk": 7,
        "model": "links.externalsite",
        "fields": {
            "rght": 14,
            "domain": "www.cs.cf.ac.uk",
            "parent": 6,
            "level": 4,
            "site": "www.cs.cf.ac.uk",
            "lft": 13,
            "tree_id": 1
        }
    },
    {
        "pk": 15,
        "model": "links.genericlinklistplugin",
        "fields": {
            "use_link_icons": false,
            "final_separator": " and ",
            "separator": ", ",
            "insert_as": 0
        }
    },
    {
        "pk": 57,
        "model": "links.genericlinklistplugin",
        "fields": {
            "use_link_icons": false,
            "final_separator": " and ",
            "separator": ", ",
            "insert_as": 0
        }
    },
    {
        "pk": 65,
        "model": "links.genericlinklistplugin",
        "fields": {
            "use_link_icons": false,
            "final_separator": " and ",
            "separator": ", ",
            "insert_as": 0
        }
    },
    {
        "pk": 27,
        "model": "arkestra_image_plugin.imagesetplugin",
        "fields": {
            "kind": "basic",
            "float": null,
            "height": null,
            "width": 1000.0,
            "aspect_ratio": 0.0,
            "items_per_row": null
        }
    },
    {
        "pk": 66,
        "model": "arkestra_image_plugin.imagesetplugin",
        "fields": {
            "kind": "basic",
            "float": "right",
            "height": null,
            "width": -50.0,
            "aspect_ratio": 0.0,
            "items_per_row": null
        }
    },
    {
        "pk": 67,
        "model": "arkestra_image_plugin.imagesetplugin",
        "fields": {
            "kind": "basic",
            "float": "right",
            "height": null,
            "width": -50.0,
            "aspect_ratio": 0.0,
            "items_per_row": null
        }
    },
    {
        "pk": 60,
        "model": "arkestra_image_plugin.imagesetplugin",
        "fields": {
            "kind": "basic",
            "float": "right",
            "height": null,
            "width": 25.0,
            "aspect_ratio": 0.3,
            "items_per_row": null
        }
    },
    {
        "pk": 61,
        "model": "arkestra_image_plugin.imagesetplugin",
        "fields": {
            "kind": "basic",
            "float": "left",
            "height": null,
            "width": 75.0,
            "aspect_ratio": 3.0,
            "items_per_row": null
        }
    },
    {
        "pk": 62,
        "model": "arkestra_image_plugin.imagesetplugin",
        "fields": {
            "kind": "basic",
            "float": "left",
            "height": null,
            "width": 25.0,
            "aspect_ratio": 0.75,
            "items_per_row": null
        }
    },
    {
        "pk": 63,
        "model": "arkestra_image_plugin.imagesetplugin",
        "fields": {
            "kind": "basic",
            "float": "left",
            "height": null,
            "width": 50.0,
            "aspect_ratio": 1.0,
            "items_per_row": null
        }
    },
    {
        "pk": 64,
        "model": "arkestra_image_plugin.imagesetplugin",
        "fields": {
            "kind": "basic",
            "float": null,
            "height": null,
            "width": 1000.0,
            "aspect_ratio": 3.0,
            "items_per_row": null
        }
    },
    {
        "pk": 1,
        "model": "arkestra_image_plugin.imagesetitem",
        "fields": {
            "manual_image_title": null,
            "auto_image_title": false,
            "manual_image_caption": "This image has been placed in the text and told to size itself automatically.",
            "plugin": 27,
            "image": 1,
            "destination_object_id": null,
            "manual_link_description": null,
            "alt_text": "",
            "destination_content_type": null,
            "auto_link_description": false,
            "active": true,
            "inline_item_ordering": 0,
            "manual_link_title": null,
            "auto_link_title": false,
            "auto_image_caption": false
        }
    },
    {
        "pk": 2,
        "model": "arkestra_image_plugin.imagesetitem",
        "fields": {
            "manual_image_title": null,
            "auto_image_title": false,
            "manual_image_caption": "",
            "plugin": 60,
            "image": 9,
            "destination_object_id": null,
            "manual_link_description": null,
            "alt_text": "",
            "destination_content_type": null,
            "auto_link_description": false,
            "active": true,
            "inline_item_ordering": 0,
            "manual_link_title": null,
            "auto_link_title": false,
            "auto_image_caption": false
        }
    },
    {
        "pk": 3,
        "model": "arkestra_image_plugin.imagesetitem",
        "fields": {
            "manual_image_title": null,
            "auto_image_title": false,
            "manual_image_caption": "",
            "plugin": 61,
            "image": 9,
            "destination_object_id": null,
            "manual_link_description": null,
            "alt_text": "",
            "destination_content_type": null,
            "auto_link_description": false,
            "active": true,
            "inline_item_ordering": 0,
            "manual_link_title": null,
            "auto_link_title": false,
            "auto_image_caption": false
        }
    },
    {
        "pk": 4,
        "model": "arkestra_image_plugin.imagesetitem",
        "fields": {
            "manual_image_title": null,
            "auto_image_title": false,
            "manual_image_caption": "",
            "plugin": 62,
            "image": 9,
            "destination_object_id": null,
            "manual_link_description": null,
            "alt_text": "",
            "destination_content_type": null,
            "auto_link_description": false,
            "active": true,
            "inline_item_ordering": 0,
            "manual_link_title": null,
            "auto_link_title": false,
            "auto_image_caption": false
        }
    },
    {
        "pk": 5,
        "model": "arkestra_image_plugin.imagesetitem",
        "fields": {
            "manual_image_title": null,
            "auto_image_title": false,
            "manual_image_caption": "",
            "plugin": 63,
            "image": 9,
            "destination_object_id": null,
            "manual_link_description": null,
            "alt_text": "",
            "destination_content_type": null,
            "auto_link_description": false,
            "active": true,
            "inline_item_ordering": 0,
            "manual_link_title": null,
            "auto_link_title": false,
            "auto_image_caption": false
        }
    },
    {
        "pk": 6,
        "model": "arkestra_image_plugin.imagesetitem",
        "fields": {
            "manual_image_title": null,
            "auto_image_title": false,
            "manual_image_caption": "",
            "plugin": 64,
            "image": 9,
            "destination_object_id": null,
            "manual_link_description": null,
            "alt_text": "",
            "destination_content_type": null,
            "auto_link_description": false,
            "active": true,
            "inline_item_ordering": 0,
            "manual_link_title": null,
            "auto_link_title": false,
            "auto_image_caption": false
        }
    },
    {
        "pk": 7,
        "model": "arkestra_image_plugin.imagesetitem",
        "fields": {
            "manual_image_title": null,
            "auto_image_title": false,
            "manual_image_caption": "",
            "plugin": 66,
            "image": 12,
            "destination_object_id": null,
            "manual_link_description": null,
            "alt_text": "",
            "destination_content_type": null,
            "auto_link_description": false,
            "active": true,
            "inline_item_ordering": 0,
            "manual_link_title": null,
            "auto_link_title": false,
            "auto_image_caption": false
        }
    },
    {
        "pk": 8,
        "model": "arkestra_image_plugin.imagesetitem",
        "fields": {
            "manual_image_title": null,
            "auto_image_title": false,
            "manual_image_caption": "",
            "plugin": 67,
            "image": 10,
            "destination_object_id": null,
            "manual_link_description": null,
            "alt_text": "",
            "destination_content_type": null,
            "auto_link_description": false,
            "active": true,
            "inline_item_ordering": 0,
            "manual_link_title": null,
            "auto_link_title": false,
            "auto_image_caption": false
        }
    },
    {
        "pk": 3,
        "model": "semanticeditor.cssclasscategory",
        "fields": {
            "name": "Background"
        }
    },
    {
        "pk": 2,
        "model": "semanticeditor.cssclasscategory",
        "fields": {
            "name": "Images"
        }
    },
    {
        "pk": 5,
        "model": "semanticeditor.cssclasscategory",
        "fields": {
            "name": "Links"
        }
    },
    {
        "pk": 4,
        "model": "semanticeditor.cssclasscategory",
        "fields": {
            "name": "Typography"
        }
    },
    {
        "pk": 1,
        "model": "semanticeditor.cssclasscategory",
        "fields": {
            "name": "Width"
        }
    },
    {
        "pk": 6,
        "model": "semanticeditor.cssclass",
        "fields": {
            "category": 5,
            "templates": "[u'[u\"[u\\'\\']\"]']",
            "name": "buttonise",
            "allowed_elements": "p newrow newcol innerrow innercol",
            "column_equiv": null,
            "verbose_name": "buttonise",
            "description": ""
        }
    },
    {
        "pk": 9,
        "model": "semanticeditor.cssclass",
        "fields": {
            "category": 4,
            "templates": "[u'[u\"[u\\'\\']\"]']",
            "name": "no-small-caps",
            "allowed_elements": "p newrow newcol innerrow innercol",
            "column_equiv": null,
            "verbose_name": "disable small caps",
            "description": ""
        }
    },
    {
        "pk": 1,
        "model": "semanticeditor.cssclass",
        "fields": {
            "category": 1,
            "templates": "[u'[u\"[u\\'\\']\"]']",
            "name": "doublecolumn",
            "allowed_elements": "newcol innercol",
            "column_equiv": 2,
            "verbose_name": "double",
            "description": ""
        }
    },
    {
        "pk": 11,
        "model": "semanticeditor.cssclass",
        "fields": {
            "category": 2,
            "templates": "[u'[u\"[u\\'\\']\"]']",
            "name": "images-left",
            "allowed_elements": "p newrow newcol innerrow innercol",
            "column_equiv": null,
            "verbose_name": "float left",
            "description": ""
        }
    },
    {
        "pk": 12,
        "model": "semanticeditor.cssclass",
        "fields": {
            "category": 2,
            "templates": "[u'[u\"[u\\'\\']\"]']",
            "name": "images-right",
            "allowed_elements": "p newrow newcol innerrow innercol",
            "column_equiv": null,
            "verbose_name": "float right",
            "description": ""
        }
    },
    {
        "pk": 4,
        "model": "semanticeditor.cssclass",
        "fields": {
            "category": 3,
            "templates": "[u\"[u'[]']\"]",
            "name": "background green",
            "allowed_elements": "p blockquote ul ol li newrow newcol innerrow innercol",
            "column_equiv": null,
            "verbose_name": "green",
            "description": ""
        }
    },
    {
        "pk": 3,
        "model": "semanticeditor.cssclass",
        "fields": {
            "category": 2,
            "templates": "[u'[u\"[u\\'\\']\"]']",
            "name": "image-borders",
            "allowed_elements": "p newrow newcol innerrow innercol",
            "column_equiv": null,
            "verbose_name": "have borders",
            "description": "Images in this element will have a border"
        }
    },
    {
        "pk": 7,
        "model": "semanticeditor.cssclass",
        "fields": {
            "category": 2,
            "templates": "[u'[u\"[u\\'\\']\"]']",
            "name": "shadowed",
            "allowed_elements": "p newrow newcol innerrow innercol",
            "column_equiv": null,
            "verbose_name": "have shadows",
            "description": ""
        }
    },
    {
        "pk": 8,
        "model": "semanticeditor.cssclass",
        "fields": {
            "category": 2,
            "templates": "[u'[u\"[u\\'\\']\"]']",
            "name": "no-image-link-arrows",
            "allowed_elements": "p newrow newcol innerrow innercol",
            "column_equiv": null,
            "verbose_name": "no link arrow icons",
            "description": ""
        }
    },
    {
        "pk": 5,
        "model": "semanticeditor.cssclass",
        "fields": {
            "category": 4,
            "templates": "[u'[u\"[u\\'\\']\"]']",
            "name": "standout",
            "allowed_elements": "p",
            "column_equiv": null,
            "verbose_name": "standout",
            "description": ""
        }
    },
    {
        "pk": 10,
        "model": "semanticeditor.cssclass",
        "fields": {
            "category": 4,
            "templates": "[u'[u\"[u\\'\\']\"]']",
            "name": "standout-mild",
            "allowed_elements": "p",
            "column_equiv": null,
            "verbose_name": "standout (mild)",
            "description": ""
        }
    },
    {
        "pk": 2,
        "model": "semanticeditor.cssclass",
        "fields": {
            "category": 1,
            "templates": "[u'[u\"[u\\'\\']\"]']",
            "name": "triplecolumn",
            "allowed_elements": "newcol innercol",
            "column_equiv": 3,
            "verbose_name": "triple",
            "description": ""
        }
    },
    {
        "pk": 1,
        "model": "easy_thumbnails.source",
        "fields": {
            "name": "2011/06/30/0020n040.jpg",
            "storage_hash": "52617e6399d6f38ea9cbf527bf430616",
            "modified": "2013-03-12T17:08:12.484"
        }
    },
    {
        "pk": 2,
        "model": "easy_thumbnails.source",
        "fields": {
            "name": "2011/07/06/07.jpg",
            "storage_hash": "52617e6399d6f38ea9cbf527bf430616",
            "modified": "2013-03-12T17:08:12.488"
        }
    },
    {
        "pk": 3,
        "model": "easy_thumbnails.source",
        "fields": {
            "name": "2011/07/06/335.jpg",
            "storage_hash": "52617e6399d6f38ea9cbf527bf430616",
            "modified": "2011-07-06T17:42:44"
        }
    },
    {
        "pk": 4,
        "model": "easy_thumbnails.source",
        "fields": {
            "name": "2011/07/06/johncale.jpg",
            "storage_hash": "52617e6399d6f38ea9cbf527bf430616",
            "modified": "2013-03-12T17:08:12.488"
        }
    },
    {
        "pk": 5,
        "model": "easy_thumbnails.source",
        "fields": {
            "name": "2011/07/06/jonathan-richman-101.jpg",
            "storage_hash": "52617e6399d6f38ea9cbf527bf430616",
            "modified": "2011-07-06T17:42:46"
        }
    },
    {
        "pk": 6,
        "model": "easy_thumbnails.source",
        "fields": {
            "name": "2011/07/06/84_evil-eye.gif",
            "storage_hash": "52617e6399d6f38ea9cbf527bf430616",
            "modified": "2011-07-06T19:43:13"
        }
    },
    {
        "pk": 7,
        "model": "easy_thumbnails.source",
        "fields": {
            "name": "2011/07/06/tooth.jpg",
            "storage_hash": "52617e6399d6f38ea9cbf527bf430616",
            "modified": "2011-07-06T21:42:13"
        }
    },
    {
        "pk": 8,
        "model": "easy_thumbnails.source",
        "fields": {
            "name": "2011/07/14/haddock.jpg",
            "storage_hash": "52617e6399d6f38ea9cbf527bf430616",
            "modified": "2011-07-14T23:08:41"
        }
    },
    {
        "pk": 9,
        "model": "easy_thumbnails.source",
        "fields": {
            "name": "2011/07/28/110.jpg",
            "storage_hash": "52617e6399d6f38ea9cbf527bf430616",
            "modified": "2011-07-28T13:46:36"
        }
    },
    {
        "pk": 10,
        "model": "easy_thumbnails.source",
        "fields": {
            "name": "2011/07/28/15644525.jpg",
            "storage_hash": "52617e6399d6f38ea9cbf527bf430616",
            "modified": "2013-03-12T17:08:12.492"
        }
    },
    {
        "pk": 11,
        "model": "easy_thumbnails.source",
        "fields": {
            "name": "2011/07/28/arrow-down.png",
            "storage_hash": "52617e6399d6f38ea9cbf527bf430616",
            "modified": "2011-07-28T23:39:31"
        }
    },
    {
        "pk": 12,
        "model": "easy_thumbnails.source",
        "fields": {
            "name": "2011/07/28/arrow-left.png",
            "storage_hash": "52617e6399d6f38ea9cbf527bf430616",
            "modified": "2011-07-28T23:39:32"
        }
    },
    {
        "pk": 13,
        "model": "easy_thumbnails.source",
        "fields": {
            "name": "2011/07/28/arrow-right.png",
            "storage_hash": "52617e6399d6f38ea9cbf527bf430616",
            "modified": "2011-07-28T23:39:33"
        }
    },
    {
        "pk": 14,
        "model": "easy_thumbnails.source",
        "fields": {
            "name": "2011/07/28/arrow-up.png",
            "storage_hash": "52617e6399d6f38ea9cbf527bf430616",
            "modified": "2011-07-28T23:39:33"
        }
    },
    {
        "pk": 15,
        "model": "easy_thumbnails.source",
        "fields": {
            "name": "2011/07/28/arrow-down_1.png",
            "storage_hash": "52617e6399d6f38ea9cbf527bf430616",
            "modified": "2013-03-12T17:08:12.492"
        }
    },
    {
        "pk": 16,
        "model": "easy_thumbnails.source",
        "fields": {
            "name": "2011/07/28/arrow-left_1.png",
            "storage_hash": "52617e6399d6f38ea9cbf527bf430616",
            "modified": "2011-07-28T23:55:37"
        }
    },
    {
        "pk": 17,
        "model": "easy_thumbnails.source",
        "fields": {
            "name": "2011/07/28/arrow-right_1.png",
            "storage_hash": "52617e6399d6f38ea9cbf527bf430616",
            "modified": "2013-03-12T17:08:12.492"
        }
    },
    {
        "pk": 18,
        "model": "easy_thumbnails.source",
        "fields": {
            "name": "2011/07/28/arrow-up_1.png",
            "storage_hash": "52617e6399d6f38ea9cbf527bf430616",
            "modified": "2011-07-28T23:55:58"
        }
    },
    {
        "pk": 19,
        "model": "easy_thumbnails.source",
        "fields": {
            "name": "2011/07/29/normal_carl_perkins.jpg",
            "storage_hash": "52617e6399d6f38ea9cbf527bf430616",
            "modified": "2011-07-29T00:10:00"
        }
    },
    {
        "pk": 1,
        "model": "easy_thumbnails.thumbnail",
        "fields": {
            "source": 1,
            "name": "2011/06/30/0020n040.jpg__16x16_q85_crop_upscale.jpg",
            "storage_hash": "52617e6399d6f38ea9cbf527bf430616",
            "modified": "2011-06-30T21:24:02"
        }
    },
    {
        "pk": 2,
        "model": "easy_thumbnails.thumbnail",
        "fields": {
            "source": 1,
            "name": "2011/06/30/0020n040.jpg__32x32_q85_crop_upscale.jpg",
            "storage_hash": "52617e6399d6f38ea9cbf527bf430616",
            "modified": "2011-06-30T21:24:03"
        }
    },
    {
        "pk": 3,
        "model": "easy_thumbnails.thumbnail",
        "fields": {
            "source": 1,
            "name": "2011/06/30/0020n040.jpg__48x48_q85_crop_upscale.jpg",
            "storage_hash": "52617e6399d6f38ea9cbf527bf430616",
            "modified": "2011-06-30T21:24:03"
        }
    },
    {
        "pk": 4,
        "model": "easy_thumbnails.thumbnail",
        "fields": {
            "source": 1,
            "name": "2011/06/30/0020n040.jpg__64x64_q85_crop_upscale.jpg",
            "storage_hash": "52617e6399d6f38ea9cbf527bf430616",
            "modified": "2011-06-30T21:24:03"
        }
    },
    {
        "pk": 5,
        "model": "easy_thumbnails.thumbnail",
        "fields": {
            "source": 1,
            "name": "2011/06/30/0020n040.jpg__210x10000_q85.jpg",
            "storage_hash": "52617e6399d6f38ea9cbf527bf430616",
            "modified": "2011-06-30T21:26:58"
        }
    },
    {
        "pk": 6,
        "model": "easy_thumbnails.thumbnail",
        "fields": {
            "source": 1,
            "name": "2011/06/30/0020n040.jpg__16x16_q85_crop_subject_location-178,292_upscale.jpg",
            "storage_hash": "52617e6399d6f38ea9cbf527bf430616",
            "modified": "2012-10-07T11:42:32.737"
        }
    },
    {
        "pk": 7,
        "model": "easy_thumbnails.thumbnail",
        "fields": {
            "source": 1,
            "name": "2011/06/30/0020n040.jpg__32x32_q85_crop_subject_location-178,292_upscale.jpg",
            "storage_hash": "52617e6399d6f38ea9cbf527bf430616",
            "modified": "2012-10-07T11:42:32.841"
        }
    },
    {
        "pk": 8,
        "model": "easy_thumbnails.thumbnail",
        "fields": {
            "source": 1,
            "name": "2011/06/30/0020n040.jpg__48x48_q85_crop_subject_location-178,292_upscale.jpg",
            "storage_hash": "52617e6399d6f38ea9cbf527bf430616",
            "modified": "2012-10-07T11:42:32.925"
        }
    },
    {
        "pk": 9,
        "model": "easy_thumbnails.thumbnail",
        "fields": {
            "source": 1,
            "name": "2011/06/30/0020n040.jpg__64x64_q85_crop_subject_location-178,292_upscale.jpg",
            "storage_hash": "52617e6399d6f38ea9cbf527bf430616",
            "modified": "2012-10-07T11:42:33.013"
        }
    },
    {
        "pk": 10,
        "model": "easy_thumbnails.thumbnail",
        "fields": {
            "source": 1,
            "name": "2011/06/30/0020n040.jpg__363x475_q85_crop_subject_location-178,292.jpg",
            "storage_hash": "52617e6399d6f38ea9cbf527bf430616",
            "modified": "2011-07-05T22:10:54"
        }
    },
    {
        "pk": 11,
        "model": "easy_thumbnails.thumbnail",
        "fields": {
            "source": 1,
            "name": "2011/06/30/0020n040.jpg__235x307_q85_crop_subject_location-178,292.jpg",
            "storage_hash": "52617e6399d6f38ea9cbf527bf430616",
            "modified": "2011-07-10T11:34:21"
        }
    },
    {
        "pk": 12,
        "model": "easy_thumbnails.thumbnail",
        "fields": {
            "source": 2,
            "name": "2011/07/06/07.jpg__16x16_q85_crop_upscale.jpg",
            "storage_hash": "52617e6399d6f38ea9cbf527bf430616",
            "modified": "2011-07-06T17:42:42"
        }
    },
    {
        "pk": 13,
        "model": "easy_thumbnails.thumbnail",
        "fields": {
            "source": 2,
            "name": "2011/07/06/07.jpg__32x32_q85_crop_upscale.jpg",
            "storage_hash": "52617e6399d6f38ea9cbf527bf430616",
            "modified": "2011-07-06T17:42:42"
        }
    },
    {
        "pk": 14,
        "model": "easy_thumbnails.thumbnail",
        "fields": {
            "source": 2,
            "name": "2011/07/06/07.jpg__48x48_q85_crop_upscale.jpg",
            "storage_hash": "52617e6399d6f38ea9cbf527bf430616",
            "modified": "2011-09-29T12:50:03"
        }
    },
    {
        "pk": 15,
        "model": "easy_thumbnails.thumbnail",
        "fields": {
            "source": 2,
            "name": "2011/07/06/07.jpg__64x64_q85_crop_upscale.jpg",
            "storage_hash": "52617e6399d6f38ea9cbf527bf430616",
            "modified": "2011-07-06T17:42:42"
        }
    },
    {
        "pk": 16,
        "model": "easy_thumbnails.thumbnail",
        "fields": {
            "source": 3,
            "name": "2011/07/06/335.jpg__16x16_q85_crop_upscale.jpg",
            "storage_hash": "52617e6399d6f38ea9cbf527bf430616",
            "modified": "2011-07-06T17:42:44"
        }
    },
    {
        "pk": 17,
        "model": "easy_thumbnails.thumbnail",
        "fields": {
            "source": 3,
            "name": "2011/07/06/335.jpg__32x32_q85_crop_upscale.jpg",
            "storage_hash": "52617e6399d6f38ea9cbf527bf430616",
            "modified": "2011-07-06T17:42:44"
        }
    },
    {
        "pk": 18,
        "model": "easy_thumbnails.thumbnail",
        "fields": {
            "source": 3,
            "name": "2011/07/06/335.jpg__48x48_q85_crop_upscale.jpg",
            "storage_hash": "52617e6399d6f38ea9cbf527bf430616",
            "modified": "2011-07-06T17:42:44"
        }
    },
    {
        "pk": 19,
        "model": "easy_thumbnails.thumbnail",
        "fields": {
            "source": 3,
            "name": "2011/07/06/335.jpg__64x64_q85_crop_upscale.jpg",
            "storage_hash": "52617e6399d6f38ea9cbf527bf430616",
            "modified": "2011-07-06T17:42:44"
        }
    },
    {
        "pk": 20,
        "model": "easy_thumbnails.thumbnail",
        "fields": {
            "source": 4,
            "name": "2011/07/06/johncale.jpg__16x16_q85_crop_upscale.jpg",
            "storage_hash": "52617e6399d6f38ea9cbf527bf430616",
            "modified": "2011-07-06T17:42:45"
        }
    },
    {
        "pk": 21,
        "model": "easy_thumbnails.thumbnail",
        "fields": {
            "source": 4,
            "name": "2011/07/06/johncale.jpg__32x32_q85_crop_upscale.jpg",
            "storage_hash": "52617e6399d6f38ea9cbf527bf430616",
            "modified": "2011-07-06T17:42:45"
        }
    },
    {
        "pk": 22,
        "model": "easy_thumbnails.thumbnail",
        "fields": {
            "source": 4,
            "name": "2011/07/06/johncale.jpg__48x48_q85_crop_upscale.jpg",
            "storage_hash": "52617e6399d6f38ea9cbf527bf430616",
            "modified": "2011-07-06T17:42:45"
        }
    },
    {
        "pk": 23,
        "model": "easy_thumbnails.thumbnail",
        "fields": {
            "source": 4,
            "name": "2011/07/06/johncale.jpg__64x64_q85_crop_upscale.jpg",
            "storage_hash": "52617e6399d6f38ea9cbf527bf430616",
            "modified": "2011-07-06T17:42:45"
        }
    },
    {
        "pk": 24,
        "model": "easy_thumbnails.thumbnail",
        "fields": {
            "source": 5,
            "name": "2011/07/06/jonathan-richman-101.jpg__16x16_q85_crop_upscale.jpg",
            "storage_hash": "52617e6399d6f38ea9cbf527bf430616",
            "modified": "2011-07-06T17:42:46"
        }
    },
    {
        "pk": 25,
        "model": "easy_thumbnails.thumbnail",
        "fields": {
            "source": 5,
            "name": "2011/07/06/jonathan-richman-101.jpg__32x32_q85_crop_upscale.jpg",
            "storage_hash": "52617e6399d6f38ea9cbf527bf430616",
            "modified": "2011-07-06T17:42:46"
        }
    },
    {
        "pk": 26,
        "model": "easy_thumbnails.thumbnail",
        "fields": {
            "source": 5,
            "name": "2011/07/06/jonathan-richman-101.jpg__48x48_q85_crop_upscale.jpg",
            "storage_hash": "52617e6399d6f38ea9cbf527bf430616",
            "modified": "2011-07-06T17:42:46"
        }
    },
    {
        "pk": 27,
        "model": "easy_thumbnails.thumbnail",
        "fields": {
            "source": 5,
            "name": "2011/07/06/jonathan-richman-101.jpg__64x64_q85_crop_upscale.jpg",
            "storage_hash": "52617e6399d6f38ea9cbf527bf430616",
            "modified": "2011-07-06T17:42:46"
        }
    },
    {
        "pk": 28,
        "model": "easy_thumbnails.thumbnail",
        "fields": {
            "source": 2,
            "name": "2011/07/06/07.jpg__210x10000_q85.jpg",
            "storage_hash": "52617e6399d6f38ea9cbf527bf430616",
            "modified": "2011-07-06T17:42:56"
        }
    },
    {
        "pk": 29,
        "model": "easy_thumbnails.thumbnail",
        "fields": {
            "source": 2,
            "name": "2011/07/06/07.jpg__16x16_q85_crop_subject_location-257,117_upscale.jpg",
            "storage_hash": "52617e6399d6f38ea9cbf527bf430616",
            "modified": "2013-03-13T10:17:46.529"
        }
    },
    {
        "pk": 30,
        "model": "easy_thumbnails.thumbnail",
        "fields": {
            "source": 2,
            "name": "2011/07/06/07.jpg__32x32_q85_crop_subject_location-257,117_upscale.jpg",
            "storage_hash": "52617e6399d6f38ea9cbf527bf430616",
            "modified": "2013-03-13T10:17:46.757"
        }
    },
    {
        "pk": 31,
        "model": "easy_thumbnails.thumbnail",
        "fields": {
            "source": 2,
            "name": "2011/07/06/07.jpg__48x48_q85_crop_subject_location-257,117_upscale.jpg",
            "storage_hash": "52617e6399d6f38ea9cbf527bf430616",
            "modified": "2013-03-13T10:17:46.877"
        }
    },
    {
        "pk": 32,
        "model": "easy_thumbnails.thumbnail",
        "fields": {
            "source": 2,
            "name": "2011/07/06/07.jpg__64x64_q85_crop_subject_location-257,117_upscale.jpg",
            "storage_hash": "52617e6399d6f38ea9cbf527bf430616",
            "modified": "2013-03-13T10:17:46.989"
        }
    },
    {
        "pk": 33,
        "model": "easy_thumbnails.thumbnail",
        "fields": {
            "source": 3,
            "name": "2011/07/06/335.jpg__210x10000_q85.jpg",
            "storage_hash": "52617e6399d6f38ea9cbf527bf430616",
            "modified": "2011-07-06T17:43:08"
        }
    },
    {
        "pk": 34,
        "model": "easy_thumbnails.thumbnail",
        "fields": {
            "source": 3,
            "name": "2011/07/06/335.jpg__16x16_q85_crop_subject_location-249,172_upscale.jpg",
            "storage_hash": "52617e6399d6f38ea9cbf527bf430616",
            "modified": "2011-07-13T15:23:47"
        }
    },
    {
        "pk": 35,
        "model": "easy_thumbnails.thumbnail",
        "fields": {
            "source": 3,
            "name": "2011/07/06/335.jpg__32x32_q85_crop_subject_location-249,172_upscale.jpg",
            "storage_hash": "52617e6399d6f38ea9cbf527bf430616",
            "modified": "2011-07-13T15:23:47"
        }
    },
    {
        "pk": 36,
        "model": "easy_thumbnails.thumbnail",
        "fields": {
            "source": 3,
            "name": "2011/07/06/335.jpg__48x48_q85_crop_subject_location-249,172_upscale.jpg",
            "storage_hash": "52617e6399d6f38ea9cbf527bf430616",
            "modified": "2011-07-13T15:23:47"
        }
    },
    {
        "pk": 37,
        "model": "easy_thumbnails.thumbnail",
        "fields": {
            "source": 3,
            "name": "2011/07/06/335.jpg__64x64_q85_crop_subject_location-249,172_upscale.jpg",
            "storage_hash": "52617e6399d6f38ea9cbf527bf430616",
            "modified": "2011-07-13T15:23:47"
        }
    },
    {
        "pk": 38,
        "model": "easy_thumbnails.thumbnail",
        "fields": {
            "source": 4,
            "name": "2011/07/06/johncale.jpg__210x10000_q85.jpg",
            "storage_hash": "52617e6399d6f38ea9cbf527bf430616",
            "modified": "2011-07-06T17:43:22"
        }
    },
    {
        "pk": 39,
        "model": "easy_thumbnails.thumbnail",
        "fields": {
            "source": 4,
            "name": "2011/07/06/johncale.jpg__16x16_q85_crop_subject_location-233,86_upscale.jpg",
            "storage_hash": "52617e6399d6f38ea9cbf527bf430616",
            "modified": "2013-03-13T10:21:27.565"
        }
    },
    {
        "pk": 40,
        "model": "easy_thumbnails.thumbnail",
        "fields": {
            "source": 4,
            "name": "2011/07/06/johncale.jpg__32x32_q85_crop_subject_location-233,86_upscale.jpg",
            "storage_hash": "52617e6399d6f38ea9cbf527bf430616",
            "modified": "2013-03-13T10:21:27.745"
        }
    },
    {
        "pk": 41,
        "model": "easy_thumbnails.thumbnail",
        "fields": {
            "source": 4,
            "name": "2011/07/06/johncale.jpg__48x48_q85_crop_subject_location-233,86_upscale.jpg",
            "storage_hash": "52617e6399d6f38ea9cbf527bf430616",
            "modified": "2013-03-13T10:21:27.829"
        }
    },
    {
        "pk": 42,
        "model": "easy_thumbnails.thumbnail",
        "fields": {
            "source": 4,
            "name": "2011/07/06/johncale.jpg__64x64_q85_crop_subject_location-233,86_upscale.jpg",
            "storage_hash": "52617e6399d6f38ea9cbf527bf430616",
            "modified": "2013-03-13T10:21:27.913"
        }
    },
    {
        "pk": 43,
        "model": "easy_thumbnails.thumbnail",
        "fields": {
            "source": 5,
            "name": "2011/07/06/jonathan-richman-101.jpg__210x10000_q85.jpg",
            "storage_hash": "52617e6399d6f38ea9cbf527bf430616",
            "modified": "2011-07-06T17:43:32"
        }
    },
    {
        "pk": 44,
        "model": "easy_thumbnails.thumbnail",
        "fields": {
            "source": 5,
            "name": "2011/07/06/jonathan-richman-101.jpg__16x16_q85_crop_subject_location-189,101_upscale.jpg",
            "storage_hash": "52617e6399d6f38ea9cbf527bf430616",
            "modified": "2011-07-13T15:23:47"
        }
    },
    {
        "pk": 45,
        "model": "easy_thumbnails.thumbnail",
        "fields": {
            "source": 5,
            "name": "2011/07/06/jonathan-richman-101.jpg__32x32_q85_crop_subject_location-189,101_upscale.jpg",
            "storage_hash": "52617e6399d6f38ea9cbf527bf430616",
            "modified": "2011-07-13T15:23:47"
        }
    },
    {
        "pk": 46,
        "model": "easy_thumbnails.thumbnail",
        "fields": {
            "source": 5,
            "name": "2011/07/06/jonathan-richman-101.jpg__48x48_q85_crop_subject_location-189,101_upscale.jpg",
            "storage_hash": "52617e6399d6f38ea9cbf527bf430616",
            "modified": "2011-07-13T15:23:47"
        }
    },
    {
        "pk": 47,
        "model": "easy_thumbnails.thumbnail",
        "fields": {
            "source": 5,
            "name": "2011/07/06/jonathan-richman-101.jpg__64x64_q85_crop_subject_location-189,101_upscale.jpg",
            "storage_hash": "52617e6399d6f38ea9cbf527bf430616",
            "modified": "2011-07-13T15:23:47"
        }
    },
    {
        "pk": 48,
        "model": "easy_thumbnails.thumbnail",
        "fields": {
            "source": 3,
            "name": "2011/07/06/335.jpg__75x75_q85_crop_subject_location-249,172.jpg",
            "storage_hash": "52617e6399d6f38ea9cbf527bf430616",
            "modified": "2011-07-10T14:55:13"
        }
    },
    {
        "pk": 49,
        "model": "easy_thumbnails.thumbnail",
        "fields": {
            "source": 2,
            "name": "2011/07/06/07.jpg__75x75_q85_crop_subject_location-257,117.jpg",
            "storage_hash": "52617e6399d6f38ea9cbf527bf430616",
            "modified": "2011-07-10T11:34:22"
        }
    },
    {
        "pk": 50,
        "model": "easy_thumbnails.thumbnail",
        "fields": {
            "source": 5,
            "name": "2011/07/06/jonathan-richman-101.jpg__75x75_q85_crop_subject_location-189,101.jpg",
            "storage_hash": "52617e6399d6f38ea9cbf527bf430616",
            "modified": "2011-07-10T14:55:13"
        }
    },
    {
        "pk": 51,
        "model": "easy_thumbnails.thumbnail",
        "fields": {
            "source": 6,
            "name": "2011/07/06/84_evil-eye.gif__16x16_q85_crop_upscale.jpg",
            "storage_hash": "52617e6399d6f38ea9cbf527bf430616",
            "modified": "2011-07-06T19:43:13"
        }
    },
    {
        "pk": 52,
        "model": "easy_thumbnails.thumbnail",
        "fields": {
            "source": 6,
            "name": "2011/07/06/84_evil-eye.gif__32x32_q85_crop_upscale.jpg",
            "storage_hash": "52617e6399d6f38ea9cbf527bf430616",
            "modified": "2011-07-06T19:43:13"
        }
    },
    {
        "pk": 53,
        "model": "easy_thumbnails.thumbnail",
        "fields": {
            "source": 6,
            "name": "2011/07/06/84_evil-eye.gif__48x48_q85_crop_upscale.jpg",
            "storage_hash": "52617e6399d6f38ea9cbf527bf430616",
            "modified": "2011-07-06T19:43:13"
        }
    },
    {
        "pk": 54,
        "model": "easy_thumbnails.thumbnail",
        "fields": {
            "source": 6,
            "name": "2011/07/06/84_evil-eye.gif__64x64_q85_crop_upscale.jpg",
            "storage_hash": "52617e6399d6f38ea9cbf527bf430616",
            "modified": "2011-07-06T19:43:13"
        }
    },
    {
        "pk": 55,
        "model": "easy_thumbnails.thumbnail",
        "fields": {
            "source": 6,
            "name": "2011/07/06/84_evil-eye.gif__210x10000_q85.jpg",
            "storage_hash": "52617e6399d6f38ea9cbf527bf430616",
            "modified": "2011-07-06T19:43:21"
        }
    },
    {
        "pk": 56,
        "model": "easy_thumbnails.thumbnail",
        "fields": {
            "source": 6,
            "name": "2011/07/06/84_evil-eye.gif__16x16_q85_crop_subject_location-215,161_upscale.jpg",
            "storage_hash": "52617e6399d6f38ea9cbf527bf430616",
            "modified": "2011-07-14T23:07:47"
        }
    },
    {
        "pk": 57,
        "model": "easy_thumbnails.thumbnail",
        "fields": {
            "source": 6,
            "name": "2011/07/06/84_evil-eye.gif__32x32_q85_crop_subject_location-215,161_upscale.jpg",
            "storage_hash": "52617e6399d6f38ea9cbf527bf430616",
            "modified": "2011-07-14T23:07:47"
        }
    },
    {
        "pk": 58,
        "model": "easy_thumbnails.thumbnail",
        "fields": {
            "source": 6,
            "name": "2011/07/06/84_evil-eye.gif__48x48_q85_crop_subject_location-215,161_upscale.jpg",
            "storage_hash": "52617e6399d6f38ea9cbf527bf430616",
            "modified": "2011-07-14T23:07:47"
        }
    },
    {
        "pk": 59,
        "model": "easy_thumbnails.thumbnail",
        "fields": {
            "source": 6,
            "name": "2011/07/06/84_evil-eye.gif__64x64_q85_crop_subject_location-215,161_upscale.jpg",
            "storage_hash": "52617e6399d6f38ea9cbf527bf430616",
            "modified": "2011-07-14T23:07:47"
        }
    },
    {
        "pk": 60,
        "model": "easy_thumbnails.thumbnail",
        "fields": {
            "source": 6,
            "name": "2011/07/06/84_evil-eye.gif__75x75_q85_crop.jpg",
            "storage_hash": "52617e6399d6f38ea9cbf527bf430616",
            "modified": "2011-07-06T20:17:26"
        }
    },
    {
        "pk": 61,
        "model": "easy_thumbnails.thumbnail",
        "fields": {
            "source": 7,
            "name": "2011/07/06/tooth.jpg__16x16_q85_crop_upscale.jpg",
            "storage_hash": "52617e6399d6f38ea9cbf527bf430616",
            "modified": "2011-07-14T23:07:47"
        }
    },
    {
        "pk": 62,
        "model": "easy_thumbnails.thumbnail",
        "fields": {
            "source": 7,
            "name": "2011/07/06/tooth.jpg__32x32_q85_crop_upscale.jpg",
            "storage_hash": "52617e6399d6f38ea9cbf527bf430616",
            "modified": "2011-07-14T23:07:47"
        }
    },
    {
        "pk": 63,
        "model": "easy_thumbnails.thumbnail",
        "fields": {
            "source": 7,
            "name": "2011/07/06/tooth.jpg__48x48_q85_crop_upscale.jpg",
            "storage_hash": "52617e6399d6f38ea9cbf527bf430616",
            "modified": "2011-07-14T23:07:48"
        }
    },
    {
        "pk": 64,
        "model": "easy_thumbnails.thumbnail",
        "fields": {
            "source": 7,
            "name": "2011/07/06/tooth.jpg__64x64_q85_crop_upscale.jpg",
            "storage_hash": "52617e6399d6f38ea9cbf527bf430616",
            "modified": "2011-07-14T23:07:48"
        }
    },
    {
        "pk": 65,
        "model": "easy_thumbnails.thumbnail",
        "fields": {
            "source": 7,
            "name": "2011/07/06/tooth.jpg__210x10000_q85.jpg",
            "storage_hash": "52617e6399d6f38ea9cbf527bf430616",
            "modified": "2011-07-06T21:42:20"
        }
    },
    {
        "pk": 66,
        "model": "easy_thumbnails.thumbnail",
        "fields": {
            "source": 7,
            "name": "2011/07/06/tooth.jpg__75x75_q85_crop.jpg",
            "storage_hash": "52617e6399d6f38ea9cbf527bf430616",
            "modified": "2011-07-10T11:34:13"
        }
    },
    {
        "pk": 67,
        "model": "easy_thumbnails.thumbnail",
        "fields": {
            "source": 7,
            "name": "2011/07/06/tooth.jpg__227x0_q85.jpg",
            "storage_hash": "52617e6399d6f38ea9cbf527bf430616",
            "modified": "2011-09-05T13:45:18"
        }
    },
    {
        "pk": 68,
        "model": "easy_thumbnails.thumbnail",
        "fields": {
            "source": 6,
            "name": "2011/07/06/84_evil-eye.gif__75x75_q85_crop_subject_location-215,161.jpg",
            "storage_hash": "52617e6399d6f38ea9cbf527bf430616",
            "modified": "2011-07-10T11:34:13"
        }
    },
    {
        "pk": 69,
        "model": "easy_thumbnails.thumbnail",
        "fields": {
            "source": 6,
            "name": "2011/07/06/84_evil-eye.gif__227x0_q85_subject_location-215,161.jpg",
            "storage_hash": "52617e6399d6f38ea9cbf527bf430616",
            "modified": "2011-07-07T01:53:12"
        }
    },
    {
        "pk": 70,
        "model": "easy_thumbnails.thumbnail",
        "fields": {
            "source": 1,
            "name": "2011/06/30/0020n040.jpg__210x10000_q85_subject_location-178,292.jpg",
            "storage_hash": "52617e6399d6f38ea9cbf527bf430616",
            "modified": "2011-07-10T13:48:49"
        }
    },
    {
        "pk": 71,
        "model": "easy_thumbnails.thumbnail",
        "fields": {
            "source": 1,
            "name": "2011/06/30/0020n040.jpg__171x224_q85_crop_subject_location-178,292.jpg",
            "storage_hash": "52617e6399d6f38ea9cbf527bf430616",
            "modified": "2011-07-10T14:47:52"
        }
    },
    {
        "pk": 72,
        "model": "easy_thumbnails.thumbnail",
        "fields": {
            "source": 8,
            "name": "2011/07/14/haddock.jpg__16x16_q85_crop_upscale.jpg",
            "storage_hash": "52617e6399d6f38ea9cbf527bf430616",
            "modified": "2011-07-14T23:08:41"
        }
    },
    {
        "pk": 73,
        "model": "easy_thumbnails.thumbnail",
        "fields": {
            "source": 8,
            "name": "2011/07/14/haddock.jpg__32x32_q85_crop_upscale.jpg",
            "storage_hash": "52617e6399d6f38ea9cbf527bf430616",
            "modified": "2011-07-14T23:08:41"
        }
    },
    {
        "pk": 74,
        "model": "easy_thumbnails.thumbnail",
        "fields": {
            "source": 8,
            "name": "2011/07/14/haddock.jpg__48x48_q85_crop_upscale.jpg",
            "storage_hash": "52617e6399d6f38ea9cbf527bf430616",
            "modified": "2011-07-14T23:08:41"
        }
    },
    {
        "pk": 75,
        "model": "easy_thumbnails.thumbnail",
        "fields": {
            "source": 8,
            "name": "2011/07/14/haddock.jpg__64x64_q85_crop_upscale.jpg",
            "storage_hash": "52617e6399d6f38ea9cbf527bf430616",
            "modified": "2011-07-14T23:08:41"
        }
    },
    {
        "pk": 76,
        "model": "easy_thumbnails.thumbnail",
        "fields": {
            "source": 8,
            "name": "2011/07/14/haddock.jpg__210x10000_q85.jpg",
            "storage_hash": "52617e6399d6f38ea9cbf527bf430616",
            "modified": "2011-07-14T23:08:45"
        }
    },
    {
        "pk": 77,
        "model": "easy_thumbnails.thumbnail",
        "fields": {
            "source": 8,
            "name": "2011/07/14/haddock.jpg__16x16_q85_crop_subject_location-161,98_upscale.jpg",
            "storage_hash": "52617e6399d6f38ea9cbf527bf430616",
            "modified": "2011-07-14T23:08:53"
        }
    },
    {
        "pk": 78,
        "model": "easy_thumbnails.thumbnail",
        "fields": {
            "source": 8,
            "name": "2011/07/14/haddock.jpg__32x32_q85_crop_subject_location-161,98_upscale.jpg",
            "storage_hash": "52617e6399d6f38ea9cbf527bf430616",
            "modified": "2011-07-14T23:08:53"
        }
    },
    {
        "pk": 79,
        "model": "easy_thumbnails.thumbnail",
        "fields": {
            "source": 8,
            "name": "2011/07/14/haddock.jpg__48x48_q85_crop_subject_location-161,98_upscale.jpg",
            "storage_hash": "52617e6399d6f38ea9cbf527bf430616",
            "modified": "2011-07-14T23:08:53"
        }
    },
    {
        "pk": 80,
        "model": "easy_thumbnails.thumbnail",
        "fields": {
            "source": 8,
            "name": "2011/07/14/haddock.jpg__64x64_q85_crop_subject_location-161,98_upscale.jpg",
            "storage_hash": "52617e6399d6f38ea9cbf527bf430616",
            "modified": "2011-07-14T23:08:53"
        }
    },
    {
        "pk": 81,
        "model": "easy_thumbnails.thumbnail",
        "fields": {
            "source": 8,
            "name": "2011/07/14/haddock.jpg__75x75_q85_crop_subject_location-161,98.jpg",
            "storage_hash": "52617e6399d6f38ea9cbf527bf430616",
            "modified": "2011-07-14T23:09:10"
        }
    },
    {
        "pk": 82,
        "model": "easy_thumbnails.thumbnail",
        "fields": {
            "source": 8,
            "name": "2011/07/14/haddock.jpg__210x10000_q85_subject_location-161,98.jpg",
            "storage_hash": "52617e6399d6f38ea9cbf527bf430616",
            "modified": "2011-07-15T08:27:05"
        }
    },
    {
        "pk": 83,
        "model": "easy_thumbnails.thumbnail",
        "fields": {
            "source": 1,
            "name": "2011/06/30/0020n040.jpg__132x173_q85_crop_subject_location-178,292.jpg",
            "storage_hash": "52617e6399d6f38ea9cbf527bf430616",
            "modified": "2011-07-27T18:16:04"
        }
    },
    {
        "pk": 84,
        "model": "easy_thumbnails.thumbnail",
        "fields": {
            "source": 9,
            "name": "2011/07/28/110.jpg__16x16_q85_crop_upscale.jpg",
            "storage_hash": "52617e6399d6f38ea9cbf527bf430616",
            "modified": "2011-07-28T13:46:36"
        }
    },
    {
        "pk": 85,
        "model": "easy_thumbnails.thumbnail",
        "fields": {
            "source": 9,
            "name": "2011/07/28/110.jpg__32x32_q85_crop_upscale.jpg",
            "storage_hash": "52617e6399d6f38ea9cbf527bf430616",
            "modified": "2011-07-28T13:46:36"
        }
    },
    {
        "pk": 86,
        "model": "easy_thumbnails.thumbnail",
        "fields": {
            "source": 9,
            "name": "2011/07/28/110.jpg__48x48_q85_crop_upscale.jpg",
            "storage_hash": "52617e6399d6f38ea9cbf527bf430616",
            "modified": "2011-07-28T13:46:36"
        }
    },
    {
        "pk": 87,
        "model": "easy_thumbnails.thumbnail",
        "fields": {
            "source": 9,
            "name": "2011/07/28/110.jpg__64x64_q85_crop_upscale.jpg",
            "storage_hash": "52617e6399d6f38ea9cbf527bf430616",
            "modified": "2011-07-28T13:46:36"
        }
    },
    {
        "pk": 88,
        "model": "easy_thumbnails.thumbnail",
        "fields": {
            "source": 9,
            "name": "2011/07/28/110.jpg__210x10000_q85.jpg",
            "storage_hash": "52617e6399d6f38ea9cbf527bf430616",
            "modified": "2011-07-28T13:46:39"
        }
    },
    {
        "pk": 89,
        "model": "easy_thumbnails.thumbnail",
        "fields": {
            "source": 9,
            "name": "2011/07/28/110.jpg__16x16_q85_crop_subject_location-288,235_upscale.jpg",
            "storage_hash": "52617e6399d6f38ea9cbf527bf430616",
            "modified": "2011-07-28T13:46:50"
        }
    },
    {
        "pk": 90,
        "model": "easy_thumbnails.thumbnail",
        "fields": {
            "source": 9,
            "name": "2011/07/28/110.jpg__32x32_q85_crop_subject_location-288,235_upscale.jpg",
            "storage_hash": "52617e6399d6f38ea9cbf527bf430616",
            "modified": "2011-07-28T13:46:50"
        }
    },
    {
        "pk": 91,
        "model": "easy_thumbnails.thumbnail",
        "fields": {
            "source": 9,
            "name": "2011/07/28/110.jpg__48x48_q85_crop_subject_location-288,235_upscale.jpg",
            "storage_hash": "52617e6399d6f38ea9cbf527bf430616",
            "modified": "2011-07-28T13:46:50"
        }
    },
    {
        "pk": 92,
        "model": "easy_thumbnails.thumbnail",
        "fields": {
            "source": 9,
            "name": "2011/07/28/110.jpg__64x64_q85_crop_subject_location-288,235_upscale.jpg",
            "storage_hash": "52617e6399d6f38ea9cbf527bf430616",
            "modified": "2011-07-28T13:46:50"
        }
    },
    {
        "pk": 93,
        "model": "easy_thumbnails.thumbnail",
        "fields": {
            "source": 9,
            "name": "2011/07/28/110.jpg__75x75_q85_crop_subject_location-288,235.jpg",
            "storage_hash": "52617e6399d6f38ea9cbf527bf430616",
            "modified": "2011-07-28T13:47:06"
        }
    },
    {
        "pk": 94,
        "model": "easy_thumbnails.thumbnail",
        "fields": {
            "source": 9,
            "name": "2011/07/28/110.jpg__210x10000_q85_subject_location-288,235.jpg",
            "storage_hash": "52617e6399d6f38ea9cbf527bf430616",
            "modified": "2011-07-28T15:11:24"
        }
    },
    {
        "pk": 95,
        "model": "easy_thumbnails.thumbnail",
        "fields": {
            "source": 9,
            "name": "2011/07/28/110.jpg__182x607_q85_crop_subject_location-288,235.jpg",
            "storage_hash": "52617e6399d6f38ea9cbf527bf430616",
            "modified": "2011-07-28T15:12:55"
        }
    },
    {
        "pk": 96,
        "model": "easy_thumbnails.thumbnail",
        "fields": {
            "source": 9,
            "name": "2011/07/28/110.jpg__556x185_q85_crop_subject_location-288,235.jpg",
            "storage_hash": "52617e6399d6f38ea9cbf527bf430616",
            "modified": "2011-07-28T15:12:55"
        }
    },
    {
        "pk": 97,
        "model": "easy_thumbnails.thumbnail",
        "fields": {
            "source": 9,
            "name": "2011/07/28/110.jpg__182x180_q85_crop_subject_location-288,235.jpg",
            "storage_hash": "52617e6399d6f38ea9cbf527bf430616",
            "modified": "2011-07-28T15:12:55"
        }
    },
    {
        "pk": 98,
        "model": "easy_thumbnails.thumbnail",
        "fields": {
            "source": 9,
            "name": "2011/07/28/110.jpg__369x369_q85_crop_subject_location-288,235.jpg",
            "storage_hash": "52617e6399d6f38ea9cbf527bf430616",
            "modified": "2011-07-28T15:12:55"
        }
    },
    {
        "pk": 99,
        "model": "easy_thumbnails.thumbnail",
        "fields": {
            "source": 9,
            "name": "2011/07/28/110.jpg__244x244_q85_crop_subject_location-288,235.jpg",
            "storage_hash": "52617e6399d6f38ea9cbf527bf430616",
            "modified": "2011-07-28T15:17:33"
        }
    },
    {
        "pk": 100,
        "model": "easy_thumbnails.thumbnail",
        "fields": {
            "source": 9,
            "name": "2011/07/28/110.jpg__215x716_q85_crop_subject_location-288,235.jpg",
            "storage_hash": "52617e6399d6f38ea9cbf527bf430616",
            "modified": "2011-07-28T15:18:36"
        }
    },
    {
        "pk": 101,
        "model": "easy_thumbnails.thumbnail",
        "fields": {
            "source": 9,
            "name": "2011/07/28/110.jpg__655x218_q85_crop_subject_location-288,235.jpg",
            "storage_hash": "52617e6399d6f38ea9cbf527bf430616",
            "modified": "2011-07-28T15:18:37"
        }
    },
    {
        "pk": 102,
        "model": "easy_thumbnails.thumbnail",
        "fields": {
            "source": 9,
            "name": "2011/07/28/110.jpg__215x212_q85_crop_subject_location-288,235.jpg",
            "storage_hash": "52617e6399d6f38ea9cbf527bf430616",
            "modified": "2011-07-28T15:18:37"
        }
    },
    {
        "pk": 103,
        "model": "easy_thumbnails.thumbnail",
        "fields": {
            "source": 9,
            "name": "2011/07/28/110.jpg__288x288_q85_crop_subject_location-288,235.jpg",
            "storage_hash": "52617e6399d6f38ea9cbf527bf430616",
            "modified": "2011-07-28T15:18:37"
        }
    },
    {
        "pk": 104,
        "model": "easy_thumbnails.thumbnail",
        "fields": {
            "source": 9,
            "name": "2011/07/28/110.jpg__214x714_q85_crop_subject_location-288,235.jpg",
            "storage_hash": "52617e6399d6f38ea9cbf527bf430616",
            "modified": "2011-07-28T15:19:03"
        }
    },
    {
        "pk": 105,
        "model": "easy_thumbnails.thumbnail",
        "fields": {
            "source": 9,
            "name": "2011/07/28/110.jpg__653x217_q85_crop_subject_location-288,235.jpg",
            "storage_hash": "52617e6399d6f38ea9cbf527bf430616",
            "modified": "2011-07-28T15:19:03"
        }
    },
    {
        "pk": 106,
        "model": "easy_thumbnails.thumbnail",
        "fields": {
            "source": 9,
            "name": "2011/07/28/110.jpg__214x212_q85_crop_subject_location-288,235.jpg",
            "storage_hash": "52617e6399d6f38ea9cbf527bf430616",
            "modified": "2011-07-28T15:19:03"
        }
    },
    {
        "pk": 107,
        "model": "easy_thumbnails.thumbnail",
        "fields": {
            "source": 9,
            "name": "2011/07/28/110.jpg__287x287_q85_crop_subject_location-288,235.jpg",
            "storage_hash": "52617e6399d6f38ea9cbf527bf430616",
            "modified": "2011-07-28T15:19:03"
        }
    },
    {
        "pk": 108,
        "model": "easy_thumbnails.thumbnail",
        "fields": {
            "source": 9,
            "name": "2011/07/28/110.jpg__195x650_q85_crop_subject_location-288,235.jpg",
            "storage_hash": "52617e6399d6f38ea9cbf527bf430616",
            "modified": "2011-07-28T15:19:10"
        }
    },
    {
        "pk": 109,
        "model": "easy_thumbnails.thumbnail",
        "fields": {
            "source": 9,
            "name": "2011/07/28/110.jpg__595x198_q85_crop_subject_location-288,235.jpg",
            "storage_hash": "52617e6399d6f38ea9cbf527bf430616",
            "modified": "2011-07-28T15:19:10"
        }
    },
    {
        "pk": 110,
        "model": "easy_thumbnails.thumbnail",
        "fields": {
            "source": 9,
            "name": "2011/07/28/110.jpg__195x193_q85_crop_subject_location-288,235.jpg",
            "storage_hash": "52617e6399d6f38ea9cbf527bf430616",
            "modified": "2011-07-28T15:19:10"
        }
    },
    {
        "pk": 111,
        "model": "easy_thumbnails.thumbnail",
        "fields": {
            "source": 9,
            "name": "2011/07/28/110.jpg__261x261_q85_crop_subject_location-288,235.jpg",
            "storage_hash": "52617e6399d6f38ea9cbf527bf430616",
            "modified": "2011-07-28T15:19:10"
        }
    },
    {
        "pk": 112,
        "model": "easy_thumbnails.thumbnail",
        "fields": {
            "source": 9,
            "name": "2011/07/28/110.jpg__214x713_q85_crop_subject_location-288,235.jpg",
            "storage_hash": "52617e6399d6f38ea9cbf527bf430616",
            "modified": "2011-07-28T15:19:18"
        }
    },
    {
        "pk": 113,
        "model": "easy_thumbnails.thumbnail",
        "fields": {
            "source": 9,
            "name": "2011/07/28/110.jpg__652x217_q85_crop_subject_location-288,235.jpg",
            "storage_hash": "52617e6399d6f38ea9cbf527bf430616",
            "modified": "2011-07-28T15:19:18"
        }
    },
    {
        "pk": 114,
        "model": "easy_thumbnails.thumbnail",
        "fields": {
            "source": 9,
            "name": "2011/07/28/110.jpg__214x211_q85_crop_subject_location-288,235.jpg",
            "storage_hash": "52617e6399d6f38ea9cbf527bf430616",
            "modified": "2011-07-28T15:19:18"
        }
    },
    {
        "pk": 115,
        "model": "easy_thumbnails.thumbnail",
        "fields": {
            "source": 9,
            "name": "2011/07/28/110.jpg__286x286_q85_crop_subject_location-288,235.jpg",
            "storage_hash": "52617e6399d6f38ea9cbf527bf430616",
            "modified": "2011-07-28T15:19:18"
        }
    },
    {
        "pk": 116,
        "model": "easy_thumbnails.thumbnail",
        "fields": {
            "source": 9,
            "name": "2011/07/28/110.jpg__207x691_q85_crop_subject_location-288,235.jpg",
            "storage_hash": "52617e6399d6f38ea9cbf527bf430616",
            "modified": "2011-07-28T15:19:28"
        }
    },
    {
        "pk": 117,
        "model": "easy_thumbnails.thumbnail",
        "fields": {
            "source": 9,
            "name": "2011/07/28/110.jpg__632x210_q85_crop_subject_location-288,235.jpg",
            "storage_hash": "52617e6399d6f38ea9cbf527bf430616",
            "modified": "2011-07-28T15:19:28"
        }
    },
    {
        "pk": 118,
        "model": "easy_thumbnails.thumbnail",
        "fields": {
            "source": 9,
            "name": "2011/07/28/110.jpg__207x205_q85_crop_subject_location-288,235.jpg",
            "storage_hash": "52617e6399d6f38ea9cbf527bf430616",
            "modified": "2011-07-28T15:19:29"
        }
    },
    {
        "pk": 119,
        "model": "easy_thumbnails.thumbnail",
        "fields": {
            "source": 9,
            "name": "2011/07/28/110.jpg__278x278_q85_crop_subject_location-288,235.jpg",
            "storage_hash": "52617e6399d6f38ea9cbf527bf430616",
            "modified": "2011-07-28T15:19:29"
        }
    },
    {
        "pk": 120,
        "model": "easy_thumbnails.thumbnail",
        "fields": {
            "source": 9,
            "name": "2011/07/28/110.jpg__205x683_q85_crop_subject_location-288,235.jpg",
            "storage_hash": "52617e6399d6f38ea9cbf527bf430616",
            "modified": "2011-07-28T15:19:37"
        }
    },
    {
        "pk": 121,
        "model": "easy_thumbnails.thumbnail",
        "fields": {
            "source": 9,
            "name": "2011/07/28/110.jpg__625x208_q85_crop_subject_location-288,235.jpg",
            "storage_hash": "52617e6399d6f38ea9cbf527bf430616",
            "modified": "2011-07-28T15:19:37"
        }
    },
    {
        "pk": 122,
        "model": "easy_thumbnails.thumbnail",
        "fields": {
            "source": 9,
            "name": "2011/07/28/110.jpg__205x202_q85_crop_subject_location-288,235.jpg",
            "storage_hash": "52617e6399d6f38ea9cbf527bf430616",
            "modified": "2011-07-28T15:19:37"
        }
    },
    {
        "pk": 123,
        "model": "easy_thumbnails.thumbnail",
        "fields": {
            "source": 9,
            "name": "2011/07/28/110.jpg__274x274_q85_crop_subject_location-288,235.jpg",
            "storage_hash": "52617e6399d6f38ea9cbf527bf430616",
            "modified": "2011-07-28T15:19:37"
        }
    },
    {
        "pk": 124,
        "model": "easy_thumbnails.thumbnail",
        "fields": {
            "source": 9,
            "name": "2011/07/28/110.jpg__199x666_q85_crop_subject_location-288,235.jpg",
            "storage_hash": "52617e6399d6f38ea9cbf527bf430616",
            "modified": "2011-07-28T15:20:04"
        }
    },
    {
        "pk": 125,
        "model": "easy_thumbnails.thumbnail",
        "fields": {
            "source": 9,
            "name": "2011/07/28/110.jpg__610x203_q85_crop_subject_location-288,235.jpg",
            "storage_hash": "52617e6399d6f38ea9cbf527bf430616",
            "modified": "2011-07-28T15:20:04"
        }
    },
    {
        "pk": 126,
        "model": "easy_thumbnails.thumbnail",
        "fields": {
            "source": 9,
            "name": "2011/07/28/110.jpg__199x197_q85_crop_subject_location-288,235.jpg",
            "storage_hash": "52617e6399d6f38ea9cbf527bf430616",
            "modified": "2011-07-28T15:20:04"
        }
    },
    {
        "pk": 127,
        "model": "easy_thumbnails.thumbnail",
        "fields": {
            "source": 9,
            "name": "2011/07/28/110.jpg__268x268_q85_crop_subject_location-288,235.jpg",
            "storage_hash": "52617e6399d6f38ea9cbf527bf430616",
            "modified": "2011-07-28T15:20:04"
        }
    },
    {
        "pk": 128,
        "model": "easy_thumbnails.thumbnail",
        "fields": {
            "source": 1,
            "name": "2011/06/30/0020n040.jpg__263x345_q85_crop_subject_location-178,292.jpg",
            "storage_hash": "52617e6399d6f38ea9cbf527bf430616",
            "modified": "2011-07-28T15:21:51"
        }
    },
    {
        "pk": 129,
        "model": "easy_thumbnails.thumbnail",
        "fields": {
            "source": 9,
            "name": "2011/07/28/110.jpg__840x280_q85_crop_subject_location-288,235.jpg",
            "storage_hash": "52617e6399d6f38ea9cbf527bf430616",
            "modified": "2011-07-28T15:21:53"
        }
    },
    {
        "pk": 130,
        "model": "easy_thumbnails.thumbnail",
        "fields": {
            "source": 9,
            "name": "2011/07/28/110.jpg__80x26_q85_crop_subject_location-288,235.jpg",
            "storage_hash": "52617e6399d6f38ea9cbf527bf430616",
            "modified": "2011-07-28T15:29:39"
        }
    },
    {
        "pk": 131,
        "model": "easy_thumbnails.thumbnail",
        "fields": {
            "source": 9,
            "name": "2011/07/28/110.jpg__15x50_q85_crop_subject_location-288,235.jpg",
            "storage_hash": "52617e6399d6f38ea9cbf527bf430616",
            "modified": "2011-07-28T15:29:39"
        }
    },
    {
        "pk": 132,
        "model": "easy_thumbnails.thumbnail",
        "fields": {
            "source": 9,
            "name": "2011/07/28/110.jpg__55x18_q85_crop_subject_location-288,235.jpg",
            "storage_hash": "52617e6399d6f38ea9cbf527bf430616",
            "modified": "2011-07-28T15:29:40"
        }
    },
    {
        "pk": 133,
        "model": "easy_thumbnails.thumbnail",
        "fields": {
            "source": 9,
            "name": "2011/07/28/110.jpg__15x14_q85_crop_subject_location-288,235.jpg",
            "storage_hash": "52617e6399d6f38ea9cbf527bf430616",
            "modified": "2011-07-28T15:29:40"
        }
    },
    {
        "pk": 134,
        "model": "easy_thumbnails.thumbnail",
        "fields": {
            "source": 9,
            "name": "2011/07/28/110.jpg__21x21_q85_crop_subject_location-288,235.jpg",
            "storage_hash": "52617e6399d6f38ea9cbf527bf430616",
            "modified": "2011-07-28T15:29:40"
        }
    },
    {
        "pk": 135,
        "model": "easy_thumbnails.thumbnail",
        "fields": {
            "source": 9,
            "name": "2011/07/28/110.jpg__860x286_q85_crop_subject_location-288,235.jpg",
            "storage_hash": "52617e6399d6f38ea9cbf527bf430616",
            "modified": "2011-07-28T15:33:36"
        }
    },
    {
        "pk": 136,
        "model": "easy_thumbnails.thumbnail",
        "fields": {
            "source": 9,
            "name": "2011/07/28/110.jpg__210x700_q85_crop_subject_location-288,235.jpg",
            "storage_hash": "52617e6399d6f38ea9cbf527bf430616",
            "modified": "2011-07-28T15:33:36"
        }
    },
    {
        "pk": 137,
        "model": "easy_thumbnails.thumbnail",
        "fields": {
            "source": 9,
            "name": "2011/07/28/110.jpg__640x213_q85_crop_subject_location-288,235.jpg",
            "storage_hash": "52617e6399d6f38ea9cbf527bf430616",
            "modified": "2011-07-28T15:33:37"
        }
    },
    {
        "pk": 138,
        "model": "easy_thumbnails.thumbnail",
        "fields": {
            "source": 9,
            "name": "2011/07/28/110.jpg__210x207_q85_crop_subject_location-288,235.jpg",
            "storage_hash": "52617e6399d6f38ea9cbf527bf430616",
            "modified": "2011-07-28T15:33:37"
        }
    },
    {
        "pk": 139,
        "model": "easy_thumbnails.thumbnail",
        "fields": {
            "source": 9,
            "name": "2011/07/28/110.jpg__281x281_q85_crop_subject_location-288,235.jpg",
            "storage_hash": "52617e6399d6f38ea9cbf527bf430616",
            "modified": "2011-07-28T15:33:37"
        }
    },
    {
        "pk": 140,
        "model": "easy_thumbnails.thumbnail",
        "fields": {
            "source": 10,
            "name": "2011/07/28/15644525.jpg__16x16_q85_crop_subject_location-288,235_upscale.jpg",
            "storage_hash": "52617e6399d6f38ea9cbf527bf430616",
            "modified": "2011-07-28T15:38:13"
        }
    },
    {
        "pk": 141,
        "model": "easy_thumbnails.thumbnail",
        "fields": {
            "source": 10,
            "name": "2011/07/28/15644525.jpg__32x32_q85_crop_subject_location-288,235_upscale.jpg",
            "storage_hash": "52617e6399d6f38ea9cbf527bf430616",
            "modified": "2011-07-28T15:38:13"
        }
    },
    {
        "pk": 142,
        "model": "easy_thumbnails.thumbnail",
        "fields": {
            "source": 10,
            "name": "2011/07/28/15644525.jpg__48x48_q85_crop_subject_location-288,235_upscale.jpg",
            "storage_hash": "52617e6399d6f38ea9cbf527bf430616",
            "modified": "2011-07-28T15:38:13"
        }
    },
    {
        "pk": 143,
        "model": "easy_thumbnails.thumbnail",
        "fields": {
            "source": 10,
            "name": "2011/07/28/15644525.jpg__64x64_q85_crop_subject_location-288,235_upscale.jpg",
            "storage_hash": "52617e6399d6f38ea9cbf527bf430616",
            "modified": "2011-07-28T15:38:13"
        }
    },
    {
        "pk": 144,
        "model": "easy_thumbnails.thumbnail",
        "fields": {
            "source": 10,
            "name": "2011/07/28/15644525.jpg__210x10000_q85_subject_location-288,235.jpg",
            "storage_hash": "52617e6399d6f38ea9cbf527bf430616",
            "modified": "2011-07-28T15:38:21"
        }
    },
    {
        "pk": 145,
        "model": "easy_thumbnails.thumbnail",
        "fields": {
            "source": 10,
            "name": "2011/07/28/15644525.jpg__16x16_q85_crop_subject_location-457,409_upscale.jpg",
            "storage_hash": "52617e6399d6f38ea9cbf527bf430616",
            "modified": "2013-04-10T17:56:28.136"
        }
    },
    {
        "pk": 146,
        "model": "easy_thumbnails.thumbnail",
        "fields": {
            "source": 10,
            "name": "2011/07/28/15644525.jpg__32x32_q85_crop_subject_location-457,409_upscale.jpg",
            "storage_hash": "52617e6399d6f38ea9cbf527bf430616",
            "modified": "2013-04-10T17:56:28.392"
        }
    },
    {
        "pk": 147,
        "model": "easy_thumbnails.thumbnail",
        "fields": {
            "source": 10,
            "name": "2011/07/28/15644525.jpg__48x48_q85_crop_subject_location-457,409_upscale.jpg",
            "storage_hash": "52617e6399d6f38ea9cbf527bf430616",
            "modified": "2013-04-10T17:56:28.516"
        }
    },
    {
        "pk": 148,
        "model": "easy_thumbnails.thumbnail",
        "fields": {
            "source": 10,
            "name": "2011/07/28/15644525.jpg__64x64_q85_crop_subject_location-457,409_upscale.jpg",
            "storage_hash": "52617e6399d6f38ea9cbf527bf430616",
            "modified": "2013-04-10T17:56:28.640"
        }
    },
    {
        "pk": 149,
        "model": "easy_thumbnails.thumbnail",
        "fields": {
            "source": 10,
            "name": "2011/07/28/15644525.jpg__860x286_q85_crop_subject_location-457,409.jpg",
            "storage_hash": "52617e6399d6f38ea9cbf527bf430616",
            "modified": "2011-07-28T15:38:26"
        }
    },
    {
        "pk": 150,
        "model": "easy_thumbnails.thumbnail",
        "fields": {
            "source": 10,
            "name": "2011/07/28/15644525.jpg__210x700_q85_crop_subject_location-457,409.jpg",
            "storage_hash": "52617e6399d6f38ea9cbf527bf430616",
            "modified": "2011-07-28T15:38:26"
        }
    },
    {
        "pk": 151,
        "model": "easy_thumbnails.thumbnail",
        "fields": {
            "source": 10,
            "name": "2011/07/28/15644525.jpg__640x213_q85_crop_subject_location-457,409.jpg",
            "storage_hash": "52617e6399d6f38ea9cbf527bf430616",
            "modified": "2011-07-28T15:38:26"
        }
    },
    {
        "pk": 152,
        "model": "easy_thumbnails.thumbnail",
        "fields": {
            "source": 10,
            "name": "2011/07/28/15644525.jpg__210x180_q85_crop_subject_location-457,409.jpg",
            "storage_hash": "52617e6399d6f38ea9cbf527bf430616",
            "modified": "2011-07-28T15:38:27"
        }
    },
    {
        "pk": 153,
        "model": "easy_thumbnails.thumbnail",
        "fields": {
            "source": 10,
            "name": "2011/07/28/15644525.jpg__281x281_q85_crop_subject_location-457,409.jpg",
            "storage_hash": "52617e6399d6f38ea9cbf527bf430616",
            "modified": "2011-07-28T15:38:27"
        }
    },
    {
        "pk": 154,
        "model": "easy_thumbnails.thumbnail",
        "fields": {
            "source": 10,
            "name": "2011/07/28/15644525.jpg__878x292_q85_crop_subject_location-457,409.jpg",
            "storage_hash": "52617e6399d6f38ea9cbf527bf430616",
            "modified": "2011-07-28T15:38:39"
        }
    },
    {
        "pk": 155,
        "model": "easy_thumbnails.thumbnail",
        "fields": {
            "source": 10,
            "name": "2011/07/28/15644525.jpg__214x714_q85_crop_subject_location-457,409.jpg",
            "storage_hash": "52617e6399d6f38ea9cbf527bf430616",
            "modified": "2011-07-28T15:38:39"
        }
    },
    {
        "pk": 156,
        "model": "easy_thumbnails.thumbnail",
        "fields": {
            "source": 10,
            "name": "2011/07/28/15644525.jpg__653x217_q85_crop_subject_location-457,409.jpg",
            "storage_hash": "52617e6399d6f38ea9cbf527bf430616",
            "modified": "2011-07-28T15:38:39"
        }
    },
    {
        "pk": 157,
        "model": "easy_thumbnails.thumbnail",
        "fields": {
            "source": 10,
            "name": "2011/07/28/15644525.jpg__214x184_q85_crop_subject_location-457,409.jpg",
            "storage_hash": "52617e6399d6f38ea9cbf527bf430616",
            "modified": "2011-07-28T15:38:39"
        }
    },
    {
        "pk": 158,
        "model": "easy_thumbnails.thumbnail",
        "fields": {
            "source": 10,
            "name": "2011/07/28/15644525.jpg__287x287_q85_crop_subject_location-457,409.jpg",
            "storage_hash": "52617e6399d6f38ea9cbf527bf430616",
            "modified": "2011-07-28T15:38:39"
        }
    },
    {
        "pk": 159,
        "model": "easy_thumbnails.thumbnail",
        "fields": {
            "source": 10,
            "name": "2011/07/28/15644525.jpg__880x293_q85_crop_subject_location-457,409.jpg",
            "storage_hash": "52617e6399d6f38ea9cbf527bf430616",
            "modified": "2011-07-28T15:39:09"
        }
    },
    {
        "pk": 160,
        "model": "easy_thumbnails.thumbnail",
        "fields": {
            "source": 10,
            "name": "2011/07/28/15644525.jpg__215x716_q85_crop_subject_location-457,409.jpg",
            "storage_hash": "52617e6399d6f38ea9cbf527bf430616",
            "modified": "2011-07-28T15:39:09"
        }
    },
    {
        "pk": 161,
        "model": "easy_thumbnails.thumbnail",
        "fields": {
            "source": 10,
            "name": "2011/07/28/15644525.jpg__655x218_q85_crop_subject_location-457,409.jpg",
            "storage_hash": "52617e6399d6f38ea9cbf527bf430616",
            "modified": "2011-07-28T15:39:09"
        }
    },
    {
        "pk": 162,
        "model": "easy_thumbnails.thumbnail",
        "fields": {
            "source": 10,
            "name": "2011/07/28/15644525.jpg__215x184_q85_crop_subject_location-457,409.jpg",
            "storage_hash": "52617e6399d6f38ea9cbf527bf430616",
            "modified": "2011-07-28T15:39:09"
        }
    },
    {
        "pk": 163,
        "model": "easy_thumbnails.thumbnail",
        "fields": {
            "source": 10,
            "name": "2011/07/28/15644525.jpg__288x288_q85_crop_subject_location-457,409.jpg",
            "storage_hash": "52617e6399d6f38ea9cbf527bf430616",
            "modified": "2011-07-28T15:39:09"
        }
    },
    {
        "pk": 164,
        "model": "easy_thumbnails.thumbnail",
        "fields": {
            "source": 10,
            "name": "2011/07/28/15644525.jpg__210x10000_q85_subject_location-457,409.jpg",
            "storage_hash": "52617e6399d6f38ea9cbf527bf430616",
            "modified": "2011-07-28T15:50:34"
        }
    },
    {
        "pk": 165,
        "model": "easy_thumbnails.thumbnail",
        "fields": {
            "source": 10,
            "name": "2011/07/28/15644525.jpg__435x435_q85_crop_subject_location-457,409.jpg",
            "storage_hash": "52617e6399d6f38ea9cbf527bf430616",
            "modified": "2011-07-28T15:51:20"
        }
    },
    {
        "pk": 166,
        "model": "easy_thumbnails.thumbnail",
        "fields": {
            "source": 10,
            "name": "2011/07/28/15644525.jpg__215x161_q85_crop_subject_location-457,409.jpg",
            "storage_hash": "52617e6399d6f38ea9cbf527bf430616",
            "modified": "2011-07-28T16:06:56"
        }
    },
    {
        "pk": 167,
        "model": "easy_thumbnails.thumbnail",
        "fields": {
            "source": 10,
            "name": "2011/07/28/15644525.jpg__215x286_q85_crop_subject_location-457,409.jpg",
            "storage_hash": "52617e6399d6f38ea9cbf527bf430616",
            "modified": "2011-07-28T16:07:15"
        }
    },
    {
        "pk": 168,
        "model": "easy_thumbnails.thumbnail",
        "fields": {
            "source": 10,
            "name": "2011/07/28/15644525.jpg__660x220_q85_crop_subject_location-457,409.jpg",
            "storage_hash": "52617e6399d6f38ea9cbf527bf430616",
            "modified": "2011-07-28T16:09:26"
        }
    },
    {
        "pk": 169,
        "model": "easy_thumbnails.thumbnail",
        "fields": {
            "source": 1,
            "name": "2011/06/30/0020n040.jpg__276x361_q85_crop_subject_location-178,292.jpg",
            "storage_hash": "52617e6399d6f38ea9cbf527bf430616",
            "modified": "2011-07-28T16:19:39"
        }
    },
    {
        "pk": 170,
        "model": "easy_thumbnails.thumbnail",
        "fields": {
            "source": 11,
            "name": "2011/07/28/arrow-down.png__16x16_q85_crop_upscale.png",
            "storage_hash": "52617e6399d6f38ea9cbf527bf430616",
            "modified": "2011-07-28T23:39:31"
        }
    },
    {
        "pk": 171,
        "model": "easy_thumbnails.thumbnail",
        "fields": {
            "source": 11,
            "name": "2011/07/28/arrow-down.png__32x32_q85_crop_upscale.png",
            "storage_hash": "52617e6399d6f38ea9cbf527bf430616",
            "modified": "2011-07-28T23:39:31"
        }
    },
    {
        "pk": 172,
        "model": "easy_thumbnails.thumbnail",
        "fields": {
            "source": 11,
            "name": "2011/07/28/arrow-down.png__48x48_q85_crop_upscale.png",
            "storage_hash": "52617e6399d6f38ea9cbf527bf430616",
            "modified": "2011-07-28T23:39:31"
        }
    },
    {
        "pk": 173,
        "model": "easy_thumbnails.thumbnail",
        "fields": {
            "source": 11,
            "name": "2011/07/28/arrow-down.png__64x64_q85_crop_upscale.png",
            "storage_hash": "52617e6399d6f38ea9cbf527bf430616",
            "modified": "2011-07-28T23:39:31"
        }
    },
    {
        "pk": 174,
        "model": "easy_thumbnails.thumbnail",
        "fields": {
            "source": 12,
            "name": "2011/07/28/arrow-left.png__16x16_q85_crop_upscale.png",
            "storage_hash": "52617e6399d6f38ea9cbf527bf430616",
            "modified": "2011-07-28T23:39:32"
        }
    },
    {
        "pk": 175,
        "model": "easy_thumbnails.thumbnail",
        "fields": {
            "source": 12,
            "name": "2011/07/28/arrow-left.png__32x32_q85_crop_upscale.png",
            "storage_hash": "52617e6399d6f38ea9cbf527bf430616",
            "modified": "2011-07-28T23:39:32"
        }
    },
    {
        "pk": 176,
        "model": "easy_thumbnails.thumbnail",
        "fields": {
            "source": 12,
            "name": "2011/07/28/arrow-left.png__48x48_q85_crop_upscale.png",
            "storage_hash": "52617e6399d6f38ea9cbf527bf430616",
            "modified": "2011-07-28T23:39:32"
        }
    },
    {
        "pk": 177,
        "model": "easy_thumbnails.thumbnail",
        "fields": {
            "source": 12,
            "name": "2011/07/28/arrow-left.png__64x64_q85_crop_upscale.png",
            "storage_hash": "52617e6399d6f38ea9cbf527bf430616",
            "modified": "2011-07-28T23:39:32"
        }
    },
    {
        "pk": 178,
        "model": "easy_thumbnails.thumbnail",
        "fields": {
            "source": 13,
            "name": "2011/07/28/arrow-right.png__16x16_q85_crop_upscale.png",
            "storage_hash": "52617e6399d6f38ea9cbf527bf430616",
            "modified": "2011-07-28T23:39:33"
        }
    },
    {
        "pk": 179,
        "model": "easy_thumbnails.thumbnail",
        "fields": {
            "source": 13,
            "name": "2011/07/28/arrow-right.png__32x32_q85_crop_upscale.png",
            "storage_hash": "52617e6399d6f38ea9cbf527bf430616",
            "modified": "2011-07-28T23:39:33"
        }
    },
    {
        "pk": 180,
        "model": "easy_thumbnails.thumbnail",
        "fields": {
            "source": 13,
            "name": "2011/07/28/arrow-right.png__48x48_q85_crop_upscale.png",
            "storage_hash": "52617e6399d6f38ea9cbf527bf430616",
            "modified": "2011-07-28T23:39:33"
        }
    },
    {
        "pk": 181,
        "model": "easy_thumbnails.thumbnail",
        "fields": {
            "source": 13,
            "name": "2011/07/28/arrow-right.png__64x64_q85_crop_upscale.png",
            "storage_hash": "52617e6399d6f38ea9cbf527bf430616",
            "modified": "2011-07-28T23:39:33"
        }
    },
    {
        "pk": 182,
        "model": "easy_thumbnails.thumbnail",
        "fields": {
            "source": 14,
            "name": "2011/07/28/arrow-up.png__16x16_q85_crop_upscale.png",
            "storage_hash": "52617e6399d6f38ea9cbf527bf430616",
            "modified": "2011-07-28T23:39:34"
        }
    },
    {
        "pk": 183,
        "model": "easy_thumbnails.thumbnail",
        "fields": {
            "source": 14,
            "name": "2011/07/28/arrow-up.png__32x32_q85_crop_upscale.png",
            "storage_hash": "52617e6399d6f38ea9cbf527bf430616",
            "modified": "2011-07-28T23:39:34"
        }
    },
    {
        "pk": 184,
        "model": "easy_thumbnails.thumbnail",
        "fields": {
            "source": 14,
            "name": "2011/07/28/arrow-up.png__48x48_q85_crop_upscale.png",
            "storage_hash": "52617e6399d6f38ea9cbf527bf430616",
            "modified": "2011-07-28T23:39:34"
        }
    },
    {
        "pk": 185,
        "model": "easy_thumbnails.thumbnail",
        "fields": {
            "source": 14,
            "name": "2011/07/28/arrow-up.png__64x64_q85_crop_upscale.png",
            "storage_hash": "52617e6399d6f38ea9cbf527bf430616",
            "modified": "2011-07-28T23:39:34"
        }
    },
    {
        "pk": 186,
        "model": "easy_thumbnails.thumbnail",
        "fields": {
            "source": 11,
            "name": "2011/07/28/arrow-down.png__210x10000_q85.png",
            "storage_hash": "52617e6399d6f38ea9cbf527bf430616",
            "modified": "2011-07-28T23:39:42"
        }
    },
    {
        "pk": 187,
        "model": "easy_thumbnails.thumbnail",
        "fields": {
            "source": 12,
            "name": "2011/07/28/arrow-left.png__210x10000_q85.png",
            "storage_hash": "52617e6399d6f38ea9cbf527bf430616",
            "modified": "2011-07-28T23:39:53"
        }
    },
    {
        "pk": 188,
        "model": "easy_thumbnails.thumbnail",
        "fields": {
            "source": 13,
            "name": "2011/07/28/arrow-right.png__210x10000_q85.png",
            "storage_hash": "52617e6399d6f38ea9cbf527bf430616",
            "modified": "2011-07-28T23:40:02"
        }
    },
    {
        "pk": 189,
        "model": "easy_thumbnails.thumbnail",
        "fields": {
            "source": 14,
            "name": "2011/07/28/arrow-up.png__210x10000_q85.png",
            "storage_hash": "52617e6399d6f38ea9cbf527bf430616",
            "modified": "2011-07-28T23:40:10"
        }
    },
    {
        "pk": 190,
        "model": "easy_thumbnails.thumbnail",
        "fields": {
            "source": 13,
            "name": "2011/07/28/arrow-right.png__50x50_q85_crop.png",
            "storage_hash": "52617e6399d6f38ea9cbf527bf430616",
            "modified": "2011-07-28T23:41:59"
        }
    },
    {
        "pk": 191,
        "model": "easy_thumbnails.thumbnail",
        "fields": {
            "source": 11,
            "name": "2011/07/28/arrow-down.png__50x50_q85_crop.png",
            "storage_hash": "52617e6399d6f38ea9cbf527bf430616",
            "modified": "2011-07-28T23:41:59"
        }
    },
    {
        "pk": 192,
        "model": "easy_thumbnails.thumbnail",
        "fields": {
            "source": 15,
            "name": "2011/07/28/arrow-down_1.png__16x16_q85_crop_upscale.png",
            "storage_hash": "52617e6399d6f38ea9cbf527bf430616",
            "modified": "2011-07-28T23:54:57"
        }
    },
    {
        "pk": 193,
        "model": "easy_thumbnails.thumbnail",
        "fields": {
            "source": 15,
            "name": "2011/07/28/arrow-down_1.png__32x32_q85_crop_upscale.png",
            "storage_hash": "52617e6399d6f38ea9cbf527bf430616",
            "modified": "2011-07-28T23:54:57"
        }
    },
    {
        "pk": 194,
        "model": "easy_thumbnails.thumbnail",
        "fields": {
            "source": 15,
            "name": "2011/07/28/arrow-down_1.png__48x48_q85_crop_upscale.png",
            "storage_hash": "52617e6399d6f38ea9cbf527bf430616",
            "modified": "2011-07-28T23:54:57"
        }
    },
    {
        "pk": 195,
        "model": "easy_thumbnails.thumbnail",
        "fields": {
            "source": 15,
            "name": "2011/07/28/arrow-down_1.png__64x64_q85_crop_upscale.png",
            "storage_hash": "52617e6399d6f38ea9cbf527bf430616",
            "modified": "2011-07-28T23:54:57"
        }
    },
    {
        "pk": 196,
        "model": "easy_thumbnails.thumbnail",
        "fields": {
            "source": 16,
            "name": "2011/07/28/arrow-left_1.png__16x16_q85_crop_upscale.png",
            "storage_hash": "52617e6399d6f38ea9cbf527bf430616",
            "modified": "2011-07-28T23:55:38"
        }
    },
    {
        "pk": 197,
        "model": "easy_thumbnails.thumbnail",
        "fields": {
            "source": 16,
            "name": "2011/07/28/arrow-left_1.png__32x32_q85_crop_upscale.png",
            "storage_hash": "52617e6399d6f38ea9cbf527bf430616",
            "modified": "2011-07-28T23:55:38"
        }
    },
    {
        "pk": 198,
        "model": "easy_thumbnails.thumbnail",
        "fields": {
            "source": 16,
            "name": "2011/07/28/arrow-left_1.png__48x48_q85_crop_upscale.png",
            "storage_hash": "52617e6399d6f38ea9cbf527bf430616",
            "modified": "2011-07-28T23:55:38"
        }
    },
    {
        "pk": 199,
        "model": "easy_thumbnails.thumbnail",
        "fields": {
            "source": 16,
            "name": "2011/07/28/arrow-left_1.png__64x64_q85_crop_upscale.png",
            "storage_hash": "52617e6399d6f38ea9cbf527bf430616",
            "modified": "2011-07-28T23:55:38"
        }
    },
    {
        "pk": 200,
        "model": "easy_thumbnails.thumbnail",
        "fields": {
            "source": 17,
            "name": "2011/07/28/arrow-right_1.png__16x16_q85_crop_upscale.png",
            "storage_hash": "52617e6399d6f38ea9cbf527bf430616",
            "modified": "2011-07-28T23:55:49"
        }
    },
    {
        "pk": 201,
        "model": "easy_thumbnails.thumbnail",
        "fields": {
            "source": 17,
            "name": "2011/07/28/arrow-right_1.png__32x32_q85_crop_upscale.png",
            "storage_hash": "52617e6399d6f38ea9cbf527bf430616",
            "modified": "2011-07-28T23:55:49"
        }
    },
    {
        "pk": 202,
        "model": "easy_thumbnails.thumbnail",
        "fields": {
            "source": 17,
            "name": "2011/07/28/arrow-right_1.png__48x48_q85_crop_upscale.png",
            "storage_hash": "52617e6399d6f38ea9cbf527bf430616",
            "modified": "2011-07-28T23:55:49"
        }
    },
    {
        "pk": 203,
        "model": "easy_thumbnails.thumbnail",
        "fields": {
            "source": 17,
            "name": "2011/07/28/arrow-right_1.png__64x64_q85_crop_upscale.png",
            "storage_hash": "52617e6399d6f38ea9cbf527bf430616",
            "modified": "2011-07-28T23:55:49"
        }
    },
    {
        "pk": 204,
        "model": "easy_thumbnails.thumbnail",
        "fields": {
            "source": 18,
            "name": "2011/07/28/arrow-up_1.png__16x16_q85_crop_upscale.png",
            "storage_hash": "52617e6399d6f38ea9cbf527bf430616",
            "modified": "2011-07-28T23:55:59"
        }
    },
    {
        "pk": 205,
        "model": "easy_thumbnails.thumbnail",
        "fields": {
            "source": 18,
            "name": "2011/07/28/arrow-up_1.png__32x32_q85_crop_upscale.png",
            "storage_hash": "52617e6399d6f38ea9cbf527bf430616",
            "modified": "2011-07-28T23:55:59"
        }
    },
    {
        "pk": 206,
        "model": "easy_thumbnails.thumbnail",
        "fields": {
            "source": 18,
            "name": "2011/07/28/arrow-up_1.png__48x48_q85_crop_upscale.png",
            "storage_hash": "52617e6399d6f38ea9cbf527bf430616",
            "modified": "2011-07-28T23:55:59"
        }
    },
    {
        "pk": 207,
        "model": "easy_thumbnails.thumbnail",
        "fields": {
            "source": 18,
            "name": "2011/07/28/arrow-up_1.png__64x64_q85_crop_upscale.png",
            "storage_hash": "52617e6399d6f38ea9cbf527bf430616",
            "modified": "2011-07-28T23:55:59"
        }
    },
    {
        "pk": 208,
        "model": "easy_thumbnails.thumbnail",
        "fields": {
            "source": 17,
            "name": "2011/07/28/arrow-right_1.png__50x50_q85_crop.png",
            "storage_hash": "52617e6399d6f38ea9cbf527bf430616",
            "modified": "2011-09-14T23:49:49"
        }
    },
    {
        "pk": 209,
        "model": "easy_thumbnails.thumbnail",
        "fields": {
            "source": 15,
            "name": "2011/07/28/arrow-down_1.png__50x50_q85_crop.png",
            "storage_hash": "52617e6399d6f38ea9cbf527bf430616",
            "modified": "2011-09-14T23:49:49"
        }
    },
    {
        "pk": 210,
        "model": "easy_thumbnails.thumbnail",
        "fields": {
            "source": 17,
            "name": "2011/07/28/arrow-right_1.png__210x10000_q85.png",
            "storage_hash": "52617e6399d6f38ea9cbf527bf430616",
            "modified": "2011-07-28T23:57:09"
        }
    },
    {
        "pk": 211,
        "model": "easy_thumbnails.thumbnail",
        "fields": {
            "source": 15,
            "name": "2011/07/28/arrow-down_1.png__210x10000_q85.png",
            "storage_hash": "52617e6399d6f38ea9cbf527bf430616",
            "modified": "2011-07-28T23:57:19"
        }
    },
    {
        "pk": 212,
        "model": "easy_thumbnails.thumbnail",
        "fields": {
            "source": 17,
            "name": "2011/07/28/arrow-right_1.png__64x141_q85_crop.png",
            "storage_hash": "52617e6399d6f38ea9cbf527bf430616",
            "modified": "2011-07-28T23:57:23"
        }
    },
    {
        "pk": 213,
        "model": "easy_thumbnails.thumbnail",
        "fields": {
            "source": 15,
            "name": "2011/07/28/arrow-down_1.png__64x29_q85_crop.png",
            "storage_hash": "52617e6399d6f38ea9cbf527bf430616",
            "modified": "2011-07-28T23:57:23"
        }
    },
    {
        "pk": 214,
        "model": "easy_thumbnails.thumbnail",
        "fields": {
            "source": 19,
            "name": "2011/07/29/normal_carl_perkins.jpg__16x16_q85_crop_upscale.jpg",
            "storage_hash": "52617e6399d6f38ea9cbf527bf430616",
            "modified": "2011-07-29T00:10:00"
        }
    },
    {
        "pk": 215,
        "model": "easy_thumbnails.thumbnail",
        "fields": {
            "source": 19,
            "name": "2011/07/29/normal_carl_perkins.jpg__32x32_q85_crop_upscale.jpg",
            "storage_hash": "52617e6399d6f38ea9cbf527bf430616",
            "modified": "2011-07-29T00:10:00"
        }
    },
    {
        "pk": 216,
        "model": "easy_thumbnails.thumbnail",
        "fields": {
            "source": 19,
            "name": "2011/07/29/normal_carl_perkins.jpg__48x48_q85_crop_upscale.jpg",
            "storage_hash": "52617e6399d6f38ea9cbf527bf430616",
            "modified": "2011-07-29T00:10:00"
        }
    },
    {
        "pk": 217,
        "model": "easy_thumbnails.thumbnail",
        "fields": {
            "source": 19,
            "name": "2011/07/29/normal_carl_perkins.jpg__64x64_q85_crop_upscale.jpg",
            "storage_hash": "52617e6399d6f38ea9cbf527bf430616",
            "modified": "2011-07-29T00:10:01"
        }
    },
    {
        "pk": 218,
        "model": "easy_thumbnails.thumbnail",
        "fields": {
            "source": 19,
            "name": "2011/07/29/normal_carl_perkins.jpg__210x10000_q85.jpg",
            "storage_hash": "52617e6399d6f38ea9cbf527bf430616",
            "modified": "2011-07-29T00:10:06"
        }
    },
    {
        "pk": 219,
        "model": "easy_thumbnails.thumbnail",
        "fields": {
            "source": 19,
            "name": "2011/07/29/normal_carl_perkins.jpg__75x75_q85_crop.jpg",
            "storage_hash": "52617e6399d6f38ea9cbf527bf430616",
            "modified": "2011-07-29T00:11:13"
        }
    },
    {
        "pk": 220,
        "model": "easy_thumbnails.thumbnail",
        "fields": {
            "source": 2,
            "name": "2011/07/06/07.jpg__340x340_q85_crop_subject_location-257,117.jpg",
            "storage_hash": "52617e6399d6f38ea9cbf527bf430616",
            "modified": "2011-07-29T10:02:51"
        }
    },
    {
        "pk": 221,
        "model": "easy_thumbnails.thumbnail",
        "fields": {
            "source": 2,
            "name": "2011/07/06/07.jpg__426x426_q85_crop_subject_location-257,117.jpg",
            "storage_hash": "52617e6399d6f38ea9cbf527bf430616",
            "modified": "2011-07-29T10:05:30"
        }
    },
    {
        "pk": 222,
        "model": "easy_thumbnails.thumbnail",
        "fields": {
            "source": 1,
            "name": "2011/06/30/0020n040.jpg__269x353_q85_crop_subject_location-178,292.jpg",
            "storage_hash": "52617e6399d6f38ea9cbf527bf430616",
            "modified": "2011-08-09T09:56:13"
        }
    },
    {
        "pk": 223,
        "model": "easy_thumbnails.thumbnail",
        "fields": {
            "source": 10,
            "name": "2011/07/28/15644525.jpg__1000x333_q85_crop_subject_location-457,409.jpg",
            "storage_hash": "52617e6399d6f38ea9cbf527bf430616",
            "modified": "2011-08-14T15:17:52"
        }
    },
    {
        "pk": 224,
        "model": "easy_thumbnails.thumbnail",
        "fields": {
            "source": 10,
            "name": "2011/07/28/15644525.jpg__745x248_q85_crop_subject_location-457,409.jpg",
            "storage_hash": "52617e6399d6f38ea9cbf527bf430616",
            "modified": "2011-08-14T15:17:53"
        }
    },
    {
        "pk": 225,
        "model": "easy_thumbnails.thumbnail",
        "fields": {
            "source": 10,
            "name": "2011/07/28/15644525.jpg__245x816_q85_crop_subject_location-457,409.jpg",
            "storage_hash": "52617e6399d6f38ea9cbf527bf430616",
            "modified": "2011-08-14T15:17:53"
        }
    },
    {
        "pk": 226,
        "model": "easy_thumbnails.thumbnail",
        "fields": {
            "source": 10,
            "name": "2011/07/28/15644525.jpg__495x495_q85_crop_subject_location-457,409.jpg",
            "storage_hash": "52617e6399d6f38ea9cbf527bf430616",
            "modified": "2011-08-14T15:17:53"
        }
    },
    {
        "pk": 227,
        "model": "easy_thumbnails.thumbnail",
        "fields": {
            "source": 10,
            "name": "2011/07/28/15644525.jpg__245x326_q85_crop_subject_location-457,409.jpg",
            "storage_hash": "52617e6399d6f38ea9cbf527bf430616",
            "modified": "2011-08-14T15:17:53"
        }
    },
    {
        "pk": 228,
        "model": "easy_thumbnails.thumbnail",
        "fields": {
            "source": 10,
            "name": "2011/07/28/15644525.jpg__960x320_q85_crop_subject_location-457,409.jpg",
            "storage_hash": "52617e6399d6f38ea9cbf527bf430616",
            "modified": "2011-08-14T15:21:16"
        }
    },
    {
        "pk": 229,
        "model": "easy_thumbnails.thumbnail",
        "fields": {
            "source": 10,
            "name": "2011/07/28/15644525.jpg__715x238_q85_crop_subject_location-457,409.jpg",
            "storage_hash": "52617e6399d6f38ea9cbf527bf430616",
            "modified": "2011-08-14T15:21:16"
        }
    },
    {
        "pk": 230,
        "model": "easy_thumbnails.thumbnail",
        "fields": {
            "source": 10,
            "name": "2011/07/28/15644525.jpg__235x783_q85_crop_subject_location-457,409.jpg",
            "storage_hash": "52617e6399d6f38ea9cbf527bf430616",
            "modified": "2011-08-14T15:21:16"
        }
    },
    {
        "pk": 231,
        "model": "easy_thumbnails.thumbnail",
        "fields": {
            "source": 10,
            "name": "2011/07/28/15644525.jpg__475x475_q85_crop_subject_location-457,409.jpg",
            "storage_hash": "52617e6399d6f38ea9cbf527bf430616",
            "modified": "2011-08-14T15:21:16"
        }
    },
    {
        "pk": 232,
        "model": "easy_thumbnails.thumbnail",
        "fields": {
            "source": 10,
            "name": "2011/07/28/15644525.jpg__235x313_q85_crop_subject_location-457,409.jpg",
            "storage_hash": "52617e6399d6f38ea9cbf527bf430616",
            "modified": "2011-08-14T15:21:16"
        }
    },
    {
        "pk": 233,
        "model": "easy_thumbnails.thumbnail",
        "fields": {
            "source": 10,
            "name": "2011/07/28/15644525.jpg__944x314_q85_crop_subject_location-457,409.jpg",
            "storage_hash": "52617e6399d6f38ea9cbf527bf430616",
            "modified": "2011-09-29T12:41:00"
        }
    },
    {
        "pk": 234,
        "model": "easy_thumbnails.thumbnail",
        "fields": {
            "source": 10,
            "name": "2011/07/28/15644525.jpg__699x233_q85_crop_subject_location-457,409.jpg",
            "storage_hash": "52617e6399d6f38ea9cbf527bf430616",
            "modified": "2011-09-29T12:41:01"
        }
    },
    {
        "pk": 235,
        "model": "easy_thumbnails.thumbnail",
        "fields": {
            "source": 10,
            "name": "2011/07/28/15644525.jpg__219x730_q85_crop_subject_location-457,409.jpg",
            "storage_hash": "52617e6399d6f38ea9cbf527bf430616",
            "modified": "2011-09-29T12:41:01"
        }
    },
    {
        "pk": 236,
        "model": "easy_thumbnails.thumbnail",
        "fields": {
            "source": 10,
            "name": "2011/07/28/15644525.jpg__459x459_q85_crop_subject_location-457,409.jpg",
            "storage_hash": "52617e6399d6f38ea9cbf527bf430616",
            "modified": "2011-09-29T12:41:01"
        }
    },
    {
        "pk": 237,
        "model": "easy_thumbnails.thumbnail",
        "fields": {
            "source": 10,
            "name": "2011/07/28/15644525.jpg__219x292_q85_crop_subject_location-457,409.jpg",
            "storage_hash": "52617e6399d6f38ea9cbf527bf430616",
            "modified": "2011-09-29T12:41:01"
        }
    },
    {
        "pk": 238,
        "model": "easy_thumbnails.thumbnail",
        "fields": {
            "source": 1,
            "name": "2011/06/30/0020n040.jpg__294x385_q85_crop_subject_location-178,292.jpg",
            "storage_hash": "52617e6399d6f38ea9cbf527bf430616",
            "modified": "2013-03-13T10:17:16.329"
        }
    },
    {
        "pk": 239,
        "model": "easy_thumbnails.thumbnail",
        "fields": {
            "source": 3,
            "name": "2011/07/06/335.jpg__227x0_q85_subject_location-249,172.jpg",
            "storage_hash": "52617e6399d6f38ea9cbf527bf430616",
            "modified": "2011-08-30T17:31:10"
        }
    },
    {
        "pk": 240,
        "model": "easy_thumbnails.thumbnail",
        "fields": {
            "source": 2,
            "name": "2011/07/06/07.jpg__227x0_q85_subject_location-257,117.jpg",
            "storage_hash": "52617e6399d6f38ea9cbf527bf430616",
            "modified": "2011-09-05T13:23:45"
        }
    },
    {
        "pk": 241,
        "model": "easy_thumbnails.thumbnail",
        "fields": {
            "source": 8,
            "name": "2011/07/14/haddock.jpg__227x0_q85_subject_location-161,98.jpg",
            "storage_hash": "52617e6399d6f38ea9cbf527bf430616",
            "modified": "2011-09-05T13:36:59"
        }
    },
    {
        "pk": 242,
        "model": "easy_thumbnails.thumbnail",
        "fields": {
            "source": 17,
            "name": "2011/07/28/arrow-right_1.png__50x110_q85_crop.png",
            "storage_hash": "52617e6399d6f38ea9cbf527bf430616",
            "modified": "2013-03-13T10:17:16.701"
        }
    },
    {
        "pk": 243,
        "model": "easy_thumbnails.thumbnail",
        "fields": {
            "source": 15,
            "name": "2011/07/28/arrow-down_1.png__50x22_q85_crop.png",
            "storage_hash": "52617e6399d6f38ea9cbf527bf430616",
            "modified": "2013-03-13T10:17:17.121"
        }
    },
    {
        "pk": 1,
        "model": "auth.user",
        "fields": {
            "username": "arkestra",
            "first_name": "",
            "last_name": "",
            "is_active": true,
            "is_superuser": true,
            "is_staff": true,
            "last_login": "2013-04-10T19:12:29.069",
            "groups": [],
            "user_permissions": [],
            "password": "pbkdf2_sha256$10000$qXiZFHkAMorY$TY93IarzG+j3RjgU4SCBY7e1Ej+0ISCY+FfhQUblAi8=",
            "email": "daniele@vurt.org",
            "date_joined": "2011-10-04T11:45:19"
        }
    },
    {
        "pk": "2e70b9ee75fc2e0136d09bb68362ef5d",
        "model": "sessions.session",
        "fields": {
            "expire_date": "2011-09-29T11:30:00",
            "session_data": "MWQ3MzM0OGQwNjUzYTdiMzljMjg5N2VjZmMyMTU2Y2NlOGY0NjVmYjqAAn1xAShVEl9hdXRoX3Vz\nZXJfYmFja2VuZHECVSlkamFuZ28uY29udHJpYi5hdXRoLmJhY2tlbmRzLk1vZGVsQmFja2VuZHED\nVQ1fYXV0aF91c2VyX2lkcQRLAXUu\n"
        }
    },
    {
        "pk": "1d4041a0bad1fec9e376125d1dcfd5f3",
        "model": "sessions.session",
        "fields": {
            "expire_date": "2011-09-29T16:19:06",
            "session_data": "ZTgwOTVjYjI4ZDY5MWI3Y2JhNzE3MTY5MTJmNWI5NWYwMDdmYWM2YTqAAn1xAShVDmNtc19hZG1p\nbl9zaXRlcQJLAVUNX2F1dGhfdXNlcl9pZHEDSwFVEl9hdXRoX3VzZXJfYmFja2VuZHEEVSlkamFu\nZ28uY29udHJpYi5hdXRoLmJhY2tlbmRzLk1vZGVsQmFja2VuZHEFdS4=\n"
        }
    },
    {
        "pk": "c0a50410ed9ca876fd9e57564283e4e2",
        "model": "sessions.session",
        "fields": {
            "expire_date": "2011-10-13T11:17:52",
            "session_data": "MWQ3MzM0OGQwNjUzYTdiMzljMjg5N2VjZmMyMTU2Y2NlOGY0NjVmYjqAAn1xAShVEl9hdXRoX3Vz\nZXJfYmFja2VuZHECVSlkamFuZ28uY29udHJpYi5hdXRoLmJhY2tlbmRzLk1vZGVsQmFja2VuZHED\nVQ1fYXV0aF91c2VyX2lkcQRLAXUu\n"
        }
    },
    {
        "pk": "4b89590e98dddb0dba4c06eaeefe8170",
        "model": "sessions.session",
        "fields": {
            "expire_date": "2011-10-17T15:36:38",
            "session_data": "MzU1MTgzZmY1NWY4OTNhNGE4OWFkMjk1MmU3MzQxMTI4N2QzZWU1OTqAAn1xAS4=\n"
        }
    },
    {
        "pk": "3bdbc3f41358a027645dac89f17eaa13",
        "model": "sessions.session",
        "fields": {
            "expire_date": "2011-10-17T18:11:48",
            "session_data": "YWQzNTlmZTFiMmJhYmRlOWExYjI4YTcwNzEyMTM4YWY2OWQxNWZjYTqAAn1xAShVDmNtc19hZG1p\nbl9zaXRlcQJLAVUSX2F1dGhfdXNlcl9iYWNrZW5kcQNVKWRqYW5nby5jb250cmliLmF1dGguYmFj\na2VuZHMuTW9kZWxCYWNrZW5kcQRVDV9hdXRoX3VzZXJfaWRxBUsBdS4=\n"
        }
    },
    {
        "pk": "d12f07fc612baa6342535a5f56eab63a",
        "model": "sessions.session",
        "fields": {
            "expire_date": "2011-10-18T00:23:18",
            "session_data": "MWQ3MzM0OGQwNjUzYTdiMzljMjg5N2VjZmMyMTU2Y2NlOGY0NjVmYjqAAn1xAShVEl9hdXRoX3Vz\nZXJfYmFja2VuZHECVSlkamFuZ28uY29udHJpYi5hdXRoLmJhY2tlbmRzLk1vZGVsQmFja2VuZHED\nVQ1fYXV0aF91c2VyX2lkcQRLAXUu\n"
        }
    },
    {
        "pk": "6f90ca729993e8b13a960f64f891b258",
        "model": "sessions.session",
        "fields": {
            "expire_date": "2012-10-21T11:28:23.899",
            "session_data": "NWY2YzIzNGQ1ZmU0OTc5MjAwNzM1OGNmN2M4MzdkMGQzOTkzOGZhZjqAAn1xAShVDmNtc19hZG1p\nbl9zaXRlcQJLAVUNX2F1dGhfdXNlcl9pZEsBVRJfYXV0aF91c2VyX2JhY2tlbmRVKWRqYW5nby5j\nb250cmliLmF1dGguYmFja2VuZHMuTW9kZWxCYWNrZW5kdS4=\n"
        }
    },
    {
        "pk": "8bf261c133da49d7a1914b7426a997b3",
        "model": "sessions.session",
        "fields": {
            "expire_date": "2012-10-21T11:42:17.641",
            "session_data": "MThlNmE2YzU0NzE4N2NhMzhmMjUzNjg1YWEyMDRjYTg5YWVkMDZlOTqAAn1xAShVEl9hdXRoX3Vz\nZXJfYmFja2VuZHECVSlkamFuZ28uY29udHJpYi5hdXRoLmJhY2tlbmRzLk1vZGVsQmFja2VuZHED\nVQ1fYXV0aF91c2VyX2lkcQRLAXUu\n"
        }
    },
    {
        "pk": "705e0e2f568faa9637d2a6b1f3e31ac7",
        "model": "sessions.session",
        "fields": {
            "expire_date": "2012-10-22T15:36:30.536",
            "session_data": "NWY2YzIzNGQ1ZmU0OTc5MjAwNzM1OGNmN2M4MzdkMGQzOTkzOGZhZjqAAn1xAShVDmNtc19hZG1p\nbl9zaXRlcQJLAVUNX2F1dGhfdXNlcl9pZEsBVRJfYXV0aF91c2VyX2JhY2tlbmRVKWRqYW5nby5j\nb250cmliLmF1dGguYmFja2VuZHMuTW9kZWxCYWNrZW5kdS4=\n"
        }
    },
    {
        "pk": "47c8ed07e42c0828d6fbc3db008716a6",
        "model": "sessions.session",
        "fields": {
            "expire_date": "2013-03-27T10:17:17.968",
            "session_data": "ODUzZjNkNWJiN2Y3OTk2M2FkNDllMzI5ZDM4ZjI5MzQxYzhjN2JiYTqAAn1xAS4=\n"
        }
    },
    {
        "pk": "e197d87d57ad2bcfc94190e55c0ba6f4",
        "model": "sessions.session",
        "fields": {
            "expire_date": "2013-03-27T10:17:38",
            "session_data": "MThlNmE2YzU0NzE4N2NhMzhmMjUzNjg1YWEyMDRjYTg5YWVkMDZlOTqAAn1xAShVEl9hdXRoX3Vz\nZXJfYmFja2VuZHECVSlkamFuZ28uY29udHJpYi5hdXRoLmJhY2tlbmRzLk1vZGVsQmFja2VuZHED\nVQ1fYXV0aF91c2VyX2lkcQRLAXUu\n"
        }
    },
    {
        "pk": "90f7557528df6d35d9d587e3c3c9b535",
        "model": "sessions.session",
        "fields": {
            "expire_date": "2013-04-24T17:51:57.095",
            "session_data": "NWY2YzIzNGQ1ZmU0OTc5MjAwNzM1OGNmN2M4MzdkMGQzOTkzOGZhZjqAAn1xAShVDmNtc19hZG1p\nbl9zaXRlcQJLAVUNX2F1dGhfdXNlcl9pZEsBVRJfYXV0aF91c2VyX2JhY2tlbmRVKWRqYW5nby5j\nb250cmliLmF1dGguYmFja2VuZHMuTW9kZWxCYWNrZW5kdS4=\n"
        }
    },
    {
        "pk": "72d09b05c04302536c111d226edf51d3",
        "model": "sessions.session",
        "fields": {
            "expire_date": "2013-04-24T19:12:49.782",
            "session_data": "NWY2YzIzNGQ1ZmU0OTc5MjAwNzM1OGNmN2M4MzdkMGQzOTkzOGZhZjqAAn1xAShVDmNtc19hZG1p\nbl9zaXRlcQJLAVUNX2F1dGhfdXNlcl9pZEsBVRJfYXV0aF91c2VyX2JhY2tlbmRVKWRqYW5nby5j\nb250cmliLmF1dGguYmFja2VuZHMuTW9kZWxCYWNrZW5kdS4=\n"
        }
    },
    {
        "pk": 1,
        "model": "sites.site",
        "fields": {
            "domain": "l003.medcn.uwcm.ac.uk:8000",
            "name": "l003.medcn.uwcm.ac.uk:8000"
        }
    },
    {
        "pk": 36,
        "model": "admin.logentry",
        "fields": {
            "action_flag": 2,
            "action_time": "2013-03-13T10:23:51.479",
            "object_repr": "Ms Mo Tucker",
            "object_id": "7",
            "change_message": "Changed title and description.",
            "user": [
                "arkestra"
            ],
            "content_type": [
                "contacts_and_people",
                "person"
            ]
        }
    },
    {
        "pk": 35,
        "model": "admin.logentry",
        "fields": {
            "action_flag": 2,
            "action_time": "2013-03-13T10:23:40.845",
            "object_repr": "Mr David Robinson",
            "object_id": "9",
            "change_message": "Changed title and description.",
            "user": [
                "arkestra"
            ],
            "content_type": [
                "contacts_and_people",
                "person"
            ]
        }
    },
    {
        "pk": 34,
        "model": "admin.logentry",
        "fields": {
            "action_flag": 2,
            "action_time": "2013-03-13T10:23:31.507",
            "object_repr": "Prof Jonathan Richman",
            "object_id": "5",
            "change_message": "Changed title and description.",
            "user": [
                "arkestra"
            ],
            "content_type": [
                "contacts_and_people",
                "person"
            ]
        }
    },
    {
        "pk": 33,
        "model": "admin.logentry",
        "fields": {
            "action_flag": 2,
            "action_time": "2013-03-13T10:23:20.704",
            "object_repr": "Prof Lou Reed",
            "object_id": "2",
            "change_message": "Changed title and description.",
            "user": [
                "arkestra"
            ],
            "content_type": [
                "contacts_and_people",
                "person"
            ]
        }
    },
    {
        "pk": 32,
        "model": "admin.logentry",
        "fields": {
            "action_flag": 2,
            "action_time": "2013-03-13T10:23:12.487",
            "object_repr": "Dr Benjamin Orr",
            "object_id": "12",
            "change_message": "Changed title and description.",
            "user": [
                "arkestra"
            ],
            "content_type": [
                "contacts_and_people",
                "person"
            ]
        }
    },
    {
        "pk": 31,
        "model": "admin.logentry",
        "fields": {
            "action_flag": 2,
            "action_time": "2013-03-13T10:23:03.296",
            "object_repr": "Mr Rick Ocasek",
            "object_id": "11",
            "change_message": "Changed title and description.",
            "user": [
                "arkestra"
            ],
            "content_type": [
                "contacts_and_people",
                "person"
            ]
        }
    },
    {
        "pk": 30,
        "model": "admin.logentry",
        "fields": {
            "action_flag": 2,
            "action_time": "2013-03-13T10:22:54.051",
            "object_repr": "Dr Nico",
            "object_id": "4",
            "change_message": "Changed title and description.",
            "user": [
                "arkestra"
            ],
            "content_type": [
                "contacts_and_people",
                "person"
            ]
        }
    },
    {
        "pk": 29,
        "model": "admin.logentry",
        "fields": {
            "action_flag": 2,
            "action_time": "2013-03-13T10:22:43.320",
            "object_repr": "Prof Sterling Morrison",
            "object_id": "6",
            "change_message": "Changed description.",
            "user": [
                "arkestra"
            ],
            "content_type": [
                "contacts_and_people",
                "person"
            ]
        }
    },
    {
        "pk": 28,
        "model": "admin.logentry",
        "fields": {
            "action_flag": 2,
            "action_time": "2013-03-13T10:22:31.105",
            "object_repr": "Mr Greg Hawkes",
            "object_id": "13",
            "change_message": "Changed title and description.",
            "user": [
                "arkestra"
            ],
            "content_type": [
                "contacts_and_people",
                "person"
            ]
        }
    },
    {
        "pk": 27,
        "model": "admin.logentry",
        "fields": {
            "action_flag": 2,
            "action_time": "2013-03-13T10:22:21.357",
            "object_repr": "Mr Jerry Harrison",
            "object_id": "8",
            "change_message": "Changed title and description.",
            "user": [
                "arkestra"
            ],
            "content_type": [
                "contacts_and_people",
                "person"
            ]
        }
    },
    {
        "pk": 26,
        "model": "admin.logentry",
        "fields": {
            "action_flag": 3,
            "action_time": "2013-03-13T10:22:10.413",
            "object_repr": "Sarah Harries",
            "object_id": "1",
            "change_message": "",
            "user": [
                "arkestra"
            ],
            "content_type": [
                "contacts_and_people",
                "person"
            ]
        }
    },
    {
        "pk": 25,
        "model": "admin.logentry",
        "fields": {
            "action_flag": 2,
            "action_time": "2013-03-13T10:21:55.397",
            "object_repr": "Prof Elliott Easton",
            "object_id": "14",
            "change_message": "Changed title and description.",
            "user": [
                "arkestra"
            ],
            "content_type": [
                "contacts_and_people",
                "person"
            ]
        }
    },
    {
        "pk": 24,
        "model": "admin.logentry",
        "fields": {
            "action_flag": 2,
            "action_time": "2013-03-13T10:21:42.816",
            "object_repr": "Mr John Cale",
            "object_id": "3",
            "change_message": "Changed description.",
            "user": [
                "arkestra"
            ],
            "content_type": [
                "contacts_and_people",
                "person"
            ]
        }
    },
    {
        "pk": 23,
        "model": "admin.logentry",
        "fields": {
            "action_flag": 2,
            "action_time": "2013-03-13T10:21:37.369",
            "object_repr": "Mr John Cale",
            "object_id": "3",
            "change_message": "Changed title and description.",
            "user": [
                "arkestra"
            ],
            "content_type": [
                "contacts_and_people",
                "person"
            ]
        }
    },
    {
        "pk": 22,
        "model": "admin.logentry",
        "fields": {
            "action_flag": 2,
            "action_time": "2013-03-13T10:21:19.363",
            "object_repr": "Prof Ernie Brooks",
            "object_id": "10",
            "change_message": "Changed title and description.",
            "user": [
                "arkestra"
            ],
            "content_type": [
                "contacts_and_people",
                "person"
            ]
        }
    },
    {
        "pk": 21,
        "model": "admin.logentry",
        "fields": {
            "action_flag": 2,
            "action_time": "2011-10-03T18:11:47",
            "object_repr": "Technical demonstrations",
            "object_id": "6",
            "change_message": "Changed template and moderator_state.",
            "user": [
                "arkestra"
            ],
            "content_type": [
                "cms",
                "page"
            ]
        }
    },
    {
        "pk": 20,
        "model": "admin.logentry",
        "fields": {
            "action_flag": 2,
            "action_time": "2011-10-03T18:11:20",
            "object_repr": "Rows & columns",
            "object_id": "15",
            "change_message": "Changed template and moderator_state.",
            "user": [
                "arkestra"
            ],
            "content_type": [
                "cms",
                "page"
            ]
        }
    },
    {
        "pk": 19,
        "model": "admin.logentry",
        "fields": {
            "action_flag": 2,
            "action_time": "2011-10-03T18:04:21",
            "object_repr": "Home",
            "object_id": "1",
            "change_message": "Changed template and moderator_state.",
            "user": [
                "arkestra"
            ],
            "content_type": [
                "cms",
                "page"
            ]
        }
    },
    {
        "pk": 18,
        "model": "admin.logentry",
        "fields": {
            "action_flag": 2,
            "action_time": "2011-09-29T16:20:00",
            "object_repr": "Annual Conference of the Dark Ages Society",
            "object_id": "1",
            "change_message": "Changed body and do_not_link_to_children.",
            "user": [
                "arkestra"
            ],
            "content_type": [
                "news_and_events",
                "event"
            ]
        }
    },
    {
        "pk": 17,
        "model": "admin.logentry",
        "fields": {
            "action_flag": 2,
            "action_time": "2011-09-29T16:18:32",
            "object_repr": "Annual Conference of the Dark Ages Society",
            "object_id": "1",
            "change_message": "Changed body and display_series_name.",
            "user": [
                "arkestra"
            ],
            "content_type": [
                "news_and_events",
                "event"
            ]
        }
    },
    {
        "pk": 16,
        "model": "admin.logentry",
        "fields": {
            "action_flag": 2,
            "action_time": "2011-09-29T16:16:36",
            "object_repr": "Annual Conference of the Dark Ages Society",
            "object_id": "1",
            "change_message": "Changed body and display_series_name.",
            "user": [
                "arkestra"
            ],
            "content_type": [
                "news_and_events",
                "event"
            ]
        }
    },
    {
        "pk": 15,
        "model": "admin.logentry",
        "fields": {
            "action_flag": 2,
            "action_time": "2011-09-29T16:15:52",
            "object_repr": "Annual Conference of the Dark Ages Society",
            "object_id": "1",
            "change_message": "Changed short_title and body.",
            "user": [
                "arkestra"
            ],
            "content_type": [
                "news_and_events",
                "event"
            ]
        }
    },
    {
        "pk": 14,
        "model": "admin.logentry",
        "fields": {
            "action_flag": 2,
            "action_time": "2011-09-29T14:59:00",
            "object_repr": "Annual Conference of the Dark Ages Society",
            "object_id": "1",
            "change_message": "Changed body and display_series_name.",
            "user": [
                "arkestra"
            ],
            "content_type": [
                "news_and_events",
                "event"
            ]
        }
    },
    {
        "pk": 13,
        "model": "admin.logentry",
        "fields": {
            "action_flag": 2,
            "action_time": "2011-09-29T14:44:12",
            "object_repr": "Annual Conference of the Dark Ages Society",
            "object_id": "1",
            "change_message": "Changed body and display_series_name.",
            "user": [
                "arkestra"
            ],
            "content_type": [
                "news_and_events",
                "event"
            ]
        }
    },
    {
        "pk": 12,
        "model": "admin.logentry",
        "fields": {
            "action_flag": 2,
            "action_time": "2011-09-29T14:28:07",
            "object_repr": "Mediaeval medical forensic science",
            "object_id": "9",
            "change_message": "Changed body and building.",
            "user": [
                "arkestra"
            ],
            "content_type": [
                "news_and_events",
                "event"
            ]
        }
    },
    {
        "pk": 11,
        "model": "admin.logentry",
        "fields": {
            "action_flag": 2,
            "action_time": "2011-09-29T14:22:17",
            "object_repr": "Annual Conference of the Dark Ages Society",
            "object_id": "1",
            "change_message": "Changed body and display_series_name.",
            "user": [
                "arkestra"
            ],
            "content_type": [
                "news_and_events",
                "event"
            ]
        }
    },
    {
        "pk": 10,
        "model": "admin.logentry",
        "fields": {
            "action_flag": 3,
            "action_time": "2011-09-29T14:22:09",
            "object_repr": "Annual Conference of the Dark Ages Society",
            "object_id": "11",
            "change_message": "",
            "user": [
                "arkestra"
            ],
            "content_type": [
                "news_and_events",
                "event"
            ]
        }
    },
    {
        "pk": 9,
        "model": "admin.logentry",
        "fields": {
            "action_flag": 1,
            "action_time": "2011-09-29T14:21:56",
            "object_repr": "Annual Conference of the Dark Ages Society",
            "object_id": "11",
            "change_message": "",
            "user": [
                "arkestra"
            ],
            "content_type": [
                "news_and_events",
                "event"
            ]
        }
    },
    {
        "pk": 8,
        "model": "admin.logentry",
        "fields": {
            "action_flag": 2,
            "action_time": "2011-09-29T13:09:12",
            "object_repr": "Prof Ernie Brooks awarded Nobel prize for Medicine",
            "object_id": "3",
            "change_message": "Changed title, body and slug.",
            "user": [
                "arkestra"
            ],
            "content_type": [
                "news_and_events",
                "newsarticle"
            ]
        }
    },
    {
        "pk": 7,
        "model": "admin.logentry",
        "fields": {
            "action_flag": 2,
            "action_time": "2011-09-29T12:50:10",
            "object_repr": "Prof Ernie Brooks awarded Nobel prize for Mdicine",
            "object_id": "3",
            "change_message": "Changed body. Added object link \"Ernie Brooks\".",
            "user": [
                "arkestra"
            ],
            "content_type": [
                "news_and_events",
                "newsarticle"
            ]
        }
    },
    {
        "pk": 6,
        "model": "admin.logentry",
        "fields": {
            "action_flag": 2,
            "action_time": "2011-09-29T11:32:13",
            "object_repr": "Prof Sterling Morrison",
            "object_id": "6",
            "change_message": "Changed title and description.",
            "user": [
                "arkestra"
            ],
            "content_type": [
                "contacts_and_people",
                "person"
            ]
        }
    },
    {
        "pk": 5,
        "model": "admin.logentry",
        "fields": {
            "action_flag": 3,
            "action_time": "2011-09-15T16:12:03",
            "object_repr": "rrr",
            "object_id": "16",
            "change_message": "",
            "user": [
                "arkestra"
            ],
            "content_type": [
                "cms",
                "page"
            ]
        }
    },
    {
        "pk": 4,
        "model": "admin.logentry",
        "fields": {
            "action_flag": 3,
            "action_time": "2011-09-15T16:11:53",
            "object_repr": "test",
            "object_id": "12",
            "change_message": "",
            "user": [
                "arkestra"
            ],
            "content_type": [
                "cms",
                "page"
            ]
        }
    },
    {
        "pk": 3,
        "model": "admin.logentry",
        "fields": {
            "action_flag": 1,
            "action_time": "2011-09-15T15:54:37",
            "object_repr": "rrr",
            "object_id": "16",
            "change_message": "",
            "user": [
                "arkestra"
            ],
            "content_type": [
                "cms",
                "page"
            ]
        }
    },
    {
        "pk": 2,
        "model": "admin.logentry",
        "fields": {
            "action_flag": 2,
            "action_time": "2011-09-15T15:54:32",
            "object_repr": "test",
            "object_id": "12",
            "change_message": "Changed moderator_state.",
            "user": [
                "arkestra"
            ],
            "content_type": [
                "cms",
                "page"
            ]
        }
    },
    {
        "pk": 1,
        "model": "admin.logentry",
        "fields": {
            "action_flag": 2,
            "action_time": "2011-09-15T15:54:11",
            "object_repr": "test",
            "object_id": "12",
            "change_message": "Changed moderator_state.",
            "user": [
                "arkestra"
            ],
            "content_type": [
                "cms",
                "page"
            ]
        }
    },
    {
        "pk": 1,
        "model": "filer.image",
        "fields": {
            "subject_location": "178,292",
            "must_always_publish_copyright": false,
            "date_taken": "2011-06-30T21:24:02",
            "author": "",
            "_height": 500,
            "_width": 382,
            "must_always_publish_author_credit": false,
            "default_alt_text": "",
            "default_caption": ""
        }
    },
    {
        "pk": 2,
        "model": "filer.image",
        "fields": {
            "subject_location": "257,117",
            "must_always_publish_copyright": false,
            "date_taken": "2011-07-06T17:42:41",
            "author": "",
            "_height": 385,
            "_width": 685,
            "must_always_publish_author_credit": false,
            "default_alt_text": "",
            "default_caption": ""
        }
    },
    {
        "pk": 3,
        "model": "filer.image",
        "fields": {
            "subject_location": "249,172",
            "must_always_publish_copyright": false,
            "date_taken": "2011-07-06T17:42:44",
            "author": "",
            "_height": 709,
            "_width": 476,
            "must_always_publish_author_credit": false,
            "default_alt_text": "",
            "default_caption": ""
        }
    },
    {
        "pk": 4,
        "model": "filer.image",
        "fields": {
            "subject_location": "233,86",
            "must_always_publish_copyright": false,
            "date_taken": "2011-07-06T17:42:45",
            "author": "",
            "_height": 257,
            "_width": 480,
            "must_always_publish_author_credit": false,
            "default_alt_text": "",
            "default_caption": ""
        }
    },
    {
        "pk": 5,
        "model": "filer.image",
        "fields": {
            "subject_location": "189,101",
            "must_always_publish_copyright": false,
            "date_taken": "2011-07-06T17:42:46",
            "author": "",
            "_height": 585,
            "_width": 410,
            "must_always_publish_author_credit": false,
            "default_alt_text": "",
            "default_caption": ""
        }
    },
    {
        "pk": 6,
        "model": "filer.image",
        "fields": {
            "subject_location": "215,161",
            "must_always_publish_copyright": false,
            "date_taken": "2011-07-06T19:43:13",
            "author": "",
            "_height": 300,
            "_width": 440,
            "must_always_publish_author_credit": false,
            "default_alt_text": "",
            "default_caption": ""
        }
    },
    {
        "pk": 7,
        "model": "filer.image",
        "fields": {
            "subject_location": "",
            "must_always_publish_copyright": false,
            "date_taken": "2011-07-06T21:42:13",
            "author": "",
            "_height": 282,
            "_width": 425,
            "must_always_publish_author_credit": false,
            "default_alt_text": "",
            "default_caption": ""
        }
    },
    {
        "pk": 8,
        "model": "filer.image",
        "fields": {
            "subject_location": "161,98",
            "must_always_publish_copyright": false,
            "date_taken": "2011-07-14T23:08:41",
            "author": "",
            "_height": 424,
            "_width": 324,
            "must_always_publish_author_credit": false,
            "default_alt_text": "",
            "default_caption": ""
        }
    },
    {
        "pk": 9,
        "model": "filer.image",
        "fields": {
            "subject_location": "457,409",
            "must_always_publish_copyright": false,
            "date_taken": "2011-07-28T13:46:36",
            "author": "",
            "_height": 858,
            "_width": 1000,
            "must_always_publish_author_credit": false,
            "default_alt_text": "",
            "default_caption": ""
        }
    },
    {
        "pk": 10,
        "model": "filer.image",
        "fields": {
            "subject_location": "",
            "must_always_publish_copyright": false,
            "date_taken": "2011-07-28T23:39:31",
            "author": "",
            "_height": 43,
            "_width": 95,
            "must_always_publish_author_credit": false,
            "default_alt_text": "",
            "default_caption": ""
        }
    },
    {
        "pk": 11,
        "model": "filer.image",
        "fields": {
            "subject_location": "",
            "must_always_publish_copyright": false,
            "date_taken": "2011-07-28T23:39:32",
            "author": "",
            "_height": 95,
            "_width": 43,
            "must_always_publish_author_credit": false,
            "default_alt_text": "",
            "default_caption": ""
        }
    },
    {
        "pk": 12,
        "model": "filer.image",
        "fields": {
            "subject_location": "",
            "must_always_publish_copyright": false,
            "date_taken": "2011-07-28T23:39:33",
            "author": "",
            "_height": 95,
            "_width": 43,
            "must_always_publish_author_credit": false,
            "default_alt_text": "",
            "default_caption": ""
        }
    },
    {
        "pk": 13,
        "model": "filer.image",
        "fields": {
            "subject_location": "",
            "must_always_publish_copyright": false,
            "date_taken": "2011-07-28T23:39:33",
            "author": "",
            "_height": 43,
            "_width": 95,
            "must_always_publish_author_credit": false,
            "default_alt_text": "",
            "default_caption": ""
        }
    },
    {
        "pk": 14,
        "model": "filer.image",
        "fields": {
            "subject_location": "",
            "must_always_publish_copyright": false,
            "date_taken": "2011-07-29T00:10:00",
            "author": "",
            "_height": 450,
            "_width": 800,
            "must_always_publish_author_credit": false,
            "default_alt_text": "",
            "default_caption": ""
        }
    },
    {
        "pk": 1,
        "model": "filer.clipboard",
        "fields": {
            "user": [
                "arkestra"
            ]
        }
    },
    {
        "pk": 1,
        "model": "filer.file",
        "fields": {
            "sha1": "28e5b40dbd9e3d01d4cef5bcd4850a721af27611",
            "original_filename": "0020n040.jpg",
            "name": "Cutaway body",
            "description": "Latest research at the Institute has revealed the body's secrets",
            "modified_at": "2011-06-30T21:28:00",
            "_file_size": 47641,
            "uploaded_at": "2011-06-30T21:24:02",
            "file": "2011/06/30/0020n040.jpg",
            "owner": [
                "arkestra"
            ],
            "is_public": true,
            "folder": 1,
            "has_all_mandatory_data": true,
            "polymorphic_ctype": [
                "filer",
                "image"
            ]
        }
    },
    {
        "pk": 2,
        "model": "filer.file",
        "fields": {
            "sha1": "a47d7ef24edeb3a4e510294824fff4125c206e07",
            "original_filename": "07.jpg",
            "name": "Ernie Brooks",
            "description": "",
            "modified_at": "2011-07-06T17:43:04",
            "_file_size": 188780,
            "uploaded_at": "2011-07-06T17:42:41",
            "file": "2011/07/06/07.jpg",
            "owner": [
                "arkestra"
            ],
            "is_public": true,
            "folder": 2,
            "has_all_mandatory_data": true,
            "polymorphic_ctype": [
                "filer",
                "image"
            ]
        }
    },
    {
        "pk": 3,
        "model": "filer.file",
        "fields": {
            "sha1": "6d776c4712df08efa6aff9a3dd138ff1091afeb8",
            "original_filename": "335.jpg",
            "name": "Sterling Morrison",
            "description": "",
            "modified_at": "2011-07-06T17:43:19",
            "_file_size": 165741,
            "uploaded_at": "2011-07-06T17:42:44",
            "file": "2011/07/06/335.jpg",
            "owner": [
                "arkestra"
            ],
            "is_public": true,
            "folder": 2,
            "has_all_mandatory_data": true,
            "polymorphic_ctype": [
                "filer",
                "image"
            ]
        }
    },
    {
        "pk": 4,
        "model": "filer.file",
        "fields": {
            "sha1": "01f77e67705a14f27d365ce70799d1332415ce6f",
            "original_filename": "JohnCale.jpg",
            "name": "John Cale",
            "description": "",
            "modified_at": "2011-07-06T17:43:29",
            "_file_size": 82031,
            "uploaded_at": "2011-07-06T17:42:45",
            "file": "2011/07/06/johncale.jpg",
            "owner": [
                "arkestra"
            ],
            "is_public": true,
            "folder": 2,
            "has_all_mandatory_data": true,
            "polymorphic_ctype": [
                "filer",
                "image"
            ]
        }
    },
    {
        "pk": 5,
        "model": "filer.file",
        "fields": {
            "sha1": "f8b848f89ec5bcc6801002950d079e50d40ba59e",
            "original_filename": "jonathan-richman-101.jpg",
            "name": "Jonathan Richman",
            "description": "",
            "modified_at": "2011-07-06T17:43:44",
            "_file_size": 37264,
            "uploaded_at": "2011-07-06T17:42:46",
            "file": "2011/07/06/jonathan-richman-101.jpg",
            "owner": [
                "arkestra"
            ],
            "is_public": true,
            "folder": 2,
            "has_all_mandatory_data": true,
            "polymorphic_ctype": [
                "filer",
                "image"
            ]
        }
    },
    {
        "pk": 6,
        "model": "filer.file",
        "fields": {
            "sha1": "c6d77989d15419c20723ca1a94c13175fd28c9ce",
            "original_filename": "84_evil-eye.gif",
            "name": "Evil eye",
            "description": "",
            "modified_at": "2011-07-06T19:43:32",
            "_file_size": 24297,
            "uploaded_at": "2011-07-06T19:43:13",
            "file": "2011/07/06/84_evil-eye.gif",
            "owner": [
                "arkestra"
            ],
            "is_public": true,
            "folder": 1,
            "has_all_mandatory_data": true,
            "polymorphic_ctype": [
                "filer",
                "image"
            ]
        }
    },
    {
        "pk": 7,
        "model": "filer.file",
        "fields": {
            "sha1": "70675d59be8930fbf0e9d26c884f21980686518a",
            "original_filename": "tooth.jpg",
            "name": "Tooth pulling",
            "description": "",
            "modified_at": "2011-07-06T21:42:30",
            "_file_size": 199037,
            "uploaded_at": "2011-07-06T21:42:13",
            "file": "2011/07/06/tooth.jpg",
            "owner": [
                "arkestra"
            ],
            "is_public": true,
            "folder": 1,
            "has_all_mandatory_data": true,
            "polymorphic_ctype": [
                "filer",
                "image"
            ]
        }
    },
    {
        "pk": 8,
        "model": "filer.file",
        "fields": {
            "sha1": "5902ae1c382964b4485a698f921fd9be35cb590a",
            "original_filename": "Haddock.JPG",
            "name": "Captain Haddock",
            "description": "",
            "modified_at": "2011-07-14T23:08:53",
            "_file_size": 16411,
            "uploaded_at": "2011-07-14T23:08:41",
            "file": "2011/07/14/haddock.jpg",
            "owner": [
                "arkestra"
            ],
            "is_public": true,
            "folder": 3,
            "has_all_mandatory_data": true,
            "polymorphic_ctype": [
                "filer",
                "image"
            ]
        }
    },
    {
        "pk": 9,
        "model": "filer.file",
        "fields": {
            "sha1": "e6fdf2332db6cc8c6496b3c35ec7f25aa3077217",
            "original_filename": "110.jpg",
            "name": "Shane MacGowan",
            "description": "",
            "modified_at": "2011-07-28T15:38:24",
            "_file_size": 352020,
            "uploaded_at": "2011-07-28T13:46:36",
            "file": "2011/07/28/15644525.jpg",
            "owner": [
                "arkestra"
            ],
            "is_public": true,
            "folder": 1,
            "has_all_mandatory_data": true,
            "polymorphic_ctype": [
                "filer",
                "image"
            ]
        }
    },
    {
        "pk": 10,
        "model": "filer.file",
        "fields": {
            "sha1": "a852f38f985ee098f9aba2dae274e623e90317dd",
            "original_filename": "arrow-down.png",
            "name": "Arrow down",
            "description": "",
            "modified_at": "2011-07-28T23:54:57",
            "_file_size": 1038,
            "uploaded_at": "2011-07-28T23:39:31",
            "file": "2011/07/28/arrow-down_1.png",
            "owner": [
                "arkestra"
            ],
            "is_public": true,
            "folder": 1,
            "has_all_mandatory_data": true,
            "polymorphic_ctype": [
                "filer",
                "image"
            ]
        }
    },
    {
        "pk": 11,
        "model": "filer.file",
        "fields": {
            "sha1": "d4b530a3cfb9f223d934ad79f54f77834cd85863",
            "original_filename": "arrow-left.png",
            "name": "Arrow left",
            "description": "",
            "modified_at": "2011-07-28T23:55:37",
            "_file_size": 1259,
            "uploaded_at": "2011-07-28T23:39:32",
            "file": "2011/07/28/arrow-left_1.png",
            "owner": [
                "arkestra"
            ],
            "is_public": true,
            "folder": 1,
            "has_all_mandatory_data": true,
            "polymorphic_ctype": [
                "filer",
                "image"
            ]
        }
    },
    {
        "pk": 12,
        "model": "filer.file",
        "fields": {
            "sha1": "817fc1fe1ff40ce4119912c30a31462f979e9ec6",
            "original_filename": "arrow-right.png",
            "name": "Arrow right",
            "description": "",
            "modified_at": "2011-07-28T23:55:48",
            "_file_size": 1195,
            "uploaded_at": "2011-07-28T23:39:33",
            "file": "2011/07/28/arrow-right_1.png",
            "owner": [
                "arkestra"
            ],
            "is_public": true,
            "folder": 1,
            "has_all_mandatory_data": true,
            "polymorphic_ctype": [
                "filer",
                "image"
            ]
        }
    },
    {
        "pk": 13,
        "model": "filer.file",
        "fields": {
            "sha1": "875f211695c0a988a27de9589420f90c17de6d86",
            "original_filename": "arrow-up.png",
            "name": "Arrow up",
            "description": "",
            "modified_at": "2011-07-28T23:55:58",
            "_file_size": 1019,
            "uploaded_at": "2011-07-28T23:39:33",
            "file": "2011/07/28/arrow-up_1.png",
            "owner": [
                "arkestra"
            ],
            "is_public": true,
            "folder": 1,
            "has_all_mandatory_data": true,
            "polymorphic_ctype": [
                "filer",
                "image"
            ]
        }
    },
    {
        "pk": 14,
        "model": "filer.file",
        "fields": {
            "sha1": "e6b801b13e94fd559524d0b42f5f78f460c45ac2",
            "original_filename": "normal_Carl_Perkins.jpg",
            "name": "Carl Perkins",
            "description": "",
            "modified_at": "2011-07-29T00:10:11",
            "_file_size": 59630,
            "uploaded_at": "2011-07-29T00:10:00",
            "file": "2011/07/29/normal_carl_perkins.jpg",
            "owner": [
                "arkestra"
            ],
            "is_public": true,
            "folder": 3,
            "has_all_mandatory_data": true,
            "polymorphic_ctype": [
                "filer",
                "image"
            ]
        }
    },
    {
        "pk": 2,
        "model": "filer.folder",
        "fields": {
            "rght": 2,
            "uploaded_at": "2011-07-06T17:42:24",
            "name": "Institute staff",
            "parent": null,
            "level": 0,
            "created_at": "2011-07-06T17:42:24",
            "modified_at": "2011-07-06T17:42:24",
            "lft": 1,
            "tree_id": 2,
            "owner": [
                "arkestra"
            ]
        }
    },
    {
        "pk": 3,
        "model": "filer.folder",
        "fields": {
            "rght": 2,
            "uploaded_at": "2011-07-14T23:08:23",
            "name": "Other institutions",
            "parent": null,
            "level": 0,
            "created_at": "2011-07-14T23:08:23",
            "modified_at": "2011-07-14T23:08:23",
            "lft": 1,
            "tree_id": 3,
            "owner": [
                "arkestra"
            ]
        }
    },
    {
        "pk": 1,
        "model": "filer.folder",
        "fields": {
            "rght": 2,
            "uploaded_at": "2011-06-30T21:24:23",
            "name": "Site images",
            "parent": null,
            "level": 0,
            "created_at": "2011-06-30T21:24:23",
            "modified_at": "2011-06-30T21:24:23",
            "lft": 1,
            "tree_id": 1,
            "owner": [
                "arkestra"
            ]
        }
    },
    {
        "pk": 10,
        "model": "contacts_and_people.person",
        "fields": {
            "building": null,
            "data_feed_locked": false,
            "staff_id": "",
            "description": 33,
            "access_note": "",
            "precise_location": "Room 2.34",
            "url": "",
            "override_entity": null,
            "image": 2,
            "institutional_username": "",
            "slug": "ernie-brooks",
            "user": null,
            "active": true,
            "please_contact": 3,
            "email": "ernie-brooks@example.com",
            "external_url": null
        }
    },
    {
        "pk": 3,
        "model": "contacts_and_people.person",
        "fields": {
            "building": null,
            "data_feed_locked": false,
            "staff_id": "",
            "description": 21,
            "access_note": "",
            "precise_location": "",
            "url": "",
            "override_entity": null,
            "image": 4,
            "institutional_username": "",
            "slug": "john-cale",
            "user": null,
            "active": true,
            "please_contact": null,
            "email": "",
            "external_url": 1
        }
    },
    {
        "pk": 14,
        "model": "contacts_and_people.person",
        "fields": {
            "building": null,
            "data_feed_locked": false,
            "staff_id": "",
            "description": 38,
            "access_note": "",
            "precise_location": "",
            "url": "",
            "override_entity": null,
            "image": null,
            "institutional_username": "",
            "slug": "elliott-easton",
            "user": null,
            "active": true,
            "please_contact": null,
            "email": "",
            "external_url": null
        }
    },
    {
        "pk": 8,
        "model": "contacts_and_people.person",
        "fields": {
            "building": null,
            "data_feed_locked": false,
            "staff_id": "",
            "description": 26,
            "access_note": "",
            "precise_location": "",
            "url": "",
            "override_entity": null,
            "image": null,
            "institutional_username": "",
            "slug": "jerry-harrison",
            "user": null,
            "active": true,
            "please_contact": null,
            "email": "",
            "external_url": null
        }
    },
    {
        "pk": 13,
        "model": "contacts_and_people.person",
        "fields": {
            "building": null,
            "data_feed_locked": false,
            "staff_id": "",
            "description": 36,
            "access_note": "",
            "precise_location": "",
            "url": "",
            "override_entity": null,
            "image": null,
            "institutional_username": "",
            "slug": "greg-hawkes",
            "user": null,
            "active": true,
            "please_contact": null,
            "email": "",
            "external_url": null
        }
    },
    {
        "pk": 6,
        "model": "contacts_and_people.person",
        "fields": {
            "building": null,
            "data_feed_locked": false,
            "staff_id": "",
            "description": 24,
            "access_note": "",
            "precise_location": "",
            "url": "",
            "override_entity": null,
            "image": null,
            "institutional_username": "",
            "slug": "sterling-morrison",
            "user": null,
            "active": true,
            "please_contact": null,
            "email": "",
            "external_url": null
        }
    },
    {
        "pk": 4,
        "model": "contacts_and_people.person",
        "fields": {
            "building": null,
            "data_feed_locked": false,
            "staff_id": "",
            "description": 22,
            "access_note": "",
            "precise_location": "",
            "url": "",
            "override_entity": null,
            "image": null,
            "institutional_username": "",
            "slug": "nico",
            "user": null,
            "active": true,
            "please_contact": null,
            "email": "",
            "external_url": null
        }
    },
    {
        "pk": 11,
        "model": "contacts_and_people.person",
        "fields": {
            "building": null,
            "data_feed_locked": false,
            "staff_id": "",
            "description": 34,
            "access_note": "",
            "precise_location": "",
            "url": "",
            "override_entity": null,
            "image": null,
            "institutional_username": "",
            "slug": "rick-ocasek",
            "user": null,
            "active": true,
            "please_contact": null,
            "email": "",
            "external_url": null
        }
    },
    {
        "pk": 12,
        "model": "contacts_and_people.person",
        "fields": {
            "building": null,
            "data_feed_locked": false,
            "staff_id": "",
            "description": 35,
            "access_note": "",
            "precise_location": "",
            "url": "",
            "override_entity": null,
            "image": null,
            "institutional_username": "",
            "slug": "benjamin-orr",
            "user": null,
            "active": true,
            "please_contact": null,
            "email": "",
            "external_url": null
        }
    },
    {
        "pk": 2,
        "model": "contacts_and_people.person",
        "fields": {
            "building": null,
            "data_feed_locked": false,
            "staff_id": "",
            "description": 20,
            "access_note": "",
            "precise_location": "",
            "url": "",
            "override_entity": null,
            "image": null,
            "institutional_username": "",
            "slug": "lou-reed",
            "user": null,
            "active": true,
            "please_contact": null,
            "email": "",
            "external_url": null
        }
    },
    {
        "pk": 5,
        "model": "contacts_and_people.person",
        "fields": {
            "building": null,
            "data_feed_locked": false,
            "staff_id": "",
            "description": 23,
            "access_note": "",
            "precise_location": "",
            "url": "",
            "override_entity": null,
            "image": null,
            "institutional_username": "",
            "slug": "jonathan-richman",
            "user": null,
            "active": true,
            "please_contact": null,
            "email": "",
            "external_url": null
        }
    },
    {
        "pk": 9,
        "model": "contacts_and_people.person",
        "fields": {
            "building": null,
            "data_feed_locked": false,
            "staff_id": "",
            "description": 28,
            "access_note": "",
            "precise_location": "",
            "url": "",
            "override_entity": null,
            "image": null,
            "institutional_username": "",
            "slug": "david-robinson",
            "user": null,
            "active": true,
            "please_contact": null,
            "email": "",
            "external_url": null
        }
    },
    {
        "pk": 7,
        "model": "contacts_and_people.person",
        "fields": {
            "building": null,
            "data_feed_locked": false,
            "staff_id": "",
            "description": 25,
            "access_note": "",
            "precise_location": "",
            "url": "",
            "override_entity": null,
            "image": null,
            "institutional_username": "",
            "slug": "mo-tucker",
            "user": null,
            "active": true,
            "please_contact": null,
            "email": "",
            "external_url": null
        }
    }
]