[
    {
        "pk": 2, 
        "model": "filer.folder", 
        "fields": {
            "rght": 2, 
            "uploaded_at": "2011-07-06 17:42:24", 
            "name": "Institute staff", 
            "parent": null, 
            "level": 0, 
            "created_at": "2011-07-06 17:42:24", 
            "modified_at": "2011-07-06 17:42:24", 
            "lft": 1, 
            "tree_id": 2, 
            "owner": 1
        }
    }, 
    {
        "pk": 3, 
        "model": "filer.folder", 
        "fields": {
            "rght": 2, 
            "uploaded_at": "2011-07-14 23:08:23", 
            "name": "Other institutions", 
            "parent": null, 
            "level": 0, 
            "created_at": "2011-07-14 23:08:23", 
            "modified_at": "2011-07-14 23:08:23", 
            "lft": 1, 
            "tree_id": 3, 
            "owner": 1
        }
    }, 
    {
        "pk": 1, 
        "model": "filer.folder", 
        "fields": {
            "rght": 2, 
            "uploaded_at": "2011-06-30 21:24:23", 
            "name": "Site images", 
            "parent": null, 
            "level": 0, 
            "created_at": "2011-06-30 21:24:23", 
            "modified_at": "2011-06-30 21:24:23", 
            "lft": 1, 
            "tree_id": 1, 
            "owner": 1
        }
    }, 
    {
        "pk": 4, 
        "model": "filer.folder", 
        "fields": {
            "rght": 2, 
            "uploaded_at": "2011-09-20 14:30:05", 
            "name": "Video", 
            "parent": null, 
            "level": 0, 
            "created_at": "2011-09-20 14:30:05", 
            "modified_at": "2011-09-20 14:30:05", 
            "lft": 1, 
            "tree_id": 4, 
            "owner": 1
        }
    }, 
    {
        "pk": 1, 
        "model": "filer.file", 
        "fields": {
            "sha1": "28e5b40dbd9e3d01d4cef5bcd4850a721af27611", 
            "original_filename": "0020n040.jpg", 
            "name": "Cutaway body", 
            "description": "Latest research at the Institute has revealed the body's secrets", 
            "modified_at": "2011-06-30 21:28:00", 
            "_file_size": 47641, 
            "uploaded_at": "2011-06-30 21:24:02", 
            "file": "2011/06/30/0020n040.jpg", 
            "owner": 1, 
            "is_public": true, 
            "folder": 1, 
            "has_all_mandatory_data": true, 
            "polymorphic_ctype": 37
        }
    }, 
    {
        "pk": 2, 
        "model": "filer.file", 
        "fields": {
            "sha1": "a47d7ef24edeb3a4e510294824fff4125c206e07", 
            "original_filename": "07.jpg", 
            "name": "Ernie Brooks", 
            "description": "", 
            "modified_at": "2011-07-06 17:43:04", 
            "_file_size": 188780, 
            "uploaded_at": "2011-07-06 17:42:41", 
            "file": "2011/07/06/07.jpg", 
            "owner": 1, 
            "is_public": true, 
            "folder": 2, 
            "has_all_mandatory_data": true, 
            "polymorphic_ctype": 37
        }
    }, 
    {
        "pk": 3, 
        "model": "filer.file", 
        "fields": {
            "sha1": "6d776c4712df08efa6aff9a3dd138ff1091afeb8", 
            "original_filename": "335.jpg", 
            "name": "Sterling Morrison", 
            "description": "", 
            "modified_at": "2011-07-06 17:43:19", 
            "_file_size": 165741, 
            "uploaded_at": "2011-07-06 17:42:44", 
            "file": "2011/07/06/335.jpg", 
            "owner": 1, 
            "is_public": true, 
            "folder": 2, 
            "has_all_mandatory_data": true, 
            "polymorphic_ctype": 37
        }
    }, 
    {
        "pk": 4, 
        "model": "filer.file", 
        "fields": {
            "sha1": "01f77e67705a14f27d365ce70799d1332415ce6f", 
            "original_filename": "JohnCale.jpg", 
            "name": "John Cale", 
            "description": "", 
            "modified_at": "2011-07-06 17:43:29", 
            "_file_size": 82031, 
            "uploaded_at": "2011-07-06 17:42:45", 
            "file": "2011/07/06/johncale.jpg", 
            "owner": 1, 
            "is_public": true, 
            "folder": 2, 
            "has_all_mandatory_data": true, 
            "polymorphic_ctype": 37
        }
    }, 
    {
        "pk": 5, 
        "model": "filer.file", 
        "fields": {
            "sha1": "f8b848f89ec5bcc6801002950d079e50d40ba59e", 
            "original_filename": "jonathan-richman-101.jpg", 
            "name": "Jonathan Richman", 
            "description": "", 
            "modified_at": "2011-07-06 17:43:44", 
            "_file_size": 37264, 
            "uploaded_at": "2011-07-06 17:42:46", 
            "file": "2011/07/06/jonathan-richman-101.jpg", 
            "owner": 1, 
            "is_public": true, 
            "folder": 2, 
            "has_all_mandatory_data": true, 
            "polymorphic_ctype": 37
        }
    }, 
    {
        "pk": 6, 
        "model": "filer.file", 
        "fields": {
            "sha1": "c6d77989d15419c20723ca1a94c13175fd28c9ce", 
            "original_filename": "84_evil-eye.gif", 
            "name": "Evil eye", 
            "description": "", 
            "modified_at": "2011-07-06 19:43:32", 
            "_file_size": 24297, 
            "uploaded_at": "2011-07-06 19:43:13", 
            "file": "2011/07/06/84_evil-eye.gif", 
            "owner": 1, 
            "is_public": true, 
            "folder": 1, 
            "has_all_mandatory_data": true, 
            "polymorphic_ctype": 37
        }
    }, 
    {
        "pk": 7, 
        "model": "filer.file", 
        "fields": {
            "sha1": "70675d59be8930fbf0e9d26c884f21980686518a", 
            "original_filename": "tooth.jpg", 
            "name": "Tooth pulling", 
            "description": "", 
            "modified_at": "2011-07-06 21:42:30", 
            "_file_size": 199037, 
            "uploaded_at": "2011-07-06 21:42:13", 
            "file": "2011/07/06/tooth.jpg", 
            "owner": 1, 
            "is_public": true, 
            "folder": 1, 
            "has_all_mandatory_data": true, 
            "polymorphic_ctype": 37
        }
    }, 
    {
        "pk": 8, 
        "model": "filer.file", 
        "fields": {
            "sha1": "5902ae1c382964b4485a698f921fd9be35cb590a", 
            "original_filename": "Haddock.JPG", 
            "name": "Captain Haddock", 
            "description": "", 
            "modified_at": "2011-07-14 23:08:53", 
            "_file_size": 16411, 
            "uploaded_at": "2011-07-14 23:08:41", 
            "file": "2011/07/14/haddock.jpg", 
            "owner": 1, 
            "is_public": true, 
            "folder": 3, 
            "has_all_mandatory_data": true, 
            "polymorphic_ctype": 37
        }
    }, 
    {
        "pk": 9, 
        "model": "filer.file", 
        "fields": {
            "sha1": "e6fdf2332db6cc8c6496b3c35ec7f25aa3077217", 
            "original_filename": "110.jpg", 
            "name": "Shane MacGowan", 
            "description": "", 
            "modified_at": "2011-07-28 15:38:24", 
            "_file_size": 352020, 
            "uploaded_at": "2011-07-28 13:46:36", 
            "file": "2011/07/28/15644525.jpg", 
            "owner": 1, 
            "is_public": true, 
            "folder": 1, 
            "has_all_mandatory_data": true, 
            "polymorphic_ctype": 37
        }
    }, 
    {
        "pk": 10, 
        "model": "filer.file", 
        "fields": {
            "sha1": "a852f38f985ee098f9aba2dae274e623e90317dd", 
            "original_filename": "arrow-down.png", 
            "name": "Arrow down", 
            "description": "", 
            "modified_at": "2011-07-28 23:54:57", 
            "_file_size": 1038, 
            "uploaded_at": "2011-07-28 23:39:31", 
            "file": "2011/07/28/arrow-down_1.png", 
            "owner": 1, 
            "is_public": true, 
            "folder": 1, 
            "has_all_mandatory_data": true, 
            "polymorphic_ctype": 37
        }
    }, 
    {
        "pk": 11, 
        "model": "filer.file", 
        "fields": {
            "sha1": "d4b530a3cfb9f223d934ad79f54f77834cd85863", 
            "original_filename": "arrow-left.png", 
            "name": "Arrow left", 
            "description": "", 
            "modified_at": "2011-07-28 23:55:37", 
            "_file_size": 1259, 
            "uploaded_at": "2011-07-28 23:39:32", 
            "file": "2011/07/28/arrow-left_1.png", 
            "owner": 1, 
            "is_public": true, 
            "folder": 1, 
            "has_all_mandatory_data": true, 
            "polymorphic_ctype": 37
        }
    }, 
    {
        "pk": 12, 
        "model": "filer.file", 
        "fields": {
            "sha1": "817fc1fe1ff40ce4119912c30a31462f979e9ec6", 
            "original_filename": "arrow-right.png", 
            "name": "Arrow right", 
            "description": "", 
            "modified_at": "2011-07-28 23:55:48", 
            "_file_size": 1195, 
            "uploaded_at": "2011-07-28 23:39:33", 
            "file": "2011/07/28/arrow-right_1.png", 
            "owner": 1, 
            "is_public": true, 
            "folder": 1, 
            "has_all_mandatory_data": true, 
            "polymorphic_ctype": 37
        }
    }, 
    {
        "pk": 13, 
        "model": "filer.file", 
        "fields": {
            "sha1": "875f211695c0a988a27de9589420f90c17de6d86", 
            "original_filename": "arrow-up.png", 
            "name": "Arrow up", 
            "description": "", 
            "modified_at": "2011-07-28 23:55:58", 
            "_file_size": 1019, 
            "uploaded_at": "2011-07-28 23:39:33", 
            "file": "2011/07/28/arrow-up_1.png", 
            "owner": 1, 
            "is_public": true, 
            "folder": 1, 
            "has_all_mandatory_data": true, 
            "polymorphic_ctype": 37
        }
    }, 
    {
        "pk": 14, 
        "model": "filer.file", 
        "fields": {
            "sha1": "e6b801b13e94fd559524d0b42f5f78f460c45ac2", 
            "original_filename": "normal_Carl_Perkins.jpg", 
            "name": "Carl Perkins", 
            "description": "", 
            "modified_at": "2011-07-29 00:10:11", 
            "_file_size": 59630, 
            "uploaded_at": "2011-07-29 00:10:00", 
            "file": "2011/07/29/normal_carl_perkins.jpg", 
            "owner": 1, 
            "is_public": true, 
            "folder": 3, 
            "has_all_mandatory_data": true, 
            "polymorphic_ctype": 37
        }
    }, 
    {
        "pk": 19, 
        "model": "filer.file", 
        "fields": {
            "sha1": "0cf34ce49b3795117b98d8aded90ce8cd4534029", 
            "original_filename": "video.dv", 
            "name": null, 
            "description": null, 
            "modified_at": "2011-09-20 16:25:18", 
            "_file_size": 20576, 
            "uploaded_at": "2011-09-20 16:03:14", 
            "file": "2011/09/20/video.dv", 
            "owner": 1, 
            "is_public": true, 
            "folder": 4, 
            "has_all_mandatory_data": false, 
            "polymorphic_ctype": 69
        }
    }, 
    {
        "pk": 20, 
        "model": "filer.file", 
        "fields": {
            "sha1": "0cf34ce49b3795117b98d8aded90ce8cd4534029", 
            "original_filename": "video.dv", 
            "name": null, 
            "description": null, 
            "modified_at": "2011-09-20 16:25:18", 
            "_file_size": 20576, 
            "uploaded_at": "2011-09-20 16:11:15", 
            "file": "2011/09/20/video_1.dv", 
            "owner": 1, 
            "is_public": true, 
            "folder": 4, 
            "has_all_mandatory_data": false, 
            "polymorphic_ctype": 69
        }
    }, 
    {
        "pk": 21, 
        "model": "filer.file", 
        "fields": {
            "sha1": "0cf34ce49b3795117b98d8aded90ce8cd4534029", 
            "original_filename": "video.dv", 
            "name": null, 
            "description": null, 
            "modified_at": "2011-09-20 16:25:18", 
            "_file_size": 20576, 
            "uploaded_at": "2011-09-20 16:11:35", 
            "file": "2011/09/20/video_2.dv", 
            "owner": 1, 
            "is_public": true, 
            "folder": 4, 
            "has_all_mandatory_data": false, 
            "polymorphic_ctype": 69
        }
    }, 
    {
        "pk": 22, 
        "model": "filer.file", 
        "fields": {
            "sha1": "0cf34ce49b3795117b98d8aded90ce8cd4534029", 
            "original_filename": "video.dv", 
            "name": null, 
            "description": null, 
            "modified_at": "2011-09-20 16:25:18", 
            "_file_size": 20576, 
            "uploaded_at": "2011-09-20 16:13:13", 
            "file": "2011/09/20/video_3.dv", 
            "owner": 1, 
            "is_public": true, 
            "folder": 4, 
            "has_all_mandatory_data": false, 
            "polymorphic_ctype": 69
        }
    }, 
    {
        "pk": 23, 
        "model": "filer.file", 
        "fields": {
            "sha1": "0cf34ce49b3795117b98d8aded90ce8cd4534029", 
            "original_filename": "video.dv", 
            "name": null, 
            "description": null, 
            "modified_at": "2011-09-20 16:25:18", 
            "_file_size": 20576, 
            "uploaded_at": "2011-09-20 16:14:00", 
            "file": "2011/09/20/video_4.dv", 
            "owner": 1, 
            "is_public": true, 
            "folder": 4, 
            "has_all_mandatory_data": false, 
            "polymorphic_ctype": 69
        }
    }, 
    {
        "pk": 24, 
        "model": "filer.file", 
        "fields": {
            "sha1": "0cf34ce49b3795117b98d8aded90ce8cd4534029", 
            "original_filename": "video.dv", 
            "name": null, 
            "description": null, 
            "modified_at": "2011-09-20 16:25:18", 
            "_file_size": 20576, 
            "uploaded_at": "2011-09-20 16:14:24", 
            "file": "2011/09/20/video_5.dv", 
            "owner": 1, 
            "is_public": true, 
            "folder": 4, 
            "has_all_mandatory_data": false, 
            "polymorphic_ctype": 69
        }
    }, 
    {
        "pk": 25, 
        "model": "filer.file", 
        "fields": {
            "sha1": "0cf34ce49b3795117b98d8aded90ce8cd4534029", 
            "original_filename": "video.dv", 
            "name": null, 
            "description": null, 
            "modified_at": "2011-09-20 16:25:18", 
            "_file_size": 20576, 
            "uploaded_at": "2011-09-20 16:14:48", 
            "file": "2011/09/20/video_6.dv", 
            "owner": 1, 
            "is_public": true, 
            "folder": 4, 
            "has_all_mandatory_data": false, 
            "polymorphic_ctype": 69
        }
    }, 
    {
        "pk": 26, 
        "model": "filer.file", 
        "fields": {
            "sha1": "0cf34ce49b3795117b98d8aded90ce8cd4534029", 
            "original_filename": "video.dv", 
            "name": null, 
            "description": null, 
            "modified_at": "2011-09-20 16:25:18", 
            "_file_size": 20576, 
            "uploaded_at": "2011-09-20 16:15:56", 
            "file": "2011/09/20/video_7.dv", 
            "owner": 1, 
            "is_public": true, 
            "folder": 4, 
            "has_all_mandatory_data": false, 
            "polymorphic_ctype": 69
        }
    }, 
    {
        "pk": 27, 
        "model": "filer.file", 
        "fields": {
            "sha1": "0cf34ce49b3795117b98d8aded90ce8cd4534029", 
            "original_filename": "video.dv", 
            "name": null, 
            "description": null, 
            "modified_at": "2011-09-20 16:25:18", 
            "_file_size": 20576, 
            "uploaded_at": "2011-09-20 16:16:17", 
            "file": "2011/09/20/video_8.dv", 
            "owner": 1, 
            "is_public": true, 
            "folder": 4, 
            "has_all_mandatory_data": false, 
            "polymorphic_ctype": 69
        }
    }, 
    {
        "pk": 28, 
        "model": "filer.file", 
        "fields": {
            "sha1": "0cf34ce49b3795117b98d8aded90ce8cd4534029", 
            "original_filename": "video.dv", 
            "name": null, 
            "description": null, 
            "modified_at": "2011-09-20 16:25:18", 
            "_file_size": 20576, 
            "uploaded_at": "2011-09-20 16:17:19", 
            "file": "2011/09/20/video_9.dv", 
            "owner": 1, 
            "is_public": true, 
            "folder": 4, 
            "has_all_mandatory_data": false, 
            "polymorphic_ctype": 69
        }
    }, 
    {
        "pk": 29, 
        "model": "filer.file", 
        "fields": {
            "sha1": "0cf34ce49b3795117b98d8aded90ce8cd4534029", 
            "original_filename": "video.dv", 
            "name": null, 
            "description": null, 
            "modified_at": "2011-09-20 16:25:18", 
            "_file_size": 20576, 
            "uploaded_at": "2011-09-20 16:17:36", 
            "file": "2011/09/20/video_10.dv", 
            "owner": 1, 
            "is_public": true, 
            "folder": 4, 
            "has_all_mandatory_data": false, 
            "polymorphic_ctype": 69
        }
    }, 
    {
        "pk": 30, 
        "model": "filer.file", 
        "fields": {
            "sha1": "0cf34ce49b3795117b98d8aded90ce8cd4534029", 
            "original_filename": "video.dv", 
            "name": null, 
            "description": null, 
            "modified_at": "2011-09-20 16:25:18", 
            "_file_size": 20576, 
            "uploaded_at": "2011-09-20 16:25:10", 
            "file": "2011/09/20/video_11.dv", 
            "owner": 1, 
            "is_public": true, 
            "folder": 4, 
            "has_all_mandatory_data": false, 
            "polymorphic_ctype": 69
        }
    }, 
    {
        "pk": 31, 
        "model": "filer.file", 
        "fields": {
            "sha1": "0cf34ce49b3795117b98d8aded90ce8cd4534029", 
            "original_filename": "video.dv", 
            "name": null, 
            "description": null, 
            "modified_at": "2011-09-20 16:25:28", 
            "_file_size": 20576, 
            "uploaded_at": "2011-09-20 16:25:25", 
            "file": "2011/09/20/video_12.dv", 
            "owner": 1, 
            "is_public": true, 
            "folder": 4, 
            "has_all_mandatory_data": false, 
            "polymorphic_ctype": 69
        }
    }, 
    {
        "pk": 32, 
        "model": "filer.file", 
        "fields": {
            "sha1": "0cf34ce49b3795117b98d8aded90ce8cd4534029", 
            "original_filename": "video.dv", 
            "name": null, 
            "description": null, 
            "modified_at": "2011-09-20 16:26:00", 
            "_file_size": 20576, 
            "uploaded_at": "2011-09-20 16:25:58", 
            "file": "2011/09/20/video_13.dv", 
            "owner": 1, 
            "is_public": true, 
            "folder": 4, 
            "has_all_mandatory_data": false, 
            "polymorphic_ctype": 69
        }
    }, 
    {
        "pk": 33, 
        "model": "filer.file", 
        "fields": {
            "sha1": "0cf34ce49b3795117b98d8aded90ce8cd4534029", 
            "original_filename": "video.dv", 
            "name": null, 
            "description": null, 
            "modified_at": "2011-09-20 16:28:32", 
            "_file_size": 20576, 
            "uploaded_at": "2011-09-20 16:27:20", 
            "file": "2011/09/20/video_14.dv", 
            "owner": 1, 
            "is_public": true, 
            "folder": 4, 
            "has_all_mandatory_data": false, 
            "polymorphic_ctype": 69
        }
    }, 
    {
        "pk": 34, 
        "model": "filer.file", 
        "fields": {
            "sha1": "0cf34ce49b3795117b98d8aded90ce8cd4534029", 
            "original_filename": "video.dv", 
            "name": null, 
            "description": null, 
            "modified_at": "2011-09-20 17:02:02", 
            "_file_size": 20576, 
            "uploaded_at": "2011-09-20 16:29:25", 
            "file": "2011/09/20/video_15.dv", 
            "owner": 1, 
            "is_public": true, 
            "folder": 4, 
            "has_all_mandatory_data": false, 
            "polymorphic_ctype": 69
        }
    }, 
    {
        "pk": 35, 
        "model": "filer.file", 
        "fields": {
            "sha1": "0cf34ce49b3795117b98d8aded90ce8cd4534029", 
            "original_filename": "newvideo.dv", 
            "name": null, 
            "description": null, 
            "modified_at": "2011-09-20 17:06:04", 
            "_file_size": 20576, 
            "uploaded_at": "2011-09-20 17:06:01", 
            "file": "2011/09/20/newvideo.dv", 
            "owner": 1, 
            "is_public": true, 
            "folder": 4, 
            "has_all_mandatory_data": false, 
            "polymorphic_ctype": 69
        }
    }, 
    {
        "pk": 1, 
        "model": "filer.clipboard", 
        "fields": {
            "user": 1
        }
    }, 
    {
        "pk": 1, 
        "model": "filer.clipboarditem", 
        "fields": {
            "clipboard": 1, 
            "file": 35
        }
    }, 
    {
        "pk": 1, 
        "model": "filer.image", 
        "fields": {
            "subject_location": "178,292", 
            "must_always_publish_copyright": false, 
            "date_taken": "2011-06-30 21:24:02", 
            "author": "", 
            "_height": 500, 
            "_width": 382, 
            "must_always_publish_author_credit": false, 
            "default_alt_text": "", 
            "default_caption": ""
        }
    }, 
    {
        "pk": 2, 
        "model": "filer.image", 
        "fields": {
            "subject_location": "257,117", 
            "must_always_publish_copyright": false, 
            "date_taken": "2011-07-06 17:42:41", 
            "author": "", 
            "_height": 385, 
            "_width": 685, 
            "must_always_publish_author_credit": false, 
            "default_alt_text": "", 
            "default_caption": ""
        }
    }, 
    {
        "pk": 3, 
        "model": "filer.image", 
        "fields": {
            "subject_location": "249,172", 
            "must_always_publish_copyright": false, 
            "date_taken": "2011-07-06 17:42:44", 
            "author": "", 
            "_height": 709, 
            "_width": 476, 
            "must_always_publish_author_credit": false, 
            "default_alt_text": "", 
            "default_caption": ""
        }
    }, 
    {
        "pk": 4, 
        "model": "filer.image", 
        "fields": {
            "subject_location": "233,86", 
            "must_always_publish_copyright": false, 
            "date_taken": "2011-07-06 17:42:45", 
            "author": "", 
            "_height": 257, 
            "_width": 480, 
            "must_always_publish_author_credit": false, 
            "default_alt_text": "", 
            "default_caption": ""
        }
    }, 
    {
        "pk": 5, 
        "model": "filer.image", 
        "fields": {
            "subject_location": "189,101", 
            "must_always_publish_copyright": false, 
            "date_taken": "2011-07-06 17:42:46", 
            "author": "", 
            "_height": 585, 
            "_width": 410, 
            "must_always_publish_author_credit": false, 
            "default_alt_text": "", 
            "default_caption": ""
        }
    }, 
    {
        "pk": 6, 
        "model": "filer.image", 
        "fields": {
            "subject_location": "215,161", 
            "must_always_publish_copyright": false, 
            "date_taken": "2011-07-06 19:43:13", 
            "author": "", 
            "_height": 300, 
            "_width": 440, 
            "must_always_publish_author_credit": false, 
            "default_alt_text": "", 
            "default_caption": ""
        }
    }, 
    {
        "pk": 7, 
        "model": "filer.image", 
        "fields": {
            "subject_location": "", 
            "must_always_publish_copyright": false, 
            "date_taken": "2011-07-06 21:42:13", 
            "author": "", 
            "_height": 282, 
            "_width": 425, 
            "must_always_publish_author_credit": false, 
            "default_alt_text": "", 
            "default_caption": ""
        }
    }, 
    {
        "pk": 8, 
        "model": "filer.image", 
        "fields": {
            "subject_location": "161,98", 
            "must_always_publish_copyright": false, 
            "date_taken": "2011-07-14 23:08:41", 
            "author": "", 
            "_height": 424, 
            "_width": 324, 
            "must_always_publish_author_credit": false, 
            "default_alt_text": "", 
            "default_caption": ""
        }
    }, 
    {
        "pk": 9, 
        "model": "filer.image", 
        "fields": {
            "subject_location": "457,409", 
            "must_always_publish_copyright": false, 
            "date_taken": "2011-07-28 13:46:36", 
            "author": "", 
            "_height": 858, 
            "_width": 1000, 
            "must_always_publish_author_credit": false, 
            "default_alt_text": "", 
            "default_caption": ""
        }
    }, 
    {
        "pk": 10, 
        "model": "filer.image", 
        "fields": {
            "subject_location": "", 
            "must_always_publish_copyright": false, 
            "date_taken": "2011-07-28 23:39:31", 
            "author": "", 
            "_height": 43, 
            "_width": 95, 
            "must_always_publish_author_credit": false, 
            "default_alt_text": "", 
            "default_caption": ""
        }
    }, 
    {
        "pk": 11, 
        "model": "filer.image", 
        "fields": {
            "subject_location": "", 
            "must_always_publish_copyright": false, 
            "date_taken": "2011-07-28 23:39:32", 
            "author": "", 
            "_height": 95, 
            "_width": 43, 
            "must_always_publish_author_credit": false, 
            "default_alt_text": "", 
            "default_caption": ""
        }
    }, 
    {
        "pk": 12, 
        "model": "filer.image", 
        "fields": {
            "subject_location": "", 
            "must_always_publish_copyright": false, 
            "date_taken": "2011-07-28 23:39:33", 
            "author": "", 
            "_height": 95, 
            "_width": 43, 
            "must_always_publish_author_credit": false, 
            "default_alt_text": "", 
            "default_caption": ""
        }
    }, 
    {
        "pk": 13, 
        "model": "filer.image", 
        "fields": {
            "subject_location": "", 
            "must_always_publish_copyright": false, 
            "date_taken": "2011-07-28 23:39:33", 
            "author": "", 
            "_height": 43, 
            "_width": 95, 
            "must_always_publish_author_credit": false, 
            "default_alt_text": "", 
            "default_caption": ""
        }
    }, 
    {
        "pk": 14, 
        "model": "filer.image", 
        "fields": {
            "subject_location": "", 
            "must_always_publish_copyright": false, 
            "date_taken": "2011-07-29 00:10:00", 
            "author": "", 
            "_height": 450, 
            "_width": 800, 
            "must_always_publish_author_credit": false, 
            "default_alt_text": "", 
            "default_caption": ""
        }
    }, 
    {
        "pk": 19, 
        "model": "filer.video", 
        "fields": {
            "encode_on_save": false, 
            "delete_encoded_videos_on_save": false, 
            "status": "(d."
        }
    }, 
    {
        "pk": 20, 
        "model": "filer.video", 
        "fields": {
            "encode_on_save": false, 
            "delete_encoded_videos_on_save": false, 
            "status": "(d."
        }
    }, 
    {
        "pk": 21, 
        "model": "filer.video", 
        "fields": {
            "encode_on_save": false, 
            "delete_encoded_videos_on_save": false, 
            "status": "(d."
        }
    }, 
    {
        "pk": 22, 
        "model": "filer.video", 
        "fields": {
            "encode_on_save": false, 
            "delete_encoded_videos_on_save": false, 
            "status": "(d."
        }
    }, 
    {
        "pk": 23, 
        "model": "filer.video", 
        "fields": {
            "encode_on_save": false, 
            "delete_encoded_videos_on_save": false, 
            "status": "(d."
        }
    }, 
    {
        "pk": 24, 
        "model": "filer.video", 
        "fields": {
            "encode_on_save": false, 
            "delete_encoded_videos_on_save": false, 
            "status": "(d."
        }
    }, 
    {
        "pk": 25, 
        "model": "filer.video", 
        "fields": {
            "encode_on_save": false, 
            "delete_encoded_videos_on_save": false, 
            "status": "(d."
        }
    }, 
    {
        "pk": 26, 
        "model": "filer.video", 
        "fields": {
            "encode_on_save": false, 
            "delete_encoded_videos_on_save": false, 
            "status": "(d."
        }
    }, 
    {
        "pk": 27, 
        "model": "filer.video", 
        "fields": {
            "encode_on_save": false, 
            "delete_encoded_videos_on_save": false, 
            "status": "(d."
        }
    }, 
    {
        "pk": 28, 
        "model": "filer.video", 
        "fields": {
            "encode_on_save": false, 
            "delete_encoded_videos_on_save": false, 
            "status": "(d."
        }
    }, 
    {
        "pk": 29, 
        "model": "filer.video", 
        "fields": {
            "encode_on_save": false, 
            "delete_encoded_videos_on_save": false, 
            "status": "(d."
        }
    }, 
    {
        "pk": 30, 
        "model": "filer.video", 
        "fields": {
            "encode_on_save": false, 
            "delete_encoded_videos_on_save": false, 
            "status": "(d."
        }
    }, 
    {
        "pk": 31, 
        "model": "filer.video", 
        "fields": {
            "encode_on_save": false, 
            "delete_encoded_videos_on_save": false, 
            "status": "(d."
        }
    }, 
    {
        "pk": 32, 
        "model": "filer.video", 
        "fields": {
            "encode_on_save": false, 
            "delete_encoded_videos_on_save": false, 
            "status": "(d."
        }
    }, 
    {
        "pk": 33, 
        "model": "filer.video", 
        "fields": {
            "encode_on_save": false, 
            "delete_encoded_videos_on_save": false, 
            "status": "(d."
        }
    }, 
    {
        "pk": 34, 
        "model": "filer.video", 
        "fields": {
            "encode_on_save": false, 
            "delete_encoded_videos_on_save": false, 
            "status": "(d."
        }
    }, 
    {
        "pk": 35, 
        "model": "filer.video", 
        "fields": {
            "encode_on_save": false, 
            "delete_encoded_videos_on_save": false, 
            "status": "(d."
        }
    }
]